Geo,Year,D4c
48039660100,2019,0.005948565
48039660200,2019,4.47762E-05
48039660301,2019,0
48039660302,2019,0
48039660303,2019,0
48039660401,2019,0
48039660402,2019,0
48039660403,2019,8.88565E-05
48039660501,2019,2.87462E-05
48039660502,2019,0
48039660503,2019,0
48039660504,2019,0
48039660603,2019,3.43522E-05
48039660604,2019,0.000681662
48039660605,2019,0.000247256
48039660606,2019,0
48039660607,2019,0
48039660608,2019,5.95224E-06
48039660609,2019,0
48039660610,2019,0
48039660611,2019,2.60418E-05
48039660612,2019,0
48039660613,2019,0
48039660614,2019,0
48039660615,2019,0
48039660616,2019,0
48039660703,2019,0
48039660704,2019,0
48039660705,2019,0
48039660706,2019,0
48039660707,2019,0
48039660708,2019,0
48039660803,2019,0
48039660804,2019,0
48039660805,2019,0
48039660806,2019,0
48039660901,2019,0
48039660902,2019,0
48039661000,2019,0
48039661100,2019,0
48039661200,2019,0
48039661300,2019,0
48039661400,2019,0
48039661501,2019,0
48039661502,2019,0
48039661601,2019,0
48039661602,2019,0
48039661700,2019,0
48039661800,2019,0
48039661901,2019,0
48039661902,2019,0
48039662000,2019,0
48039662100,2019,0
48039662200,2019,0
48039662300,2019,0
48039662400,2019,0
48039662500,2019,0
48039662600,2019,0
48039662700,2019,0
48039662800,2019,0
48039662900,2019,0
48039663000,2019,0
48039663100,2019,0
48039663200,2019,0
48039663300,2019,0
48039663400,2019,0
48039663500,2019,0
48039663600,2019,0
48039663700,2019,0
48039663800,2019,0
48039663900,2019,0
48039664000,2019,0
48039664100,2019,0
48039664200,2019,0
48039664300,2019,0
48039664400,2019,0
48039664501,2019,0
48039990000,2019,0
48071710100,2019,0
48071710201,2019,0
48071710202,2019,0
48071710300,2019,0
48071710401,2019,0
48071710500,2019,0
48071710600,2019,0
48071990000,2019,0
48157670101,2019,5.294397587
48157670102,2019,3.298871848
48157670201,2019,4.026547539
48157670202,2019,5.621616865
48157670300,2019,2.567482041
48157670400,2019,11.94906767
48157670500,2019,80.31070314
48157670602,2019,17.76694211
48157670603,2019,5.618701157
48157670604,2019,2.7375567
48157670700,2019,70.72000589
48157670801,2019,0.001094881
48157670802,2019,0.319391279
48157670803,2019,14.04324264
48157670804,2019,30.32053467
48157670902,2019,0.896361452
48157670903,2019,0.824788971
48157670904,2019,0.180976836
48157671001,2019,0
48157671002,2019,1.500719931
48157671101,2019,0.000580361
48157671102,2019,4.4697E-07
48157671200,2019,0.296202133
48157671300,2019,0.046832936
48157671401,2019,0
48157671402,2019,0
48157671501,2019,0
48157671502,2019,0
48157671601,2019,0
48157671602,2019,0
48157671700,2019,0
48157671800,2019,0.130394278
48157671900,2019,0.002403431
48157672002,2019,1.08822E-06
48157672003,2019,8.44756E-11
48157672004,2019,2.36808E-05
48157672100,2019,0
48157672201,2019,0
48157672202,2019,0
48157672303,2019,0
48157672304,2019,0
48157672305,2019,0
48157672306,2019,0
48157672401,2019,0.00021056
48157672402,2019,1.31175E-05
48157672500,2019,0.9599528
48157672602,2019,0.000875668
48157672603,2019,0.00701327
48157672604,2019,0.21673304
48157672701,2019,3.30628E-05
48157672702,2019,0
48157672703,2019,3.11017E-05
48157672801,2019,0
48157672802,2019,0
48157672901,2019,0
48157672902,2019,0
48157672903,2019,0
48157672904,2019,0
48157672905,2019,1.55102E-07
48157672906,2019,0
48157672907,2019,0
48157673004,2019,0
48157673005,2019,0.002006405
48157673006,2019,0
48157673007,2019,2.15169E-06
48157673008,2019,0
48157673009,2019,0
48157673010,2019,0
48157673103,2019,0.64157542
48157673104,2019,0
48157673105,2019,0
48157673106,2019,0
48157673107,2019,0.21069678
48157673108,2019,2.20203E-06
48157673109,2019,0
48157673110,2019,0
48157673111,2019,0
48157673112,2019,0
48157673113,2019,0
48157673201,2019,0
48157673202,2019,0
48157673300,2019,0
48157673401,2019,0
48157673402,2019,0
48157673403,2019,0
48157673404,2019,0
48157673501,2019,0
48157673502,2019,0
48157673600,2019,0
48157673700,2019,0
48157673801,2019,0
48157673802,2019,0
48157673902,2019,0
48157673903,2019,0
48157673904,2019,0
48157674001,2019,0
48157674002,2019,0
48157674100,2019,0
48157674200,2019,0
48157674301,2019,7.15712E-07
48157674302,2019,0.049141908
48157674401,2019,0
48157674402,2019,0
48157674403,2019,0
48157674404,2019,4.907851454
48157674503,2019,1.571506289
48157674504,2019,0.000175694
48157674505,2019,0.013973643
48157674506,2019,0.203742366
48157674507,2019,81.93186719
48157674508,2019,41.87055996
48157674601,2019,0
48157674602,2019,0.011488754
48157674603,2019,0
48157674604,2019,0
48157674701,2019,0
48157674702,2019,0
48157674800,2019,0
48157674900,2019,0
48157675000,2019,0
48157675101,2019,0
48157675102,2019,0
48157675200,2019,0
48157675300,2019,0
48157675401,2019,0
48157675402,2019,0
48157675501,2019,0
48157675502,2019,0
48157675503,2019,0
48157675600,2019,0
48157675701,2019,0
48157675702,2019,0
48157675800,2019,0
48167720100,2019,0.016731218
48167720200,2019,0.00014764
48167720301,2019,0
48167720302,2019,0
48167720400,2019,0
48167720501,2019,0
48167720504,2019,0
48167720505,2019,0
48167720506,2019,0
48167720507,2019,0
48167720508,2019,0
48167720509,2019,0
48167720510,2019,0
48167720511,2019,0
48167720512,2019,0
48167720601,2019,0
48167720602,2019,0
48167720603,2019,0
48167720604,2019,0
48167720605,2019,0
48167720701,2019,0
48167720702,2019,0
48167720703,2019,0
48167720800,2019,0
48167720900,2019,0
48167721000,2019,0
48167721101,2019,0
48167721102,2019,0
48167721103,2019,0
48167721203,2019,0
48167721204,2019,0
48167721205,2019,0
48167721206,2019,0
48167721207,2019,0
48167721208,2019,0
48167721209,2019,0
48167721210,2019,0
48167721211,2019,0
48167721301,2019,2.97857E-05
48167721302,2019,4.93945E-05
48167721401,2019,0
48167721402,2019,0
48167721403,2019,0
48167721501,2019,0
48167721502,2019,0
48167721503,2019,0
48167721600,2019,0
48167721701,2019,0
48167721702,2019,0
48167721703,2019,0
48167721800,2019,0
48167721901,2019,0
48167721902,2019,0
48167722001,2019,0
48167722002,2019,0
48167722100,2019,0
48167722200,2019,0
48167722300,2019,0
48167722600,2019,0
48167722700,2019,0
48167722800,2019,0
48167722900,2019,0
48167723000,2019,0
48167723100,2019,0
48167723200,2019,0
48167723300,2019,0
48167723401,2019,0
48167723402,2019,0
48167723403,2019,0
48167723501,2019,0
48167723503,2019,0
48167723504,2019,0
48167723505,2019,0
48167723600,2019,0
48167723700,2019,0
48167723800,2019,0
48167723900,2019,0
48167724000,2019,0
48167724101,2019,0
48167724200,2019,0
48167724300,2019,0
48167724400,2019,0
48167724500,2019,0
48167724600,2019,0
48167724700,2019,0
48167724800,2019,0
48167724900,2019,0
48167725000,2019,0
48167725100,2019,0
48167725200,2019,0
48167725300,2019,0
48167725400,2019,0
48167725500,2019,0
48167725600,2019,0
48167725700,2019,0
48167725800,2019,0
48167725900,2019,0
48167726000,2019,0
48167726101,2019,0
48167726102,2019,0
48167726200,2019,0
48167990000,2019,0
48167990100,2019,0
48201100001,2019,20961.91376
48201210400,2019,41.22410858
48201210500,2019,39.32984894
48201210600,2019,60.28883058
48201210700,2019,10.79968635
48201210800,2019,82.96318303
48201210900,2019,16.36132051
48201211000,2019,14.15697424
48201211101,2019,13.4374567
48201211102,2019,11.64274474
48201211200,2019,15.03543427
48201211301,2019,19.48273733
48201211302,2019,32.92232492
48201211400,2019,70.4421751
48201211501,2019,38.47009367
48201211502,2019,105.160556
48201211600,2019,48.34484709
48201211700,2019,38.0884875
48201211900,2019,6.285297972
48201212300,2019,208.3741872
48201212400,2019,85.60476723
48201212500,2019,78.5761763
48201220100,2019,40.42514653
48201220200,2019,27.8706807
48201220300,2019,10.80075528
48201220400,2019,33.22177549
48201220500,2019,158.3665516
48201220600,2019,19.9540825
48201220701,2019,12.5580411
48201220702,2019,21.2256739
48201220800,2019,16.62820281
48201220900,2019,30.00390076
48201221000,2019,25.74924977
48201221100,2019,6.116006637
48201221200,2019,10.32653645
48201221301,2019,27.70401151
48201221302,2019,2.972061514
48201221400,2019,9.412702928
48201221501,2019,17.46446922
48201221502,2019,7.662495006
48201221601,2019,6.599139701
48201221602,2019,85.38890396
48201221701,2019,10.83700958
48201221702,2019,3.994149009
48201221800,2019,3.073598113
48201221900,2019,4.887382868
48201222000,2019,5.771714928
48201222100,2019,8.408335209
48201222200,2019,9.413482817
48201222300,2019,6.88808782
48201222401,2019,22.92001702
48201222402,2019,6.466124293
48201222501,2019,9.002914852
48201222502,2019,8.230627771
48201222504,2019,1.973058423
48201222505,2019,14.83984113
48201222601,2019,16.25399125
48201222602,2019,20.99290704
48201222701,2019,3.741188216
48201222702,2019,17.0530717
48201222800,2019,0.498769101
48201222900,2019,3.634007236
48201223001,2019,13.8431409
48201223002,2019,4.009075314
48201223100,2019,25.73571656
48201230100,2019,75.67318017
48201230200,2019,97.11095596
48201230300,2019,11.23755262
48201230400,2019,39.11014863
48201230500,2019,53.75080859
48201230600,2019,11.55446122
48201230700,2019,21.73204135
48201230800,2019,4.090948822
48201230900,2019,6.822274078
48201231000,2019,12.96673046
48201231100,2019,13.39011789
48201231200,2019,39.14577677
48201231300,2019,31.01245556
48201231400,2019,5.941378846
48201231500,2019,1.913538653
48201231600,2019,2.367696496
48201231700,2019,15.80973638
48201231800,2019,8.906988959
48201231900,2019,7.571287315
48201232000,2019,1.633144759
48201232100,2019,9.489007966
48201232201,2019,8.587448478
48201232202,2019,0.915510963
48201232203,2019,0.002423799
48201232303,2019,0.151515747
48201232304,2019,0.276675419
48201232305,2019,0
48201232306,2019,9.93874E-05
48201232402,2019,0.000747911
48201232403,2019,0.394518986
48201232404,2019,1.61235E-05
48201232405,2019,0.092289137
48201232500,2019,15.54233387
48201232600,2019,37.49055391
48201232701,2019,19.89398303
48201232703,2019,1.736718155
48201232704,2019,14.6988085
48201232801,2019,1.062331617
48201232802,2019,8.176469568
48201232901,2019,3.116671681
48201232902,2019,0.532208201
48201233001,2019,0.248296411
48201233002,2019,0.196033465
48201233003,2019,0.115278125
48201233101,2019,0.783457503
48201233103,2019,0.513993105
48201233104,2019,0.008444156
48201233105,2019,0.017363809
48201233200,2019,3.048474924
48201233300,2019,15.9430163
48201233400,2019,5.870637236
48201233501,2019,0.037419744
48201233502,2019,0.223305225
48201233600,2019,2.584385704
48201233701,2019,2.287836701
48201233702,2019,0.019461563
48201233703,2019,0.756604847
48201240101,2019,33.50381281
48201240102,2019,81.8984099
48201240400,2019,67.59941636
48201240503,2019,2.882752765
48201240504,2019,5.744620566
48201240505,2019,1.209107274
48201240506,2019,9.5018911
48201240600,2019,21.74700465
48201240703,2019,10.98872713
48201240704,2019,10.14787989
48201240705,2019,19.39250753
48201240706,2019,10.30177861
48201240707,2019,8.813191162
48201240802,2019,19.98653579
48201240803,2019,10.89930531
48201240804,2019,4.847741118
48201240903,2019,0.186407746
48201240904,2019,11.5711062
48201240905,2019,0.023490953
48201240906,2019,0.040557464
48201241001,2019,0.079684193
48201241002,2019,0.000713106
48201241101,2019,1.69703E-05
48201241103,2019,0.093433
48201241104,2019,3.89237E-05
48201241105,2019,3.49773E-05
48201241201,2019,0.036311123
48201241202,2019,0.021409951
48201241301,2019,0
48201241302,2019,0.167367313
48201241400,2019,0
48201241501,2019,0.144911777
48201241502,2019,5.964467316
48201241503,2019,42.77187273
48201250101,2019,0.19171503
48201250102,2019,1.09555E-05
48201250201,2019,0
48201250202,2019,0.001083319
48201250303,2019,0
48201250304,2019,0
48201250305,2019,1.16113E-05
48201250306,2019,0
48201250403,2019,0
48201250404,2019,0
48201250405,2019,0
48201250406,2019,1.34118E-07
48201250407,2019,0
48201250408,2019,0
48201250500,2019,0.005211342
48201250601,2019,0.103165597
48201250602,2019,0.053403663
48201250701,2019,42.77092248
48201250702,2019,0.007308491
48201250801,2019,0
48201250802,2019,0.001820108
48201250901,2019,0.058439492
48201250902,2019,0.002877492
48201251000,2019,0.040118985
48201251100,2019,0.489829627
48201251200,2019,0.00305866
48201251300,2019,3.431735613
48201251401,2019,0
48201251402,2019,0.031426624
48201251501,2019,0.002261477
48201251503,2019,0.000301289
48201251504,2019,1.600307914
48201251505,2019,1.411285345
48201251600,2019,0
48201251701,2019,0
48201251702,2019,0
48201251800,2019,0
48201251902,2019,0
48201251903,2019,0
48201251904,2019,0
48201252001,2019,0
48201252002,2019,0
48201252003,2019,0
48201252100,2019,0
48201252201,2019,0
48201252202,2019,0
48201252303,2019,3.17209E-05
48201252304,2019,9.90274E-06
48201252305,2019,0
48201252306,2019,0.000364445
48201252400,2019,0.032424457
48201252500,2019,14.22570825
48201252601,2019,7.29538E-05
48201252602,2019,2.1888E-07
48201252700,2019,0
48201252800,2019,0
48201252901,2019,0
48201252902,2019,0
48201253000,2019,0.030433275
48201253101,2019,0.019727934
48201253102,2019,0.017120642
48201253201,2019,0.339555948
48201253202,2019,13.01110117
48201253300,2019,4.67816E-05
48201253501,2019,0.035664344
48201253502,2019,0.006348578
48201253601,2019,4.55007E-05
48201253602,2019,0
48201253700,2019,0.026366391
48201253800,2019,0.003555046
48201253900,2019,0
48201254000,2019,0
48201254100,2019,0
48201254200,2019,0
48201254300,2019,0
48201254400,2019,0
48201254600,2019,0
48201254700,2019,0
48201254800,2019,0
48201310101,2019,588.8589329
48201310102,2019,207.7730868
48201310200,2019,868.1899071
48201310300,2019,460.5792573
48201310400,2019,73.89988784
48201310500,2019,93.63910843
48201310600,2019,61.60078036
48201310700,2019,27.00123075
48201310800,2019,47.40323117
48201310900,2019,64.47094238
48201311001,2019,10.26263859
48201311002,2019,14.63199398
48201311100,2019,28.88369454
48201311200,2019,9.807798437
48201311300,2019,8.888312165
48201311400,2019,14.50445325
48201311501,2019,3.994039966
48201311502,2019,12.83729352
48201311600,2019,2.636391466
48201311701,2019,18.84199486
48201311702,2019,19.96027058
48201311800,2019,38.38387798
48201311900,2019,153.2415357
48201312000,2019,188.8098079
48201312200,2019,42.3787242
48201312300,2019,117.856171
48201312400,2019,34.4525253
48201312501,2019,2094.326678
48201312502,2019,767.1374059
48201312601,2019,174.5778172
48201312602,2019,132.1101952
48201312603,2019,365.1640241
48201312700,2019,38.16696875
48201312800,2019,35.91927028
48201312901,2019,18.24487002
48201312902,2019,18.19196981
48201313000,2019,60.7868563
48201313101,2019,147.2302224
48201313102,2019,1840.713772
48201313201,2019,78.67302167
48201313202,2019,23.4811408
48201313300,2019,57.31061451
48201313400,2019,34.85300509
48201313500,2019,27.87725808
48201313600,2019,41.35154066
48201313700,2019,35.18851373
48201313801,2019,5.103616802
48201313802,2019,14.52244333
48201313901,2019,86.76171543
48201313902,2019,6.396514574
48201314001,2019,318.2441643
48201314003,2019,91.69822192
48201314004,2019,13.79779521
48201314005,2019,45.11224281
48201314301,2019,2.01848686
48201314302,2019,12.04003561
48201314401,2019,324.2546039
48201314402,2019,261.6097936
48201320100,2019,6.509849748
48201320201,2019,11.40931214
48201320202,2019,12.18239147
48201320500,2019,11.4185979
48201320601,2019,3.793879834
48201320602,2019,6.706968514
48201320700,2019,26.55411913
48201320800,2019,1.351619083
48201320901,2019,0.170363307
48201320902,2019,0.181178633
48201321001,2019,1.761824187
48201321002,2019,1.634016513
48201321101,2019,14.81465605
48201321102,2019,3.708240239
48201321200,2019,0.012275031
48201321301,2019,1.58568E-05
48201321302,2019,0.000140733
48201321401,2019,0.94145235
48201321402,2019,0.067045096
48201321500,2019,0.00070195
48201321600,2019,3.147502689
48201321700,2019,3.625589228
48201321800,2019,3.980098412
48201321900,2019,3.110320436
48201322000,2019,0.028001037
48201322100,2019,0.002441703
48201322200,2019,1.27501E-06
48201322600,2019,1.03127E-06
48201322701,2019,0
48201322702,2019,1.60957E-06
48201322800,2019,8.90765E-08
48201322900,2019,5.01467E-13
48201323000,2019,0
48201323100,2019,0
48201323200,2019,0
48201323300,2019,0
48201323400,2019,2.95063E-09
48201323500,2019,4.98572E-06
48201323601,2019,0
48201323602,2019,5.08423E-07
48201323701,2019,0
48201323702,2019,0
48201323801,2019,0
48201323802,2019,0
48201323900,2019,0
48201324000,2019,0.025930169
48201324101,2019,0.17953866
48201324102,2019,0.300928772
48201324200,2019,5.785039827
48201330101,2019,3.346040079
48201330102,2019,4.498875804
48201330200,2019,8.004747335
48201330301,2019,1.76094443
48201330302,2019,7.656541352
48201330303,2019,45.18011092
48201330400,2019,9.652825371
48201330500,2019,4.389696652
48201330600,2019,52.83101824
48201330700,2019,5.469195513
48201330801,2019,0.28043571
48201330802,2019,34.17997583
48201330901,2019,9.396486093
48201330902,2019,5.758596472
48201331100,2019,40.38779277
48201331200,2019,30.38028804
48201331300,2019,10.92374869
48201331400,2019,9.856728885
48201331501,2019,9.848902167
48201331502,2019,57.03189303
48201331602,2019,18.53210049
48201331603,2019,14.30698432
48201331604,2019,2.986656992
48201331700,2019,18.26722199
48201331800,2019,15.4333685
48201331900,2019,29.14783486
48201332000,2019,60.47217531
48201332100,2019,19.42275273
48201332200,2019,15.67882561
48201332300,2019,13.8009961
48201332400,2019,31.66386044
48201332500,2019,8.949342502
48201332600,2019,14.18510151
48201332700,2019,14.07534284
48201332800,2019,18.72439229
48201332900,2019,21.18405986
48201333000,2019,45.07304552
48201333100,2019,35.33007886
48201333201,2019,11.19715909
48201333203,2019,24.87224672
48201333204,2019,8.648035549
48201333205,2019,7.091981041
48201333301,2019,5.676194249
48201333302,2019,11.20169136
48201333501,2019,22.29733255
48201333502,2019,18.09631524
48201333600,2019,7.852748279
48201333700,2019,20.75259304
48201333801,2019,0.033862285
48201333802,2019,0.006414371
48201333903,2019,6.72576135
48201333904,2019,5.166198414
48201333905,2019,2.025524642
48201333906,2019,0.011601076
48201334001,2019,4.077723244
48201334002,2019,9.817148772
48201334003,2019,8.871223866
48201334101,2019,676.2408568
48201334102,2019,246.3760677
48201340101,2019,0.026033619
48201340102,2019,0.1175776
48201340201,2019,3.70679E-05
48201340202,2019,1.16781E-05
48201340203,2019,0
48201340301,2019,1.06734E-05
48201340302,2019,0
48201340400,2019,1.77208E-06
48201340501,2019,0.038617851
48201340502,2019,0.040141425
48201340600,2019,0.001785772
48201340701,2019,6.759556047
48201340702,2019,0.017833097
48201340800,2019,0.000133437
48201340900,2019,0.025013043
48201341001,2019,0.064870313
48201341002,2019,0.056707973
48201341101,2019,0.069008046
48201341102,2019,13.90112101
48201341201,2019,0.060039871
48201341203,2019,0.013147766
48201341204,2019,0
48201341302,2019,0.052921433
48201341303,2019,0.000385953
48201341304,2019,0.000233468
48201341400,2019,0
48201341501,2019,0
48201341502,2019,0
48201341600,2019,0
48201341700,2019,0
48201341800,2019,0
48201342001,2019,0
48201342002,2019,8.99975E-09
48201342100,2019,0
48201342200,2019,0
48201342300,2019,0
48201342400,2019,3.59127E-08
48201342500,2019,0
48201342700,2019,0
48201342801,2019,0
48201342802,2019,0
48201342900,2019,0
48201343000,2019,0
48201343100,2019,0
48201343200,2019,0
48201343301,2019,0
48201343302,2019,0
48201343601,2019,0.248063708
48201343602,2019,0
48201343700,2019,0
48201350101,2019,5.982109039
48201350102,2019,7.670229072
48201350103,2019,0.014589029
48201350104,2019,0.079651852
48201350201,2019,2.695578675
48201350202,2019,1.321804146
48201350300,2019,0.99599348
48201350400,2019,1.961977388
48201350500,2019,4.63892777
48201350601,2019,17.01808684
48201350603,2019,0.681758835
48201350604,2019,0.324772501
48201350700,2019,0.024261403
48201350801,2019,0.321870153
48201350803,2019,0.024691773
48201350804,2019,0.000533871
48201410101,2019,87.98508711
48201410102,2019,361.029276
48201410201,2019,41.19580295
48201410202,2019,37.89433795
48201410300,2019,42.1531987
48201410401,2019,14.11669582
48201410402,2019,26.43894534
48201410501,2019,25.35893557
48201410502,2019,80.8703673
48201410601,2019,2220.541551
48201410602,2019,1388.122457
48201410703,2019,19.31032781
48201410704,2019,29.34367175
48201410705,2019,26.82395413
48201410706,2019,125.8821798
48201410801,2019,13.42169036
48201410802,2019,15.99869871
48201410900,2019,76.49227456
48201411001,2019,30.13221963
48201411002,2019,19.0661646
48201411003,2019,23.72302996
48201411100,2019,37.211501
48201411200,2019,21.36759185
48201411301,2019,32.57655134
48201411302,2019,41.11623339
48201411400,2019,48.36633318
48201411503,2019,81.95789881
48201411504,2019,114.9049429
48201411505,2019,29.14914956
48201411506,2019,12.97312727
48201411507,2019,14.15170778
48201411600,2019,65.09584727
48201411700,2019,27.41502288
48201411801,2019,92.99535797
48201411802,2019,66.16789669
48201411901,2019,44.57295234
48201411902,2019,108.5545792
48201412000,2019,43.67305075
48201412201,2019,139.7221249
48201412202,2019,441.7960745
48201412300,2019,21.31232821
48201412400,2019,9.305555858
48201412500,2019,4.488717071
48201412600,2019,14.00633184
48201412700,2019,32.2119246
48201412800,2019,13.58624864
48201412901,2019,16.63076722
48201412902,2019,26.30577534
48201413000,2019,15.34404345
48201413100,2019,9.179955447
48201413203,2019,3.234271368
48201413204,2019,3.039056729
48201413205,2019,4.47748342
48201413206,2019,13.43527888
48201413301,2019,22.32316496
48201413302,2019,10.62260991
48201420100,2019,23.56092066
48201420200,2019,25.66109085
48201420300,2019,26.88734403
48201420400,2019,13.59410059
48201420500,2019,3.918789906
48201420600,2019,8.771049632
48201420700,2019,12.91083979
48201420800,2019,27.65367239
48201420900,2019,56.45823762
48201421000,2019,123.4821107
48201421101,2019,65.96071594
48201421103,2019,2.434442116
48201421104,2019,5.254395408
48201421203,2019,3.335950015
48201421204,2019,2.865000397
48201421205,2019,22.26782533
48201421206,2019,1.77648664
48201421301,2019,2.74261095
48201421302,2019,24.28552013
48201421401,2019,1.862113175
48201421402,2019,0.940300371
48201421403,2019,3.813853654
48201421501,2019,15.86675962
48201421502,2019,6.140936591
48201421601,2019,9.00501255
48201421602,2019,25.23234772
48201421700,2019,33.02818574
48201421801,2019,1.81209029
48201421802,2019,5.574928999
48201421900,2019,5.670618797
48201422000,2019,7.80734879
48201422100,2019,10.42376914
48201422200,2019,7.642369467
48201422302,2019,2.660910285
48201422303,2019,1.468052692
48201422304,2019,2.003476979
48201422403,2019,12.65645991
48201422404,2019,1.779903562
48201422405,2019,1.822491908
48201422406,2019,5.380023504
48201422501,2019,3.741085009
48201422502,2019,4.3154535
48201422601,2019,5.527343419
48201422602,2019,16.01218085
48201422701,2019,23.26174631
48201422702,2019,15.98426106
48201422800,2019,25.36901297
48201422900,2019,20.40701392
48201423001,2019,2.191749718
48201423002,2019,9.815226521
48201423100,2019,41.59062289
48201423201,2019,10.79050396
48201423203,2019,7.727575066
48201423204,2019,9.337117684
48201423301,2019,8.258601502
48201423303,2019,1.794576151
48201423304,2019,6.330647008
48201423401,2019,12.62013847
48201423402,2019,19.24314591
48201423500,2019,5.850036823
48201423600,2019,12.27307505
48201430101,2019,149.7297215
48201430102,2019,35.83150169
48201430200,2019,4.367302577
48201430300,2019,26.11414813
48201430400,2019,27.59859584
48201430500,2019,9.944745796
48201430600,2019,25.82381779
48201430700,2019,39.56449079
48201430800,2019,37.60180954
48201430900,2019,21.28184159
48201431001,2019,14.40371998
48201431002,2019,7.623160896
48201431101,2019,12.03043462
48201431102,2019,15.64148319
48201431203,2019,7.572731476
48201431204,2019,8.633538599
48201431205,2019,4.310694789
48201431206,2019,8.97313805
48201431302,2019,11.27126227
48201431303,2019,4.185230123
48201431304,2019,6.402632749
48201431401,2019,5.062636413
48201431403,2019,5.476685698
48201431404,2019,5.862300858
48201431503,2019,2.043129871
48201431504,2019,4.005641396
48201431505,2019,1.406080445
48201431506,2019,3.223228084
48201431600,2019,11.99039467
48201431701,2019,39.89398125
48201431702,2019,17.2549916
48201431801,2019,85.07989713
48201431803,2019,58.49074797
48201431804,2019,175.3701229
48201431901,2019,64.90354147
48201431902,2019,220.5963164
48201432003,2019,18.49180589
48201432004,2019,86.94663328
48201432005,2019,16.24318865
48201432006,2019,18.26689832
48201432101,2019,14.92534995
48201432102,2019,28.95529294
48201432200,2019,40.93490991
48201432301,2019,6.193877643
48201432302,2019,3.647712271
48201432303,2019,15.90923082
48201432401,2019,35.90906655
48201432402,2019,28.96141622
48201432501,2019,11.29195015
48201432502,2019,9.135704647
48201432600,2019,42.57545831
48201432703,2019,8.877371499
48201432704,2019,9.847969949
48201432705,2019,4.12470712
48201432706,2019,5.541857731
48201432803,2019,4.901237991
48201432804,2019,58.39772838
48201432805,2019,29.55848983
48201432806,2019,6.803707449
48201432901,2019,55.75298959
48201432903,2019,3.504022342
48201432904,2019,9.254458276
48201433003,2019,17.86774579
48201433004,2019,41.71853774
48201433005,2019,23.60636422
48201433006,2019,7.628987887
48201433007,2019,8.212150901
48201433100,2019,6.105890739
48201433201,2019,4.400735868
48201433202,2019,4.624078814
48201433300,2019,19.94354504
48201433400,2019,20.08296341
48201433503,2019,1.735275515
48201433504,2019,14.01303771
48201433505,2019,1.065965592
48201433506,2019,0.694338868
48201433507,2019,2.687663016
48201433601,2019,6.895361881
48201433602,2019,21.2055298
48201440101,2019,52.66770108
48201440102,2019,6.134068171
48201450100,2019,2.236199829
48201450200,2019,7.167121161
48201450301,2019,0.676743362
48201450302,2019,1.309487662
48201450401,2019,0.895219566
48201450402,2019,4.734594378
48201450500,2019,12.19258104
48201450600,2019,3.264781572
48201450700,2019,10.01105282
48201450801,2019,0.867212982
48201450803,2019,1.031087603
48201450804,2019,0.59414116
48201450900,2019,24.03568177
48201451003,2019,0.90534346
48201451004,2019,1.789936217
48201451005,2019,1.17576198
48201451006,2019,3.955130353
48201451100,2019,2.70901001
48201451200,2019,2.642590815
48201451301,2019,2.92065664
48201451302,2019,2.663069113
48201451401,2019,1.826956066
48201451404,2019,0.946208401
48201451405,2019,2.714438831
48201451406,2019,4.702109556
48201451407,2019,1.246412609
48201451501,2019,2.672884865
48201451502,2019,5.250142796
48201451603,2019,1.757986592
48201451604,2019,2.669895959
48201451605,2019,1.95600531
48201451606,2019,7.566700543
48201451700,2019,13.26980176
48201451800,2019,97.72447011
48201451902,2019,19.91726527
48201451903,2019,1.722894063
48201451904,2019,4.895238327
48201452001,2019,7.575422647
48201452002,2019,9.354853178
48201452101,2019,85.81868736
48201452102,2019,5.232201927
48201452103,2019,14.74361345
48201452202,2019,37.69376074
48201452203,2019,21.40619711
48201452204,2019,9.885879066
48201452300,2019,19.13960256
48201452401,2019,11.85942576
48201452402,2019,7.597267684
48201452501,2019,27.92372286
48201452502,2019,5.099438242
48201452601,2019,18.00251888
48201452602,2019,33.4569377
48201452701,2019,13.70771122
48201452702,2019,15.89655751
48201452703,2019,10.22293093
48201452801,2019,14.01682644
48201452802,2019,10.02335024
48201452900,2019,7.882252088
48201453001,2019,11.81165128
48201453002,2019,4.739781855
48201453100,2019,6.951527539
48201453201,2019,5.279298939
48201453202,2019,13.14797701
48201453300,2019,63.32563091
48201453401,2019,2.343899984
48201453403,2019,2.227883662
48201453404,2019,1.691010206
48201453405,2019,2.020124759
48201453501,2019,1.412492801
48201453502,2019,9.651213219
48201453601,2019,7.966813588
48201453603,2019,14.9925411
48201453604,2019,3.573622426
48201453701,2019,12.58704754
48201453702,2019,9.602701182
48201453800,2019,5.316291671
48201453901,2019,21.71790083
48201453902,2019,3.168215711
48201454000,2019,2.048327249
48201454100,2019,1.069014494
48201454200,2019,1.062408659
48201454302,2019,1.269511111
48201454303,2019,1.133645064
48201454304,2019,4.545787315
48201454305,2019,19.04874412
48201454400,2019,50.67816885
48201454502,2019,1.275459251
48201454503,2019,0.000215045
48201454504,2019,1.146645544
48201454505,2019,0.214871917
48201454600,2019,23.15187075
48201454700,2019,0.081613698
48201454801,2019,14.02065834
48201454802,2019,5.850284476
48201454901,2019,0
48201454902,2019,0
48201455000,2019,0.008738102
48201455102,2019,0.214158584
48201455103,2019,0.032086946
48201455104,2019,0.021102234
48201455200,2019,2.685331104
48201455300,2019,19.92056676
48201510100,2019,190.8840943
48201510201,2019,58.84917023
48201510202,2019,81.33582391
48201510301,2019,16.82705579
48201510302,2019,13.48689358
48201510400,2019,14.76198245
48201510500,2019,27.05213755
48201510601,2019,31.05594178
48201510602,2019,22.3366507
48201510701,2019,21.10590387
48201510702,2019,15.60493499
48201510801,2019,13.85645547
48201510802,2019,153.5446139
48201510803,2019,16.36362735
48201510901,2019,71.27966815
48201510902,2019,356.1251832
48201511001,2019,18.68813581
48201511003,2019,7.047236272
48201511004,2019,6.304142682
48201511100,2019,17.16888417
48201511201,2019,5.953934383
48201511202,2019,6.101786116
48201511301,2019,7.581942006
48201511302,2019,10.91447424
48201511400,2019,15.53745219
48201511501,2019,10.2218571
48201511502,2019,20.67973944
48201511600,2019,24.31102058
48201520100,2019,326.6319848
48201520200,2019,13.12961525
48201520301,2019,6.405138926
48201520302,2019,4.604141876
48201520400,2019,33.76474876
48201520501,2019,112.3232174
48201520502,2019,5.6256007
48201520601,2019,8.115485659
48201520603,2019,1.237201083
48201520604,2019,3.405431312
48201520700,2019,8.253467667
48201521000,2019,11.98878323
48201521100,2019,4.241178019
48201521201,2019,5.005709691
48201521202,2019,6.110663613
48201521300,2019,6.146982491
48201521401,2019,1.298745542
48201521402,2019,4.227369046
48201521501,2019,1.968667874
48201521502,2019,2.711499586
48201521600,2019,68.75767476
48201521701,2019,60.251705
48201521702,2019,8.890512275
48201521800,2019,63.21366877
48201521900,2019,17.26537922
48201522001,2019,2.399772326
48201522002,2019,1.881478399
48201522101,2019,1.251037433
48201522102,2019,1.953889079
48201522201,2019,2.950618694
48201522202,2019,3.221814574
48201522301,2019,11.19301106
48201522302,2019,20.74532422
48201522401,2019,12.41752856
48201522402,2019,6.732284674
48201522500,2019,19.93060897
48201530101,2019,4.252551259
48201530102,2019,14.81954714
48201530200,2019,27.46651497
48201530300,2019,19.18407618
48201530400,2019,23.14146474
48201530501,2019,11.4869687
48201530502,2019,13.42772964
48201530600,2019,54.12302135
48201530701,2019,20.00627882
48201530702,2019,23.28298332
48201530800,2019,51.1856996
48201530900,2019,4.506819776
48201531000,2019,7.259979631
48201531100,2019,3.4597405
48201531200,2019,6.3767358
48201531300,2019,15.75305979
48201531400,2019,9.788467718
48201531500,2019,15.53008983
48201531600,2019,8.347561384
48201531700,2019,6.874587405
48201531800,2019,20.14442657
48201531900,2019,13.70980922
48201532003,2019,8.665362899
48201532004,2019,10.11681605
48201532101,2019,11.72147395
48201532102,2019,5.14204329
48201532200,2019,19.52185915
48201532301,2019,8.979501152
48201532302,2019,19.5620371
48201532400,2019,2.83445987
48201532502,2019,0.764430656
48201532503,2019,0.000123573
48201532504,2019,0.00061081
48201532600,2019,7.191106039
48201532700,2019,4.519643531
48201532800,2019,7.338746118
48201532900,2019,6.412929959
48201533000,2019,6.546247575
48201533100,2019,11.02409759
48201533200,2019,18.17565894
48201533301,2019,20.80303176
48201533302,2019,10.82438643
48201533401,2019,9.927467432
48201533402,2019,23.7392525
48201533500,2019,59.53974214
48201533600,2019,17.82352257
48201533701,2019,34.49396702
48201533702,2019,4.77650029
48201533802,2019,16.65475074
48201533803,2019,19.72210642
48201533804,2019,36.47112959
48201533902,2019,7.784141375
48201533903,2019,7.960356522
48201533904,2019,1.872585536
48201534001,2019,18.87463756
48201534002,2019,8.4682785
48201534003,2019,4.100542338
48201534101,2019,0.199794726
48201534102,2019,0.026104312
48201534201,2019,0.006992931
48201534203,2019,28.2784642
48201534204,2019,0.08186767
48201534205,2019,0.003314449
48201540101,2019,9.201925268
48201540102,2019,0.52325804
48201540200,2019,9.138316682
48201540502,2019,0.021125264
48201540503,2019,0
48201540504,2019,0.00142438
48201540601,2019,3.27606E-05
48201540602,2019,1.70328E-06
48201540700,2019,0.073373896
48201540800,2019,0.302552489
48201540901,2019,2.55643E-06
48201540903,2019,0.004860008
48201540904,2019,1.85293E-07
48201541004,2019,0
48201541005,2019,4.11275E-06
48201541006,2019,0.003057162
48201541007,2019,0.00195172
48201541008,2019,0.002022044
48201541009,2019,0
48201541100,2019,0
48201541203,2019,0
48201541204,2019,0
48201541205,2019,0
48201541206,2019,0
48201541207,2019,0
48201541301,2019,0
48201541302,2019,0
48201541401,2019,0
48201541402,2019,0
48201541403,2019,0
48201541404,2019,0
48201541500,2019,0
48201541603,2019,4.48289E-05
48201541604,2019,0
48201541701,2019,0.039128851
48201541702,2019,4.389627711
48201541703,2019,0.144634318
48201541801,2019,0
48201541802,2019,0.00038264
48201541901,2019,0.000118291
48201541902,2019,8.42764E-08
48201542001,2019,0
48201542002,2019,0
48201542003,2019,0
48201542004,2019,0
48201542103,2019,0
48201542104,2019,0
48201542105,2019,0
48201542106,2019,0
48201542107,2019,0
48201542108,2019,0
48201542201,2019,0
48201542202,2019,0
48201542203,2019,0
48201542302,2019,0.000221901
48201542303,2019,1.85785E-07
48201542304,2019,0
48201542305,2019,1.54026E-07
48201542401,2019,0
48201542402,2019,0.041342087
48201542500,2019,14.02912168
48201542600,2019,13.63963495
48201542700,2019,0.043828049
48201542800,2019,0
48201542901,2019,0.043922429
48201542902,2019,0.03350178
48201543004,2019,1.599985766
48201543005,2019,0
48201543006,2019,0.001435727
48201543007,2019,19.80437037
48201543008,2019,0
48201543009,2019,0
48201543010,2019,0
48201543011,2019,0
48201543100,2019,0
48201543201,2019,12.64735734
48201543202,2019,67.72058367
48201550101,2019,7.568802852
48201550102,2019,19.73953083
48201550201,2019,3.440757456
48201550202,2019,9.654982751
48201550303,2019,11.72550169
48201550304,2019,3.3446748
48201550305,2019,4.857757762
48201550306,2019,6.50430447
48201550307,2019,6.34488878
48201550308,2019,7.863985496
48201550403,2019,12.34700689
48201550404,2019,2.926199381
48201550405,2019,3.333718736
48201550406,2019,3.629828978
48201550407,2019,3.616470452
48201550500,2019,2.951486409
48201550601,2019,0.021507037
48201550602,2019,5.505695855
48201550603,2019,6.638592701
48201550700,2019,20.85615281
48201550800,2019,6.514891569
48201550901,2019,2.433873971
48201550902,2019,2.206420036
48201551000,2019,3.935292878
48201551101,2019,12.42747395
48201551102,2019,2.663138074
48201551201,2019,2.987925519
48201551202,2019,2.15016503
48201551300,2019,0.128342383
48201551400,2019,23.91667913
48201551501,2019,16.67202852
48201551502,2019,8.376452479
48201551601,2019,0.18601322
48201551602,2019,0.012636168
48201551702,2019,1.16851E-06
48201551703,2019,0.000636265
48201551704,2019,0.001146175
48201551705,2019,0.002116093
48201551800,2019,0.148200121
48201551901,2019,0.691712406
48201551902,2019,2.508790317
48201552002,2019,0.037159346
48201552003,2019,0.388334233
48201552004,2019,4.205886903
48201552101,2019,0.000105506
48201552102,2019,9.61364E-09
48201552103,2019,0
48201552200,2019,1.967906394
48201552301,2019,0.002616131
48201552303,2019,0.040904397
48201552304,2019,0.000882533
48201552401,2019,0.002023998
48201552402,2019,2.87082E-05
48201552501,2019,0.017934052
48201552502,2019,0.246786827
48201552602,2019,5.09045164
48201552603,2019,9.182226815
48201552604,2019,11.8800319
48201552701,2019,11.21316776
48201552702,2019,5.107713328
48201552801,2019,2.641572922
48201552802,2019,4.85278065
48201552901,2019,1.719523242
48201552902,2019,2.56987216
48201553001,2019,5.369569205
48201553002,2019,3.915203909
48201553101,2019,1.441304166
48201553102,2019,1.181749681
48201553201,2019,5.026831948
48201553202,2019,3.960532378
48201553300,2019,2.567615546
48201553401,2019,0.126094844
48201553403,2019,5.56756E-08
48201553404,2019,0
48201553405,2019,5.37069E-08
48201553500,2019,0.021006298
48201553601,2019,0.00802327
48201553602,2019,0.037109264
48201553700,2019,0.040067741
48201553801,2019,6.55608E-06
48201553803,2019,0
48201553804,2019,0
48201553901,2019,0
48201554001,2019,0.026904647
48201554002,2019,0.013804018
48201554103,2019,0.006606012
48201554104,2019,0.004500624
48201554201,2019,1.476451845
48201554202,2019,4.649723418
48201554301,2019,4.37241855
48201554302,2019,0.003899179
48201554404,2019,0.080727627
48201554405,2019,0.266622697
48201554406,2019,9.10136E-05
48201554407,2019,22.0808006
48201554408,2019,2.322350919
48201554409,2019,22.56898262
48201554410,2019,14.8457552
48201554501,2019,0.001335233
48201554502,2019,1.84883E-10
48201554600,2019,0.001042743
48201554701,2019,2.816449064
48201554702,2019,0.456387787
48201554803,2019,0
48201554804,2019,0
48201554805,2019,0.003497654
48201554806,2019,0
48201554807,2019,0.134454671
48201554808,2019,1.31558E-05
48201554809,2019,0
48201554902,2019,0
48201554904,2019,0
48201554905,2019,0
48201554906,2019,0
48201554907,2019,0
48201554908,2019,0
48201555001,2019,0
48201555002,2019,0
48201555101,2019,0
48201555102,2019,0
48201555200,2019,0
48201555301,2019,0
48201555303,2019,0
48201555304,2019,0
48201555305,2019,0
48201555401,2019,0
48201555403,2019,0
48201555404,2019,0
48201555501,2019,0
48201555503,2019,6.48008E-08
48201555504,2019,8.22922E-06
48201555505,2019,0.000377496
48201555600,2019,0
48201555701,2019,0.058019356
48201555703,2019,0
48201555704,2019,0
48201556000,2019,0
48201556100,2019,0
48201980000,2019,112.0035699
48201980100,2019,49.28882626
48201980200,2019,333.8914388
48201980300,2019,44.45264155
48201980400,2019,79.38191483
48201980700,2019,8181.258999
48291700100,2019,0
48291700200,2019,0
48291700301,2019,0
48291700302,2019,0
48291700303,2019,0
48291700400,2019,0
48291700500,2019,0
48291700600,2019,0
48291700700,2019,0
48291700801,2019,0
48291700802,2019,0
48291700900,2019,0
48291701000,2019,0
48291701100,2019,0
48291701200,2019,0
48291701300,2019,0
48291701400,2019,0
48339690101,2019,0
48339690102,2019,0
48339690203,2019,0
48339690204,2019,0
48339690205,2019,0
48339690206,2019,0
48339690207,2019,0
48339690300,2019,0
48339690403,2019,0
48339690404,2019,0
48339690405,2019,0
48339690406,2019,0
48339690407,2019,0
48339690408,2019,0
48339690501,2019,9.06656E-09
48339690502,2019,0.000425534
48339690503,2019,0.00013541
48339690603,2019,0
48339690604,2019,0
48339690605,2019,0
48339690606,2019,0
48339690607,2019,0
48339690608,2019,1.28174E-08
48339690609,2019,6.704E-09
48339690610,2019,2.93242E-07
48339690701,2019,4.14943E-08
48339690702,2019,0
48339690800,2019,0
48339690900,2019,0
48339691000,2019,0
48339691100,2019,0
48339691201,2019,0
48339691202,2019,0
48339691301,2019,0
48339691302,2019,0
48339691401,2019,0
48339691402,2019,0
48339691403,2019,0
48339691500,2019,0
48339691601,2019,0
48339691602,2019,0
48339691700,2019,0
48339691801,2019,0
48339691802,2019,0
48339691900,2019,0
48339692003,2019,0
48339692004,2019,0
48339692005,2019,0
48339692006,2019,0
48339692007,2019,0
48339692008,2019,0
48339692009,2019,0
48339692010,2019,0.061450596
48339692101,2019,1.93551E-08
48339692102,2019,0
48339692103,2019,0
48339692201,2019,0
48339692202,2019,0
48339692301,2019,0
48339692302,2019,0
48339692303,2019,7.97259E-07
48339692304,2019,0
48339692401,2019,0
48339692402,2019,0
48339692501,2019,0
48339692502,2019,0
48339692601,2019,0
48339692603,2019,0
48339692604,2019,0
48339692605,2019,0
48339692701,2019,0
48339692702,2019,0
48339692802,2019,0
48339692803,2019,0
48339692804,2019,0
48339692900,2019,0
48339693001,2019,0
48339693002,2019,0
48339693102,2019,2.49473E-05
48339693103,2019,0.047956199
48339693104,2019,0
48339693201,2019,8.52541E-08
48339693202,2019,7.29476E-08
48339693301,2019,0.344152385
48339693302,2019,0.329328697
48339693303,2019,0.000267472
48339693304,2019,0.00746735
48339693401,2019,0.768604004
48339693402,2019,2.56441E-06
48339693501,2019,0.000977392
48339693502,2019,0.000243001
48339693503,2019,1.03192519
48339693600,2019,0.665810318
48339693701,2019,3.58388E-09
48339693702,2019,1.91748E-08
48339693703,2019,0.00074141
48339693800,2019,9.94757E-08
48339693901,2019,2.02092E-07
48339693902,2019,0
48339693903,2019,0.011323165
48339693904,2019,2.43538E-07
48339694001,2019,0
48339694002,2019,0
48339694103,2019,0
48339694104,2019,0
48339694105,2019,0
48339694106,2019,0
48339694107,2019,0
48339694203,2019,0
48339694204,2019,0
48339694205,2019,0
48339694206,2019,0
48339694207,2019,0
48339694208,2019,0
48339694209,2019,0
48339694210,2019,0
48339694303,2019,0
48339694304,2019,0
48339694305,2019,0
48339694306,2019,0
48339694307,2019,1.15728E-09
48339694308,2019,0
48339694309,2019,0
48339694401,2019,3.86302E-05
48339694402,2019,0
48339694403,2019,0
48339694501,2019,0
48339694502,2019,0
48339694503,2019,0.061789469
48339694601,2019,0
48339694602,2019,0
48339694603,2019,0
48339694700,2019,0
48473680100,2019,0
48473680201,2019,0
48473680202,2019,0
48473680301,2019,0
48473680302,2019,0
48473680303,2019,0
48473680501,2019,0
48473680502,2019,0
48473680601,2019,0
48473680602,2019,0
48473980000,2019,0
48039660100,2045,0.005948565
48039660200,2045,4.47762E-05
48039660301,2045,0
48039660302,2045,0
48039660303,2045,0
48039660401,2045,0
48039660402,2045,0
48039660403,2045,8.88565E-05
48039660501,2045,2.87462E-05
48039660502,2045,0
48039660503,2045,0
48039660504,2045,0
48039660603,2045,3.43522E-05
48039660604,2045,0.000681662
48039660605,2045,0.000247256
48039660606,2045,0
48039660607,2045,0
48039660608,2045,5.95224E-06
48039660609,2045,0
48039660610,2045,0
48039660611,2045,2.60418E-05
48039660612,2045,0
48039660613,2045,0
48039660614,2045,0
48039660615,2045,0
48039660616,2045,0
48039660703,2045,0
48039660704,2045,0
48039660705,2045,0
48039660706,2045,0
48039660707,2045,0
48039660708,2045,0
48039660803,2045,0
48039660804,2045,0
48039660805,2045,0
48039660806,2045,0
48039660901,2045,0
48039660902,2045,0
48039661000,2045,0
48039661100,2045,0
48039661200,2045,0
48039661300,2045,0
48039661400,2045,0
48039661501,2045,0
48039661502,2045,0
48039661601,2045,0
48039661602,2045,0
48039661700,2045,0
48039661800,2045,0
48039661901,2045,0
48039661902,2045,0
48039662000,2045,0
48039662100,2045,0
48039662200,2045,0
48039662300,2045,0
48039662400,2045,0
48039662500,2045,0
48039662600,2045,0
48039662700,2045,0
48039662800,2045,0
48039662900,2045,0
48039663000,2045,0
48039663100,2045,0
48039663200,2045,0
48039663300,2045,0
48039663400,2045,0
48039663500,2045,0
48039663600,2045,0
48039663700,2045,0
48039663800,2045,0
48039663900,2045,0
48039664000,2045,0
48039664100,2045,0
48039664200,2045,0
48039664300,2045,0
48039664400,2045,0
48039664501,2045,0
48039990000,2045,0
48071710100,2045,0
48071710201,2045,0
48071710202,2045,0
48071710300,2045,0
48071710401,2045,0
48071710500,2045,0
48071710600,2045,0
48071990000,2045,0
48157670101,2045,5.294397587
48157670102,2045,3.298871848
48157670201,2045,4.026547539
48157670202,2045,5.621616865
48157670300,2045,2.567482041
48157670400,2045,11.94906767
48157670500,2045,80.31070314
48157670602,2045,17.76694211
48157670603,2045,5.618701157
48157670604,2045,2.7375567
48157670700,2045,70.72000589
48157670801,2045,0.001094881
48157670802,2045,0.319391279
48157670803,2045,14.04324264
48157670804,2045,30.32053467
48157670902,2045,0.896361452
48157670903,2045,0.824788971
48157670904,2045,0.180976836
48157671001,2045,0
48157671002,2045,1.500719931
48157671101,2045,0.000580361
48157671102,2045,4.4697E-07
48157671200,2045,0.296202133
48157671300,2045,0.046832936
48157671401,2045,0
48157671402,2045,0
48157671501,2045,0
48157671502,2045,0
48157671601,2045,0
48157671602,2045,0
48157671700,2045,0
48157671800,2045,0.130394278
48157671900,2045,0.002403431
48157672002,2045,1.08822E-06
48157672003,2045,8.44756E-11
48157672004,2045,2.36808E-05
48157672100,2045,0
48157672201,2045,0
48157672202,2045,0
48157672303,2045,0
48157672304,2045,0
48157672305,2045,0
48157672306,2045,0
48157672401,2045,0.00021056
48157672402,2045,1.31175E-05
48157672500,2045,0.9599528
48157672602,2045,0.000875668
48157672603,2045,0.00701327
48157672604,2045,0.21673304
48157672701,2045,3.30628E-05
48157672702,2045,0
48157672703,2045,3.11017E-05
48157672801,2045,0
48157672802,2045,0
48157672901,2045,0
48157672902,2045,0
48157672903,2045,0
48157672904,2045,0
48157672905,2045,1.55102E-07
48157672906,2045,0
48157672907,2045,0
48157673004,2045,0
48157673005,2045,0.002006405
48157673006,2045,0
48157673007,2045,2.15169E-06
48157673008,2045,0
48157673009,2045,0
48157673010,2045,0
48157673103,2045,0.64157542
48157673104,2045,0
48157673105,2045,0
48157673106,2045,0
48157673107,2045,0.21069678
48157673108,2045,2.20203E-06
48157673109,2045,0
48157673110,2045,0
48157673111,2045,0
48157673112,2045,0
48157673113,2045,0
48157673201,2045,0
48157673202,2045,0
48157673300,2045,0
48157673401,2045,0
48157673402,2045,0
48157673403,2045,0
48157673404,2045,0
48157673501,2045,0
48157673502,2045,0
48157673600,2045,0
48157673700,2045,0
48157673801,2045,0
48157673802,2045,0
48157673902,2045,0
48157673903,2045,0
48157673904,2045,0
48157674001,2045,0
48157674002,2045,0
48157674100,2045,0
48157674200,2045,0
48157674301,2045,7.15712E-07
48157674302,2045,0.049141908
48157674401,2045,0
48157674402,2045,0
48157674403,2045,0
48157674404,2045,4.907851454
48157674503,2045,1.571506289
48157674504,2045,0.000175694
48157674505,2045,0.013973643
48157674506,2045,0.203742366
48157674507,2045,81.93186719
48157674508,2045,41.87055996
48157674601,2045,0
48157674602,2045,0.011488754
48157674603,2045,0
48157674604,2045,0
48157674701,2045,0
48157674702,2045,0
48157674800,2045,0
48157674900,2045,0
48157675000,2045,0
48157675101,2045,0
48157675102,2045,0
48157675200,2045,0
48157675300,2045,0
48157675401,2045,0
48157675402,2045,0
48157675501,2045,0
48157675502,2045,0
48157675503,2045,0
48157675600,2045,0
48157675701,2045,0
48157675702,2045,0
48157675800,2045,0
48167720100,2045,0.016731218
48167720200,2045,0.00014764
48167720301,2045,0
48167720302,2045,0
48167720400,2045,0
48167720501,2045,0
48167720504,2045,0
48167720505,2045,0
48167720506,2045,0
48167720507,2045,0
48167720508,2045,0
48167720509,2045,0
48167720510,2045,0
48167720511,2045,0
48167720512,2045,0
48167720601,2045,0
48167720602,2045,0
48167720603,2045,0
48167720604,2045,0
48167720605,2045,0
48167720701,2045,0
48167720702,2045,0
48167720703,2045,0
48167720800,2045,0
48167720900,2045,0
48167721000,2045,0
48167721101,2045,0
48167721102,2045,0
48167721103,2045,0
48167721203,2045,0
48167721204,2045,0
48167721205,2045,0
48167721206,2045,0
48167721207,2045,0
48167721208,2045,0
48167721209,2045,0
48167721210,2045,0
48167721211,2045,0
48167721301,2045,2.97857E-05
48167721302,2045,4.93945E-05
48167721401,2045,0
48167721402,2045,0
48167721403,2045,0
48167721501,2045,0
48167721502,2045,0
48167721503,2045,0
48167721600,2045,0
48167721701,2045,0
48167721702,2045,0
48167721703,2045,0
48167721800,2045,0
48167721901,2045,0
48167721902,2045,0
48167722001,2045,0
48167722002,2045,0
48167722100,2045,0
48167722200,2045,0
48167722300,2045,0
48167722600,2045,0
48167722700,2045,0
48167722800,2045,0
48167722900,2045,0
48167723000,2045,0
48167723100,2045,0
48167723200,2045,0
48167723300,2045,0
48167723401,2045,0
48167723402,2045,0
48167723403,2045,0
48167723501,2045,0
48167723503,2045,0
48167723504,2045,0
48167723505,2045,0
48167723600,2045,0
48167723700,2045,0
48167723800,2045,0
48167723900,2045,0
48167724000,2045,0
48167724101,2045,0
48167724200,2045,0
48167724300,2045,0
48167724400,2045,0
48167724500,2045,0
48167724600,2045,0
48167724700,2045,0
48167724800,2045,0
48167724900,2045,0
48167725000,2045,0
48167725100,2045,0
48167725200,2045,0
48167725300,2045,0
48167725400,2045,0
48167725500,2045,0
48167725600,2045,0
48167725700,2045,0
48167725800,2045,0
48167725900,2045,0
48167726000,2045,0
48167726101,2045,0
48167726102,2045,0
48167726200,2045,0
48167990000,2045,0
48167990100,2045,0
48201100001,2045,20961.91376
48201210400,2045,41.22410858
48201210500,2045,39.32984894
48201210600,2045,60.28883058
48201210700,2045,10.79968635
48201210800,2045,82.96318303
48201210900,2045,16.36132051
48201211000,2045,14.15697424
48201211101,2045,13.4374567
48201211102,2045,11.64274474
48201211200,2045,15.03543427
48201211301,2045,19.48273733
48201211302,2045,32.92232492
48201211400,2045,70.4421751
48201211501,2045,38.47009367
48201211502,2045,105.160556
48201211600,2045,48.34484709
48201211700,2045,38.0884875
48201211900,2045,6.285297972
48201212300,2045,208.3741872
48201212400,2045,85.60476723
48201212500,2045,78.5761763
48201220100,2045,40.42514653
48201220200,2045,27.8706807
48201220300,2045,10.80075528
48201220400,2045,33.22177549
48201220500,2045,158.3665516
48201220600,2045,19.9540825
48201220701,2045,12.5580411
48201220702,2045,21.2256739
48201220800,2045,16.62820281
48201220900,2045,30.00390076
48201221000,2045,25.74924977
48201221100,2045,6.116006637
48201221200,2045,10.32653645
48201221301,2045,27.70401151
48201221302,2045,2.972061514
48201221400,2045,9.412702928
48201221501,2045,17.46446922
48201221502,2045,7.662495006
48201221601,2045,6.599139701
48201221602,2045,85.38890396
48201221701,2045,10.83700958
48201221702,2045,3.994149009
48201221800,2045,3.073598113
48201221900,2045,4.887382868
48201222000,2045,5.771714928
48201222100,2045,8.408335209
48201222200,2045,9.413482817
48201222300,2045,6.88808782
48201222401,2045,22.92001702
48201222402,2045,6.466124293
48201222501,2045,9.002914852
48201222502,2045,8.230627771
48201222504,2045,1.973058423
48201222505,2045,14.83984113
48201222601,2045,16.25399125
48201222602,2045,20.99290704
48201222701,2045,3.741188216
48201222702,2045,17.0530717
48201222800,2045,0.498769101
48201222900,2045,3.634007236
48201223001,2045,13.8431409
48201223002,2045,4.009075314
48201223100,2045,25.73571656
48201230100,2045,75.67318017
48201230200,2045,97.11095596
48201230300,2045,11.23755262
48201230400,2045,39.11014863
48201230500,2045,53.75080859
48201230600,2045,11.55446122
48201230700,2045,21.73204135
48201230800,2045,4.090948822
48201230900,2045,6.822274078
48201231000,2045,12.96673046
48201231100,2045,13.39011789
48201231200,2045,39.14577677
48201231300,2045,31.01245556
48201231400,2045,5.941378846
48201231500,2045,1.913538653
48201231600,2045,2.367696496
48201231700,2045,15.80973638
48201231800,2045,8.906988959
48201231900,2045,7.571287315
48201232000,2045,1.633144759
48201232100,2045,9.489007966
48201232201,2045,8.587448478
48201232202,2045,0.915510963
48201232203,2045,0.002423799
48201232303,2045,0.151515747
48201232304,2045,0.276675419
48201232305,2045,0
48201232306,2045,9.93874E-05
48201232402,2045,0.000747911
48201232403,2045,0.394518986
48201232404,2045,1.61235E-05
48201232405,2045,0.092289137
48201232500,2045,15.54233387
48201232600,2045,37.49055391
48201232701,2045,19.89398303
48201232703,2045,1.736718155
48201232704,2045,14.6988085
48201232801,2045,1.062331617
48201232802,2045,8.176469568
48201232901,2045,3.116671681
48201232902,2045,0.532208201
48201233001,2045,0.248296411
48201233002,2045,0.196033465
48201233003,2045,0.115278125
48201233101,2045,0.783457503
48201233103,2045,0.513993105
48201233104,2045,0.008444156
48201233105,2045,0.017363809
48201233200,2045,3.048474924
48201233300,2045,15.9430163
48201233400,2045,5.870637236
48201233501,2045,0.037419744
48201233502,2045,0.223305225
48201233600,2045,2.584385704
48201233701,2045,2.287836701
48201233702,2045,0.019461563
48201233703,2045,0.756604847
48201240101,2045,33.50381281
48201240102,2045,81.8984099
48201240400,2045,67.59941636
48201240503,2045,2.882752765
48201240504,2045,5.744620566
48201240505,2045,1.209107274
48201240506,2045,9.5018911
48201240600,2045,21.74700465
48201240703,2045,10.98872713
48201240704,2045,10.14787989
48201240705,2045,19.39250753
48201240706,2045,10.30177861
48201240707,2045,8.813191162
48201240802,2045,19.98653579
48201240803,2045,10.89930531
48201240804,2045,4.847741118
48201240903,2045,0.186407746
48201240904,2045,11.5711062
48201240905,2045,0.023490953
48201240906,2045,0.040557464
48201241001,2045,0.079684193
48201241002,2045,0.000713106
48201241101,2045,1.69703E-05
48201241103,2045,0.093433
48201241104,2045,3.89237E-05
48201241105,2045,3.49773E-05
48201241201,2045,0.036311123
48201241202,2045,0.021409951
48201241301,2045,0
48201241302,2045,0.167367313
48201241400,2045,0
48201241501,2045,0.144911777
48201241502,2045,5.964467316
48201241503,2045,42.77187273
48201250101,2045,0.19171503
48201250102,2045,1.09555E-05
48201250201,2045,0
48201250202,2045,0.001083319
48201250303,2045,0
48201250304,2045,0
48201250305,2045,1.16113E-05
48201250306,2045,0
48201250403,2045,0
48201250404,2045,0
48201250405,2045,0
48201250406,2045,1.34118E-07
48201250407,2045,0
48201250408,2045,0
48201250500,2045,0.005211342
48201250601,2045,0.103165597
48201250602,2045,0.053403663
48201250701,2045,42.77092248
48201250702,2045,0.007308491
48201250801,2045,0
48201250802,2045,0.001820108
48201250901,2045,0.058439492
48201250902,2045,0.002877492
48201251000,2045,0.040118985
48201251100,2045,0.489829627
48201251200,2045,0.00305866
48201251300,2045,3.431735613
48201251401,2045,0
48201251402,2045,0.031426624
48201251501,2045,0.002261477
48201251503,2045,0.000301289
48201251504,2045,1.600307914
48201251505,2045,1.411285345
48201251600,2045,0
48201251701,2045,0
48201251702,2045,0
48201251800,2045,0
48201251902,2045,0
48201251903,2045,0
48201251904,2045,0
48201252001,2045,0
48201252002,2045,0
48201252003,2045,0
48201252100,2045,0
48201252201,2045,0
48201252202,2045,0
48201252303,2045,3.17209E-05
48201252304,2045,9.90274E-06
48201252305,2045,0
48201252306,2045,0.000364445
48201252400,2045,0.032424457
48201252500,2045,14.22570825
48201252601,2045,7.29538E-05
48201252602,2045,2.1888E-07
48201252700,2045,0
48201252800,2045,0
48201252901,2045,0
48201252902,2045,0
48201253000,2045,0.030433275
48201253101,2045,0.019727934
48201253102,2045,0.017120642
48201253201,2045,0.339555948
48201253202,2045,13.01110117
48201253300,2045,4.67816E-05
48201253501,2045,0.035664344
48201253502,2045,0.006348578
48201253601,2045,4.55007E-05
48201253602,2045,0
48201253700,2045,0.026366391
48201253800,2045,0.003555046
48201253900,2045,0
48201254000,2045,0
48201254100,2045,0
48201254200,2045,0
48201254300,2045,0
48201254400,2045,0
48201254600,2045,0
48201254700,2045,0
48201254800,2045,0
48201310101,2045,588.8589329
48201310102,2045,207.7730868
48201310200,2045,868.1899071
48201310300,2045,460.5792573
48201310400,2045,73.89988784
48201310500,2045,93.63910843
48201310600,2045,61.60078036
48201310700,2045,27.00123075
48201310800,2045,47.40323117
48201310900,2045,64.47094238
48201311001,2045,10.26263859
48201311002,2045,14.63199398
48201311100,2045,28.88369454
48201311200,2045,9.807798437
48201311300,2045,8.888312165
48201311400,2045,14.50445325
48201311501,2045,3.994039966
48201311502,2045,12.83729352
48201311600,2045,2.636391466
48201311701,2045,18.84199486
48201311702,2045,19.96027058
48201311800,2045,38.38387798
48201311900,2045,153.2415357
48201312000,2045,188.8098079
48201312200,2045,42.3787242
48201312300,2045,117.856171
48201312400,2045,34.4525253
48201312501,2045,2094.326678
48201312502,2045,767.1374059
48201312601,2045,174.5778172
48201312602,2045,132.1101952
48201312603,2045,365.1640241
48201312700,2045,38.16696875
48201312800,2045,35.91927028
48201312901,2045,18.24487002
48201312902,2045,18.19196981
48201313000,2045,60.7868563
48201313101,2045,147.2302224
48201313102,2045,1840.713772
48201313201,2045,78.67302167
48201313202,2045,23.4811408
48201313300,2045,57.31061451
48201313400,2045,34.85300509
48201313500,2045,27.87725808
48201313600,2045,41.35154066
48201313700,2045,35.18851373
48201313801,2045,5.103616802
48201313802,2045,14.52244333
48201313901,2045,86.76171543
48201313902,2045,6.396514574
48201314001,2045,318.2441643
48201314003,2045,91.69822192
48201314004,2045,13.79779521
48201314005,2045,45.11224281
48201314301,2045,2.01848686
48201314302,2045,12.04003561
48201314401,2045,324.2546039
48201314402,2045,261.6097936
48201320100,2045,6.509849748
48201320201,2045,11.40931214
48201320202,2045,12.18239147
48201320500,2045,11.4185979
48201320601,2045,3.793879834
48201320602,2045,6.706968514
48201320700,2045,26.55411913
48201320800,2045,1.351619083
48201320901,2045,0.170363307
48201320902,2045,0.181178633
48201321001,2045,1.761824187
48201321002,2045,1.634016513
48201321101,2045,14.81465605
48201321102,2045,3.708240239
48201321200,2045,0.012275031
48201321301,2045,1.58568E-05
48201321302,2045,0.000140733
48201321401,2045,0.94145235
48201321402,2045,0.067045096
48201321500,2045,0.00070195
48201321600,2045,3.147502689
48201321700,2045,3.625589228
48201321800,2045,3.980098412
48201321900,2045,3.110320436
48201322000,2045,0.028001037
48201322100,2045,0.002441703
48201322200,2045,1.27501E-06
48201322600,2045,1.03127E-06
48201322701,2045,0
48201322702,2045,1.60957E-06
48201322800,2045,8.90765E-08
48201322900,2045,5.01467E-13
48201323000,2045,0
48201323100,2045,0
48201323200,2045,0
48201323300,2045,0
48201323400,2045,2.95063E-09
48201323500,2045,4.98572E-06
48201323601,2045,0
48201323602,2045,5.08423E-07
48201323701,2045,0
48201323702,2045,0
48201323801,2045,0
48201323802,2045,0
48201323900,2045,0
48201324000,2045,0.025930169
48201324101,2045,0.17953866
48201324102,2045,0.300928772
48201324200,2045,5.785039827
48201330101,2045,3.346040079
48201330102,2045,4.498875804
48201330200,2045,8.004747335
48201330301,2045,1.76094443
48201330302,2045,7.656541352
48201330303,2045,45.18011092
48201330400,2045,9.652825371
48201330500,2045,4.389696652
48201330600,2045,52.83101824
48201330700,2045,5.469195513
48201330801,2045,0.28043571
48201330802,2045,34.17997583
48201330901,2045,9.396486093
48201330902,2045,5.758596472
48201331100,2045,40.38779277
48201331200,2045,30.38028804
48201331300,2045,10.92374869
48201331400,2045,9.856728885
48201331501,2045,9.848902167
48201331502,2045,57.03189303
48201331602,2045,18.53210049
48201331603,2045,14.30698432
48201331604,2045,2.986656992
48201331700,2045,18.26722199
48201331800,2045,15.4333685
48201331900,2045,29.14783486
48201332000,2045,60.47217531
48201332100,2045,19.42275273
48201332200,2045,15.67882561
48201332300,2045,13.8009961
48201332400,2045,31.66386044
48201332500,2045,8.949342502
48201332600,2045,14.18510151
48201332700,2045,14.07534284
48201332800,2045,18.72439229
48201332900,2045,21.18405986
48201333000,2045,45.07304552
48201333100,2045,35.33007886
48201333201,2045,11.19715909
48201333203,2045,24.87224672
48201333204,2045,8.648035549
48201333205,2045,7.091981041
48201333301,2045,5.676194249
48201333302,2045,11.20169136
48201333501,2045,22.29733255
48201333502,2045,18.09631524
48201333600,2045,7.852748279
48201333700,2045,20.75259304
48201333801,2045,0.033862285
48201333802,2045,0.006414371
48201333903,2045,6.72576135
48201333904,2045,5.166198414
48201333905,2045,2.025524642
48201333906,2045,0.011601076
48201334001,2045,4.077723244
48201334002,2045,9.817148772
48201334003,2045,8.871223866
48201334101,2045,676.2408568
48201334102,2045,246.3760677
48201340101,2045,0.026033619
48201340102,2045,0.1175776
48201340201,2045,3.70679E-05
48201340202,2045,1.16781E-05
48201340203,2045,0
48201340301,2045,1.06734E-05
48201340302,2045,0
48201340400,2045,1.77208E-06
48201340501,2045,0.038617851
48201340502,2045,0.040141425
48201340600,2045,0.001785772
48201340701,2045,6.759556047
48201340702,2045,0.017833097
48201340800,2045,0.000133437
48201340900,2045,0.025013043
48201341001,2045,0.064870313
48201341002,2045,0.056707973
48201341101,2045,0.069008046
48201341102,2045,13.90112101
48201341201,2045,0.060039871
48201341203,2045,0.013147766
48201341204,2045,0
48201341302,2045,0.052921433
48201341303,2045,0.000385953
48201341304,2045,0.000233468
48201341400,2045,0
48201341501,2045,0
48201341502,2045,0
48201341600,2045,0
48201341700,2045,0
48201341800,2045,0
48201342001,2045,0
48201342002,2045,8.99975E-09
48201342100,2045,0
48201342200,2045,0
48201342300,2045,0
48201342400,2045,3.59127E-08
48201342500,2045,0
48201342700,2045,0
48201342801,2045,0
48201342802,2045,0
48201342900,2045,0
48201343000,2045,0
48201343100,2045,0
48201343200,2045,0
48201343301,2045,0
48201343302,2045,0
48201343601,2045,0.248063708
48201343602,2045,0
48201343700,2045,0
48201350101,2045,5.982109039
48201350102,2045,7.670229072
48201350103,2045,0.014589029
48201350104,2045,0.079651852
48201350201,2045,2.695578675
48201350202,2045,1.321804146
48201350300,2045,0.99599348
48201350400,2045,1.961977388
48201350500,2045,4.63892777
48201350601,2045,17.01808684
48201350603,2045,0.681758835
48201350604,2045,0.324772501
48201350700,2045,0.024261403
48201350801,2045,0.321870153
48201350803,2045,0.024691773
48201350804,2045,0.000533871
48201410101,2045,87.98508711
48201410102,2045,361.029276
48201410201,2045,41.19580295
48201410202,2045,37.89433795
48201410300,2045,42.1531987
48201410401,2045,14.11669582
48201410402,2045,26.43894534
48201410501,2045,25.35893557
48201410502,2045,80.8703673
48201410601,2045,2220.541551
48201410602,2045,1388.122457
48201410703,2045,19.31032781
48201410704,2045,29.34367175
48201410705,2045,26.82395413
48201410706,2045,125.8821798
48201410801,2045,13.42169036
48201410802,2045,15.99869871
48201410900,2045,76.49227456
48201411001,2045,30.13221963
48201411002,2045,19.0661646
48201411003,2045,23.72302996
48201411100,2045,37.211501
48201411200,2045,21.36759185
48201411301,2045,32.57655134
48201411302,2045,41.11623339
48201411400,2045,48.36633318
48201411503,2045,81.95789881
48201411504,2045,114.9049429
48201411505,2045,29.14914956
48201411506,2045,12.97312727
48201411507,2045,14.15170778
48201411600,2045,65.09584727
48201411700,2045,27.41502288
48201411801,2045,92.99535797
48201411802,2045,66.16789669
48201411901,2045,44.57295234
48201411902,2045,108.5545792
48201412000,2045,43.67305075
48201412201,2045,139.7221249
48201412202,2045,441.7960745
48201412300,2045,21.31232821
48201412400,2045,9.305555858
48201412500,2045,4.488717071
48201412600,2045,14.00633184
48201412700,2045,32.2119246
48201412800,2045,13.58624864
48201412901,2045,16.63076722
48201412902,2045,26.30577534
48201413000,2045,15.34404345
48201413100,2045,9.179955447
48201413203,2045,3.234271368
48201413204,2045,3.039056729
48201413205,2045,4.47748342
48201413206,2045,13.43527888
48201413301,2045,22.32316496
48201413302,2045,10.62260991
48201420100,2045,23.56092066
48201420200,2045,25.66109085
48201420300,2045,26.88734403
48201420400,2045,13.59410059
48201420500,2045,3.918789906
48201420600,2045,8.771049632
48201420700,2045,12.91083979
48201420800,2045,27.65367239
48201420900,2045,56.45823762
48201421000,2045,123.4821107
48201421101,2045,65.96071594
48201421103,2045,2.434442116
48201421104,2045,5.254395408
48201421203,2045,3.335950015
48201421204,2045,2.865000397
48201421205,2045,22.26782533
48201421206,2045,1.77648664
48201421301,2045,2.74261095
48201421302,2045,24.28552013
48201421401,2045,1.862113175
48201421402,2045,0.940300371
48201421403,2045,3.813853654
48201421501,2045,15.86675962
48201421502,2045,6.140936591
48201421601,2045,9.00501255
48201421602,2045,25.23234772
48201421700,2045,33.02818574
48201421801,2045,1.81209029
48201421802,2045,5.574928999
48201421900,2045,5.670618797
48201422000,2045,7.80734879
48201422100,2045,10.42376914
48201422200,2045,7.642369467
48201422302,2045,2.660910285
48201422303,2045,1.468052692
48201422304,2045,2.003476979
48201422403,2045,12.65645991
48201422404,2045,1.779903562
48201422405,2045,1.822491908
48201422406,2045,5.380023504
48201422501,2045,3.741085009
48201422502,2045,4.3154535
48201422601,2045,5.527343419
48201422602,2045,16.01218085
48201422701,2045,23.26174631
48201422702,2045,15.98426106
48201422800,2045,25.36901297
48201422900,2045,20.40701392
48201423001,2045,2.191749718
48201423002,2045,9.815226521
48201423100,2045,41.59062289
48201423201,2045,10.79050396
48201423203,2045,7.727575066
48201423204,2045,9.337117684
48201423301,2045,8.258601502
48201423303,2045,1.794576151
48201423304,2045,6.330647008
48201423401,2045,12.62013847
48201423402,2045,19.24314591
48201423500,2045,5.850036823
48201423600,2045,12.27307505
48201430101,2045,149.7297215
48201430102,2045,35.83150169
48201430200,2045,4.367302577
48201430300,2045,26.11414813
48201430400,2045,27.59859584
48201430500,2045,9.944745796
48201430600,2045,25.82381779
48201430700,2045,39.56449079
48201430800,2045,37.60180954
48201430900,2045,21.28184159
48201431001,2045,14.40371998
48201431002,2045,7.623160896
48201431101,2045,12.03043462
48201431102,2045,15.64148319
48201431203,2045,7.572731476
48201431204,2045,8.633538599
48201431205,2045,4.310694789
48201431206,2045,8.97313805
48201431302,2045,11.27126227
48201431303,2045,4.185230123
48201431304,2045,6.402632749
48201431401,2045,5.062636413
48201431403,2045,5.476685698
48201431404,2045,5.862300858
48201431503,2045,2.043129871
48201431504,2045,4.005641396
48201431505,2045,1.406080445
48201431506,2045,3.223228084
48201431600,2045,11.99039467
48201431701,2045,39.89398125
48201431702,2045,17.2549916
48201431801,2045,85.07989713
48201431803,2045,58.49074797
48201431804,2045,175.3701229
48201431901,2045,64.90354147
48201431902,2045,220.5963164
48201432003,2045,18.49180589
48201432004,2045,86.94663328
48201432005,2045,16.24318865
48201432006,2045,18.26689832
48201432101,2045,14.92534995
48201432102,2045,28.95529294
48201432200,2045,40.93490991
48201432301,2045,6.193877643
48201432302,2045,3.647712271
48201432303,2045,15.90923082
48201432401,2045,35.90906655
48201432402,2045,28.96141622
48201432501,2045,11.29195015
48201432502,2045,9.135704647
48201432600,2045,42.57545831
48201432703,2045,8.877371499
48201432704,2045,9.847969949
48201432705,2045,4.12470712
48201432706,2045,5.541857731
48201432803,2045,4.901237991
48201432804,2045,58.39772838
48201432805,2045,29.55848983
48201432806,2045,6.803707449
48201432901,2045,55.75298959
48201432903,2045,3.504022342
48201432904,2045,9.254458276
48201433003,2045,17.86774579
48201433004,2045,41.71853774
48201433005,2045,23.60636422
48201433006,2045,7.628987887
48201433007,2045,8.212150901
48201433100,2045,6.105890739
48201433201,2045,4.400735868
48201433202,2045,4.624078814
48201433300,2045,19.94354504
48201433400,2045,20.08296341
48201433503,2045,1.735275515
48201433504,2045,14.01303771
48201433505,2045,1.065965592
48201433506,2045,0.694338868
48201433507,2045,2.687663016
48201433601,2045,6.895361881
48201433602,2045,21.2055298
48201440101,2045,52.66770108
48201440102,2045,6.134068171
48201450100,2045,2.236199829
48201450200,2045,7.167121161
48201450301,2045,0.676743362
48201450302,2045,1.309487662
48201450401,2045,0.895219566
48201450402,2045,4.734594378
48201450500,2045,12.19258104
48201450600,2045,3.264781572
48201450700,2045,10.01105282
48201450801,2045,0.867212982
48201450803,2045,1.031087603
48201450804,2045,0.59414116
48201450900,2045,24.03568177
48201451003,2045,0.90534346
48201451004,2045,1.789936217
48201451005,2045,1.17576198
48201451006,2045,3.955130353
48201451100,2045,2.70901001
48201451200,2045,2.642590815
48201451301,2045,2.92065664
48201451302,2045,2.663069113
48201451401,2045,1.826956066
48201451404,2045,0.946208401
48201451405,2045,2.714438831
48201451406,2045,4.702109556
48201451407,2045,1.246412609
48201451501,2045,2.672884865
48201451502,2045,5.250142796
48201451603,2045,1.757986592
48201451604,2045,2.669895959
48201451605,2045,1.95600531
48201451606,2045,7.566700543
48201451700,2045,13.26980176
48201451800,2045,97.72447011
48201451902,2045,19.91726527
48201451903,2045,1.722894063
48201451904,2045,4.895238327
48201452001,2045,7.575422647
48201452002,2045,9.354853178
48201452101,2045,85.81868736
48201452102,2045,5.232201927
48201452103,2045,14.74361345
48201452202,2045,37.69376074
48201452203,2045,21.40619711
48201452204,2045,9.885879066
48201452300,2045,19.13960256
48201452401,2045,11.85942576
48201452402,2045,7.597267684
48201452501,2045,27.92372286
48201452502,2045,5.099438242
48201452601,2045,18.00251888
48201452602,2045,33.4569377
48201452701,2045,13.70771122
48201452702,2045,15.89655751
48201452703,2045,10.22293093
48201452801,2045,14.01682644
48201452802,2045,10.02335024
48201452900,2045,7.882252088
48201453001,2045,11.81165128
48201453002,2045,4.739781855
48201453100,2045,6.951527539
48201453201,2045,5.279298939
48201453202,2045,13.14797701
48201453300,2045,63.32563091
48201453401,2045,2.343899984
48201453403,2045,2.227883662
48201453404,2045,1.691010206
48201453405,2045,2.020124759
48201453501,2045,1.412492801
48201453502,2045,9.651213219
48201453601,2045,7.966813588
48201453603,2045,14.9925411
48201453604,2045,3.573622426
48201453701,2045,12.58704754
48201453702,2045,9.602701182
48201453800,2045,5.316291671
48201453901,2045,21.71790083
48201453902,2045,3.168215711
48201454000,2045,2.048327249
48201454100,2045,1.069014494
48201454200,2045,1.062408659
48201454302,2045,1.269511111
48201454303,2045,1.133645064
48201454304,2045,4.545787315
48201454305,2045,19.04874412
48201454400,2045,50.67816885
48201454502,2045,1.275459251
48201454503,2045,0.000215045
48201454504,2045,1.146645544
48201454505,2045,0.214871917
48201454600,2045,23.15187075
48201454700,2045,0.081613698
48201454801,2045,14.02065834
48201454802,2045,5.850284476
48201454901,2045,0
48201454902,2045,0
48201455000,2045,0.008738102
48201455102,2045,0.214158584
48201455103,2045,0.032086946
48201455104,2045,0.021102234
48201455200,2045,2.685331104
48201455300,2045,19.92056676
48201510100,2045,190.8840943
48201510201,2045,58.84917023
48201510202,2045,81.33582391
48201510301,2045,16.82705579
48201510302,2045,13.48689358
48201510400,2045,14.76198245
48201510500,2045,27.05213755
48201510601,2045,31.05594178
48201510602,2045,22.3366507
48201510701,2045,21.10590387
48201510702,2045,15.60493499
48201510801,2045,13.85645547
48201510802,2045,153.5446139
48201510803,2045,16.36362735
48201510901,2045,71.27966815
48201510902,2045,356.1251832
48201511001,2045,18.68813581
48201511003,2045,7.047236272
48201511004,2045,6.304142682
48201511100,2045,17.16888417
48201511201,2045,5.953934383
48201511202,2045,6.101786116
48201511301,2045,7.581942006
48201511302,2045,10.91447424
48201511400,2045,15.53745219
48201511501,2045,10.2218571
48201511502,2045,20.67973944
48201511600,2045,24.31102058
48201520100,2045,326.6319848
48201520200,2045,13.12961525
48201520301,2045,6.405138926
48201520302,2045,4.604141876
48201520400,2045,33.76474876
48201520501,2045,112.3232174
48201520502,2045,5.6256007
48201520601,2045,8.115485659
48201520603,2045,1.237201083
48201520604,2045,3.405431312
48201520700,2045,8.253467667
48201521000,2045,11.98878323
48201521100,2045,4.241178019
48201521201,2045,5.005709691
48201521202,2045,6.110663613
48201521300,2045,6.146982491
48201521401,2045,1.298745542
48201521402,2045,4.227369046
48201521501,2045,1.968667874
48201521502,2045,2.711499586
48201521600,2045,68.75767476
48201521701,2045,60.251705
48201521702,2045,8.890512275
48201521800,2045,63.21366877
48201521900,2045,17.26537922
48201522001,2045,2.399772326
48201522002,2045,1.881478399
48201522101,2045,1.251037433
48201522102,2045,1.953889079
48201522201,2045,2.950618694
48201522202,2045,3.221814574
48201522301,2045,11.19301106
48201522302,2045,20.74532422
48201522401,2045,12.41752856
48201522402,2045,6.732284674
48201522500,2045,19.93060897
48201530101,2045,4.252551259
48201530102,2045,14.81954714
48201530200,2045,27.46651497
48201530300,2045,19.18407618
48201530400,2045,23.14146474
48201530501,2045,11.4869687
48201530502,2045,13.42772964
48201530600,2045,54.12302135
48201530701,2045,20.00627882
48201530702,2045,23.28298332
48201530800,2045,51.1856996
48201530900,2045,4.506819776
48201531000,2045,7.259979631
48201531100,2045,3.4597405
48201531200,2045,6.3767358
48201531300,2045,15.75305979
48201531400,2045,9.788467718
48201531500,2045,15.53008983
48201531600,2045,8.347561384
48201531700,2045,6.874587405
48201531800,2045,20.14442657
48201531900,2045,13.70980922
48201532003,2045,8.665362899
48201532004,2045,10.11681605
48201532101,2045,11.72147395
48201532102,2045,5.14204329
48201532200,2045,19.52185915
48201532301,2045,8.979501152
48201532302,2045,19.5620371
48201532400,2045,2.83445987
48201532502,2045,0.764430656
48201532503,2045,0.000123573
48201532504,2045,0.00061081
48201532600,2045,7.191106039
48201532700,2045,4.519643531
48201532800,2045,7.338746118
48201532900,2045,6.412929959
48201533000,2045,6.546247575
48201533100,2045,11.02409759
48201533200,2045,18.17565894
48201533301,2045,20.80303176
48201533302,2045,10.82438643
48201533401,2045,9.927467432
48201533402,2045,23.7392525
48201533500,2045,59.53974214
48201533600,2045,17.82352257
48201533701,2045,34.49396702
48201533702,2045,4.77650029
48201533802,2045,16.65475074
48201533803,2045,19.72210642
48201533804,2045,36.47112959
48201533902,2045,7.784141375
48201533903,2045,7.960356522
48201533904,2045,1.872585536
48201534001,2045,18.87463756
48201534002,2045,8.4682785
48201534003,2045,4.100542338
48201534101,2045,0.199794726
48201534102,2045,0.026104312
48201534201,2045,0.006992931
48201534203,2045,28.2784642
48201534204,2045,0.08186767
48201534205,2045,0.003314449
48201540101,2045,9.201925268
48201540102,2045,0.52325804
48201540200,2045,9.138316682
48201540502,2045,0.021125264
48201540503,2045,0
48201540504,2045,0.00142438
48201540601,2045,3.27606E-05
48201540602,2045,1.70328E-06
48201540700,2045,0.073373896
48201540800,2045,0.302552489
48201540901,2045,2.55643E-06
48201540903,2045,0.004860008
48201540904,2045,1.85293E-07
48201541004,2045,0
48201541005,2045,4.11275E-06
48201541006,2045,0.003057162
48201541007,2045,0.00195172
48201541008,2045,0.002022044
48201541009,2045,0
48201541100,2045,0
48201541203,2045,0
48201541204,2045,0
48201541205,2045,0
48201541206,2045,0
48201541207,2045,0
48201541301,2045,0
48201541302,2045,0
48201541401,2045,0
48201541402,2045,0
48201541403,2045,0
48201541404,2045,0
48201541500,2045,0
48201541603,2045,4.48289E-05
48201541604,2045,0
48201541701,2045,0.039128851
48201541702,2045,4.389627711
48201541703,2045,0.144634318
48201541801,2045,0
48201541802,2045,0.00038264
48201541901,2045,0.000118291
48201541902,2045,8.42764E-08
48201542001,2045,0
48201542002,2045,0
48201542003,2045,0
48201542004,2045,0
48201542103,2045,0
48201542104,2045,0
48201542105,2045,0
48201542106,2045,0
48201542107,2045,0
48201542108,2045,0
48201542201,2045,0
48201542202,2045,0
48201542203,2045,0
48201542302,2045,0.000221901
48201542303,2045,1.85785E-07
48201542304,2045,0
48201542305,2045,1.54026E-07
48201542401,2045,0
48201542402,2045,0.041342087
48201542500,2045,14.02912168
48201542600,2045,13.63963495
48201542700,2045,0.043828049
48201542800,2045,0
48201542901,2045,0.043922429
48201542902,2045,0.03350178
48201543004,2045,1.599985766
48201543005,2045,0
48201543006,2045,0.001435727
48201543007,2045,19.80437037
48201543008,2045,0
48201543009,2045,0
48201543010,2045,0
48201543011,2045,0
48201543100,2045,0
48201543201,2045,12.64735734
48201543202,2045,67.72058367
48201550101,2045,7.568802852
48201550102,2045,19.73953083
48201550201,2045,3.440757456
48201550202,2045,9.654982751
48201550303,2045,11.72550169
48201550304,2045,3.3446748
48201550305,2045,4.857757762
48201550306,2045,6.50430447
48201550307,2045,6.34488878
48201550308,2045,7.863985496
48201550403,2045,12.34700689
48201550404,2045,2.926199381
48201550405,2045,3.333718736
48201550406,2045,3.629828978
48201550407,2045,3.616470452
48201550500,2045,2.951486409
48201550601,2045,0.021507037
48201550602,2045,5.505695855
48201550603,2045,6.638592701
48201550700,2045,20.85615281
48201550800,2045,6.514891569
48201550901,2045,2.433873971
48201550902,2045,2.206420036
48201551000,2045,3.935292878
48201551101,2045,12.42747395
48201551102,2045,2.663138074
48201551201,2045,2.987925519
48201551202,2045,2.15016503
48201551300,2045,0.128342383
48201551400,2045,23.91667913
48201551501,2045,16.67202852
48201551502,2045,8.376452479
48201551601,2045,0.18601322
48201551602,2045,0.012636168
48201551702,2045,1.16851E-06
48201551703,2045,0.000636265
48201551704,2045,0.001146175
48201551705,2045,0.002116093
48201551800,2045,0.148200121
48201551901,2045,0.691712406
48201551902,2045,2.508790317
48201552002,2045,0.037159346
48201552003,2045,0.388334233
48201552004,2045,4.205886903
48201552101,2045,0.000105506
48201552102,2045,9.61364E-09
48201552103,2045,0
48201552200,2045,1.967906394
48201552301,2045,0.002616131
48201552303,2045,0.040904397
48201552304,2045,0.000882533
48201552401,2045,0.002023998
48201552402,2045,2.87082E-05
48201552501,2045,0.017934052
48201552502,2045,0.246786827
48201552602,2045,5.09045164
48201552603,2045,9.182226815
48201552604,2045,11.8800319
48201552701,2045,11.21316776
48201552702,2045,5.107713328
48201552801,2045,2.641572922
48201552802,2045,4.85278065
48201552901,2045,1.719523242
48201552902,2045,2.56987216
48201553001,2045,5.369569205
48201553002,2045,3.915203909
48201553101,2045,1.441304166
48201553102,2045,1.181749681
48201553201,2045,5.026831948
48201553202,2045,3.960532378
48201553300,2045,2.567615546
48201553401,2045,0.126094844
48201553403,2045,5.56756E-08
48201553404,2045,0
48201553405,2045,5.37069E-08
48201553500,2045,0.021006298
48201553601,2045,0.00802327
48201553602,2045,0.037109264
48201553700,2045,0.040067741
48201553801,2045,6.55608E-06
48201553803,2045,0
48201553804,2045,0
48201553901,2045,0
48201554001,2045,0.026904647
48201554002,2045,0.013804018
48201554103,2045,0.006606012
48201554104,2045,0.004500624
48201554201,2045,1.476451845
48201554202,2045,4.649723418
48201554301,2045,4.37241855
48201554302,2045,0.003899179
48201554404,2045,0.080727627
48201554405,2045,0.266622697
48201554406,2045,9.10136E-05
48201554407,2045,22.0808006
48201554408,2045,2.322350919
48201554409,2045,22.56898262
48201554410,2045,14.8457552
48201554501,2045,0.001335233
48201554502,2045,1.84883E-10
48201554600,2045,0.001042743
48201554701,2045,2.816449064
48201554702,2045,0.456387787
48201554803,2045,0
48201554804,2045,0
48201554805,2045,0.003497654
48201554806,2045,0
48201554807,2045,0.134454671
48201554808,2045,1.31558E-05
48201554809,2045,0
48201554902,2045,0
48201554904,2045,0
48201554905,2045,0
48201554906,2045,0
48201554907,2045,0
48201554908,2045,0
48201555001,2045,0
48201555002,2045,0
48201555101,2045,0
48201555102,2045,0
48201555200,2045,0
48201555301,2045,0
48201555303,2045,0
48201555304,2045,0
48201555305,2045,0
48201555401,2045,0
48201555403,2045,0
48201555404,2045,0
48201555501,2045,0
48201555503,2045,6.48008E-08
48201555504,2045,8.22922E-06
48201555505,2045,0.000377496
48201555600,2045,0
48201555701,2045,0.058019356
48201555703,2045,0
48201555704,2045,0
48201556000,2045,0
48201556100,2045,0
48201980000,2045,112.0035699
48201980100,2045,49.28882626
48201980200,2045,333.8914388
48201980300,2045,44.45264155
48201980400,2045,79.38191483
48201980700,2045,8181.16895
48291700100,2045,0
48291700200,2045,0
48291700301,2045,0
48291700302,2045,0
48291700303,2045,0
48291700400,2045,0
48291700500,2045,0
48291700600,2045,0
48291700700,2045,0
48291700801,2045,0
48291700802,2045,0
48291700900,2045,0
48291701000,2045,0
48291701100,2045,0
48291701200,2045,0
48291701300,2045,0
48291701400,2045,0
48339690101,2045,0
48339690102,2045,0
48339690203,2045,0
48339690204,2045,0
48339690205,2045,0
48339690206,2045,0
48339690207,2045,0
48339690300,2045,0
48339690403,2045,0
48339690404,2045,0
48339690405,2045,0
48339690406,2045,0
48339690407,2045,0
48339690408,2045,0
48339690501,2045,9.06656E-09
48339690502,2045,0.000425534
48339690503,2045,0.00013541
48339690603,2045,0
48339690604,2045,0
48339690605,2045,0
48339690606,2045,0
48339690607,2045,0
48339690608,2045,1.28174E-08
48339690609,2045,6.704E-09
48339690610,2045,2.93242E-07
48339690701,2045,4.14943E-08
48339690702,2045,0
48339690800,2045,0
48339690900,2045,0
48339691000,2045,0
48339691100,2045,0
48339691201,2045,0
48339691202,2045,0
48339691301,2045,0
48339691302,2045,0
48339691401,2045,0
48339691402,2045,0
48339691403,2045,0
48339691500,2045,0
48339691601,2045,0
48339691602,2045,0
48339691700,2045,0
48339691801,2045,0
48339691802,2045,0
48339691900,2045,0
48339692003,2045,0
48339692004,2045,0
48339692005,2045,0
48339692006,2045,0
48339692007,2045,0
48339692008,2045,0
48339692009,2045,0
48339692010,2045,0.061450596
48339692101,2045,1.93551E-08
48339692102,2045,0
48339692103,2045,0
48339692201,2045,0
48339692202,2045,0
48339692301,2045,0
48339692302,2045,0
48339692303,2045,7.97259E-07
48339692304,2045,0
48339692401,2045,0
48339692402,2045,0
48339692501,2045,0
48339692502,2045,0
48339692601,2045,0
48339692603,2045,0
48339692604,2045,0
48339692605,2045,0
48339692701,2045,0
48339692702,2045,0
48339692802,2045,0
48339692803,2045,0
48339692804,2045,0
48339692900,2045,0
48339693001,2045,0
48339693002,2045,0
48339693102,2045,2.49473E-05
48339693103,2045,0.047956199
48339693104,2045,0
48339693201,2045,8.52541E-08
48339693202,2045,7.29476E-08
48339693301,2045,0.344152385
48339693302,2045,0.329328697
48339693303,2045,0.000267472
48339693304,2045,0.00746735
48339693401,2045,0.768604004
48339693402,2045,2.56441E-06
48339693501,2045,0.000977392
48339693502,2045,0.000243001
48339693503,2045,1.03192519
48339693600,2045,0.665810318
48339693701,2045,3.58388E-09
48339693702,2045,1.91748E-08
48339693703,2045,0.00074141
48339693800,2045,9.94757E-08
48339693901,2045,2.02092E-07
48339693902,2045,0
48339693903,2045,0.011323165
48339693904,2045,2.43538E-07
48339694001,2045,0
48339694002,2045,0
48339694103,2045,0
48339694104,2045,0
48339694105,2045,0
48339694106,2045,0
48339694107,2045,0
48339694203,2045,0
48339694204,2045,0
48339694205,2045,0
48339694206,2045,0
48339694207,2045,0
48339694208,2045,0
48339694209,2045,0
48339694210,2045,0
48339694303,2045,0
48339694304,2045,0
48339694305,2045,0
48339694306,2045,0
48339694307,2045,1.15728E-09
48339694308,2045,0
48339694309,2045,0
48339694401,2045,3.86302E-05
48339694402,2045,0
48339694403,2045,0
48339694501,2045,0
48339694502,2045,0
48339694503,2045,0.061789469
48339694601,2045,0
48339694602,2045,0
48339694603,2045,0
48339694700,2045,0
48473680100,2045,0
48473680201,2045,0
48473680202,2045,0
48473680301,2045,0
48473680302,2045,0
48473680303,2045,0
48473680501,2045,0
48473680502,2045,0
48473680601,2045,0
48473680602,2045,0
48473980000,2045,0
