Geo,Year,MixUseProp
48039660100,2019,0.00189939
48039660200,2019,0.020522252
48039660301,2019,0.287420825
48039660302,2019,0.000218477
48039660303,2019,0.00034942
48039660401,2019,0.001148175
48039660402,2019,0.024735947
48039660403,2019,0.051920516
48039660501,2019,6.37211E-05
48039660502,2019,0
48039660503,2019,0.040243119
48039660504,2019,0
48039660603,2019,0.067723967
48039660604,2019,2.44E-05
48039660605,2019,0.004126676
48039660606,2019,0.010137525
48039660607,2019,0.363703802
48039660608,2019,0.003746257
48039660609,2019,0.000582778
48039660610,2019,0.136986906
48039660611,2019,2.76E-08
48039660612,2019,0.077235562
48039660613,2019,0
48039660614,2019,0
48039660615,2019,3.24124E-05
48039660616,2019,0.005448767
48039660703,2019,0.099726072
48039660704,2019,0.014442322
48039660705,2019,3.65E-06
48039660706,2019,0.000274911
48039660707,2019,4.01326E-05
48039660708,2019,1.33E-06
48039660803,2019,0
48039660804,2019,0.148945318
48039660805,2019,0
48039660806,2019,0.001597047
48039660901,2019,0
48039660902,2019,0
48039661000,2019,0.026221984
48039661100,2019,0.069089476
48039661200,2019,0.230604217
48039661300,2019,0.08930512
48039661400,2019,0.101074731
48039661501,2019,0
48039661502,2019,6.13375E-05
48039661601,2019,0.039342026
48039661602,2019,0.040027844
48039661700,2019,0
48039661800,2019,0
48039661901,2019,0
48039661902,2019,0
48039662000,2019,0
48039662100,2019,3.70246E-06
48039662200,2019,0.040981007
48039662300,2019,0.102224555
48039662400,2019,0.117198565
48039662500,2019,0
48039662600,2019,0
48039662700,2019,0
48039662800,2019,0
48039662900,2019,0
48039663000,2019,0
48039663100,2019,0.000174719
48039663200,2019,0.068314992
48039663300,2019,0.000318682
48039663400,2019,0.002802174
48039663500,2019,0.078780002
48039663600,2019,1.40381E-05
48039663700,2019,0
48039663800,2019,0.039879264
48039663900,2019,0.122699
48039664000,2019,0.00957043
48039664100,2019,0.006409557
48039664200,2019,0.003133953
48039664300,2019,0
48039664400,2019,0
48039664501,2019,0
48039990000,2019,0
48071710100,2019,0
48071710201,2019,0
48071710202,2019,0
48071710300,2019,0
48071710401,2019,0
48071710500,2019,0
48071710600,2019,0
48071990000,2019,0
48157670101,2019,0
48157670102,2019,0
48157670201,2019,0
48157670202,2019,5.95E-10
48157670300,2019,2.88E-11
48157670400,2019,0
48157670500,2019,0.062396947
48157670602,2019,0
48157670603,2019,0
48157670604,2019,9.17E-06
48157670700,2019,0
48157670801,2019,0
48157670802,2019,0
48157670803,2019,0
48157670804,2019,0
48157670902,2019,0
48157670903,2019,0
48157670904,2019,0.025600312
48157671001,2019,0.081588451
48157671002,2019,0
48157671101,2019,0
48157671102,2019,0.000930186
48157671200,2019,0.035726931
48157671300,2019,0.125325666
48157671401,2019,0.028649519
48157671402,2019,0.048297097
48157671501,2019,0.016752366
48157671502,2019,0.148073261
48157671601,2019,0.210348783
48157671602,2019,0.112853103
48157671700,2019,0.00709892
48157671800,2019,0.007257718
48157671900,2019,0.106423458
48157672002,2019,0.090456882
48157672003,2019,0.010440685
48157672004,2019,0.030711443
48157672100,2019,0.022922629
48157672201,2019,3.20597E-05
48157672202,2019,0.026880675
48157672303,2019,7.46607E-05
48157672304,2019,0.000115993
48157672305,2019,0.011699819
48157672306,2019,0.025553365
48157672401,2019,0.166352211
48157672402,2019,0.016184099
48157672500,2019,0.012135731
48157672602,2019,8.59E-06
48157672603,2019,0
48157672604,2019,1.62E-07
48157672701,2019,0.001817994
48157672702,2019,0
48157672703,2019,0.018058091
48157672801,2019,0
48157672802,2019,0
48157672901,2019,0
48157672902,2019,0.000131864
48157672903,2019,0
48157672904,2019,0
48157672905,2019,0
48157672906,2019,0
48157672907,2019,0
48157673004,2019,0.016501031
48157673005,2019,0.197739084
48157673006,2019,0.027862379
48157673007,2019,0
48157673008,2019,0.162063624
48157673009,2019,0.001242674
48157673010,2019,0.02550377
48157673103,2019,0.000487911
48157673104,2019,0.030807635
48157673105,2019,3.6984E-05
48157673106,2019,0.040197367
48157673107,2019,0.012573417
48157673108,2019,0
48157673109,2019,0
48157673110,2019,0
48157673111,2019,0
48157673112,2019,3.91E-06
48157673113,2019,0.024517121
48157673201,2019,0
48157673202,2019,0
48157673300,2019,0
48157673401,2019,0.000524495
48157673402,2019,0
48157673403,2019,0.000262019
48157673404,2019,0
48157673501,2019,0
48157673502,2019,0
48157673600,2019,0
48157673700,2019,0
48157673801,2019,7.62E-07
48157673802,2019,0
48157673902,2019,0
48157673903,2019,0
48157673904,2019,0
48157674001,2019,1.58688E-05
48157674002,2019,0.082917433
48157674100,2019,0.094097101
48157674200,2019,0.028890125
48157674301,2019,0.052416643
48157674302,2019,0.08491613
48157674401,2019,2.85874E-05
48157674402,2019,0
48157674403,2019,0
48157674404,2019,0.000263882
48157674503,2019,0
48157674504,2019,0
48157674505,2019,0
48157674506,2019,0
48157674507,2019,2.70155E-05
48157674508,2019,0
48157674601,2019,0.049125529
48157674602,2019,0
48157674603,2019,0.000114013
48157674604,2019,0.000766433
48157674701,2019,0
48157674702,2019,0.020060607
48157674800,2019,0.124477669
48157674900,2019,0.072702752
48157675000,2019,0.10702089
48157675101,2019,0.149980907
48157675102,2019,0.100427667
48157675200,2019,0.168498997
48157675300,2019,0.007380768
48157675401,2019,0
48157675402,2019,1.66811E-05
48157675501,2019,6.31672E-06
48157675502,2019,0.065389695
48157675503,2019,0
48157675600,2019,0
48157675701,2019,0
48157675702,2019,0
48157675800,2019,0
48167720100,2019,0.033398206
48167720200,2019,0.010770809
48167720301,2019,0.014754157
48167720302,2019,1.92234E-05
48167720400,2019,0
48167720501,2019,0.014190956
48167720504,2019,0
48167720505,2019,0
48167720506,2019,0.000113817
48167720507,2019,0
48167720508,2019,0.000210982
48167720509,2019,0.057281136
48167720510,2019,0.026919801
48167720511,2019,3.50611E-05
48167720512,2019,0.000158853
48167720601,2019,0.10141454
48167720602,2019,0.04285715
48167720603,2019,0
48167720604,2019,0
48167720605,2019,0
48167720701,2019,0.010546911
48167720702,2019,0.159016153
48167720703,2019,0.000554254
48167720800,2019,0.011457921
48167720900,2019,0.17874821
48167721000,2019,0.001466578
48167721101,2019,0.0225646
48167721102,2019,0.000367992
48167721103,2019,3.39E-07
48167721203,2019,1.71502E-05
48167721204,2019,0.000442692
48167721205,2019,3.88681E-05
48167721206,2019,4.19E-07
48167721207,2019,3.40526E-05
48167721208,2019,7.21E-06
48167721209,2019,0
48167721210,2019,0
48167721211,2019,0
48167721301,2019,0.073849967
48167721302,2019,0.002637664
48167721401,2019,0.01763387
48167721402,2019,0.000734574
48167721403,2019,0.030514192
48167721501,2019,0.03116971
48167721502,2019,0.022888596
48167721503,2019,0.002586816
48167721600,2019,5.10762E-05
48167721701,2019,0
48167721702,2019,0
48167721703,2019,0
48167721800,2019,0
48167721901,2019,9.93081E-05
48167721902,2019,0.087304294
48167722001,2019,0.000646482
48167722002,2019,0.11483509
48167722100,2019,0.010032582
48167722200,2019,0.142604628
48167722300,2019,0.187163345
48167722600,2019,0.12298564
48167722700,2019,0.008173297
48167722800,2019,9.19E-08
48167722900,2019,0
48167723000,2019,2.06E-06
48167723100,2019,8.64E-07
48167723200,2019,0
48167723300,2019,9.22607E-05
48167723401,2019,0
48167723402,2019,0
48167723403,2019,0
48167723501,2019,0
48167723503,2019,0
48167723504,2019,0
48167723505,2019,0
48167723600,2019,0
48167723700,2019,0
48167723800,2019,0
48167723900,2019,0
48167724000,2019,0.005812265
48167724101,2019,0.188240618
48167724200,2019,0
48167724300,2019,0.004803951
48167724400,2019,0.186976842
48167724500,2019,0
48167724600,2019,0.00605862
48167724700,2019,0.09937803
48167724800,2019,0.527268494
48167724900,2019,0.206310611
48167725000,2019,0.423699569
48167725100,2019,0.295417619
48167725200,2019,0.229197517
48167725300,2019,0.181608189
48167725400,2019,0.114598658
48167725500,2019,0.217145465
48167725600,2019,0.311972703
48167725700,2019,0.047609585
48167725800,2019,0.108957023
48167725900,2019,2.16E-06
48167726000,2019,0
48167726101,2019,0
48167726102,2019,0
48167726200,2019,0.00029111
48167990000,2019,0
48167990100,2019,0
48201100001,2019,1.03521E-06
48201210400,2019,0.33805435
48201210500,2019,0.18448396
48201210600,2019,0.143754439
48201210700,2019,0.013345226
48201210800,2019,0.041207728
48201210900,2019,0.025941012
48201211000,2019,0
48201211101,2019,0.00091547
48201211102,2019,0
48201211200,2019,0.045575562
48201211301,2019,0.130932799
48201211302,2019,0.041472921
48201211400,2019,0.170852213
48201211501,2019,0.178205489
48201211502,2019,0.066089141
48201211600,2019,0.18150579
48201211700,2019,0.101827366
48201211900,2019,0.033061701
48201212300,2019,0.409930045
48201212400,2019,0.009661686
48201212500,2019,0.022508097
48201220100,2019,4.75E-08
48201220200,2019,0.072786583
48201220300,2019,0.092714409
48201220400,2019,0.192653531
48201220500,2019,0.2525422
48201220600,2019,0.276174358
48201220701,2019,0.103372088
48201220702,2019,0.001035847
48201220800,2019,0.0355356
48201220900,2019,0.204550096
48201221000,2019,0.036658375
48201221100,2019,0.019606077
48201221200,2019,0.005503917
48201221301,2019,0.197230025
48201221302,2019,0.093086465
48201221400,2019,0.146987367
48201221501,2019,0.216151651
48201221502,2019,0.100645386
48201221601,2019,0.002808675
48201221602,2019,0.081710404
48201221701,2019,0.074148996
48201221702,2019,6.65306E-05
48201221800,2019,0.00077687
48201221900,2019,1.59773E-05
48201222000,2019,0.013914689
48201222100,2019,0.062428767
48201222200,2019,0.2833391
48201222300,2019,0.023593124
48201222401,2019,0.000566756
48201222402,2019,0.011939212
48201222501,2019,0.080359403
48201222502,2019,0.10041038
48201222504,2019,0.051058143
48201222505,2019,0.046889022
48201222601,2019,0.002983056
48201222602,2019,0.000664911
48201222701,2019,0
48201222702,2019,0
48201222800,2019,0
48201222900,2019,0.000402549
48201223001,2019,0.034852302
48201223002,2019,0.073946589
48201223100,2019,0
48201230100,2019,0.000269011
48201230200,2019,0.000493929
48201230300,2019,0
48201230400,2019,0.000152387
48201230500,2019,0.015460041
48201230600,2019,0.000342676
48201230700,2019,8.42E-06
48201230800,2019,0
48201230900,2019,0
48201231000,2019,0
48201231100,2019,0
48201231200,2019,0
48201231300,2019,0
48201231400,2019,0
48201231500,2019,0
48201231600,2019,0
48201231700,2019,0.013595957
48201231800,2019,0.000158542
48201231900,2019,0.00E+00
48201232000,2019,0.000729914
48201232100,2019,0.017129359
48201232201,2019,0
48201232202,2019,0
48201232203,2019,0
48201232303,2019,0
48201232304,2019,0
48201232305,2019,0
48201232306,2019,0
48201232402,2019,0.015068123
48201232403,2019,0.010706153
48201232404,2019,0.000244249
48201232405,2019,0.040596359
48201232500,2019,0
48201232600,2019,0.014615524
48201232701,2019,0.045904891
48201232703,2019,0.099659641
48201232704,2019,0.091934477
48201232801,2019,0.006516318
48201232802,2019,0.000446457
48201232901,2019,0.14837429
48201232902,2019,0.058873551
48201233001,2019,0.03120109
48201233002,2019,0.031429748
48201233003,2019,0.014820682
48201233101,2019,0.056786685
48201233103,2019,0.076134484
48201233104,2019,2.91E-05
48201233105,2019,6.47826E-05
48201233200,2019,0.143136646
48201233300,2019,0.069646877
48201233400,2019,0.103998877
48201233501,2019,0.033798736
48201233502,2019,0.040321652
48201233600,2019,0.009289306
48201233701,2019,0.181077367
48201233702,2019,0.031290071
48201233703,2019,0.116795427
48201240101,2019,0.014631204
48201240102,2019,0.012670796
48201240400,2019,0.001101718
48201240503,2019,0.021546384
48201240504,2019,0.071499637
48201240505,2019,0.024582221
48201240506,2019,0.061845726
48201240600,2019,0.048848365
48201240703,2019,0.022720021
48201240704,2019,0.041825882
48201240705,2019,0.0135818
48201240706,2019,0.002035471
48201240707,2019,0.003316143
48201240802,2019,0
48201240803,2019,0.067918362
48201240804,2019,0.081210425
48201240903,2019,0
48201240904,2019,0
48201240905,2019,0
48201240906,2019,0
48201241001,2019,0
48201241002,2019,0
48201241101,2019,0
48201241103,2019,0
48201241104,2019,0
48201241105,2019,0
48201241201,2019,0
48201241202,2019,0
48201241301,2019,0.044068422
48201241302,2019,0.000630317
48201241400,2019,0.071992027
48201241501,2019,0
48201241502,2019,0
48201241503,2019,0.002578853
48201250101,2019,8.91E-07
48201250102,2019,6.30E-06
48201250201,2019,0.017407871
48201250202,2019,0.000134028
48201250303,2019,8.66E-06
48201250304,2019,0
48201250305,2019,5.88294E-05
48201250306,2019,0
48201250403,2019,0.011344757
48201250404,2019,0.011786068
48201250405,2019,0.051712293
48201250406,2019,0.00887079
48201250407,2019,3.78E-06
48201250408,2019,0.001113283
48201250500,2019,0.110698535
48201250601,2019,0.000618605
48201250602,2019,0.020121212
48201250701,2019,0.000195628
48201250702,2019,0.023506361
48201250801,2019,0.010836586
48201250802,2019,0.010189362
48201250901,2019,0.080594073
48201250902,2019,0.000525959
48201251000,2019,0.05570264
48201251100,2019,0.00999064
48201251200,2019,0.042150389
48201251300,2019,0.025051505
48201251401,2019,0
48201251402,2019,0.000319794
48201251501,2019,8.45E-06
48201251503,2019,1.97E-06
48201251504,2019,0.013958052
48201251505,2019,0.013469805
48201251600,2019,0
48201251701,2019,4.9903E-05
48201251702,2019,0.000149544
48201251800,2019,0
48201251902,2019,0
48201251903,2019,0
48201251904,2019,0
48201252001,2019,0
48201252002,2019,0
48201252003,2019,2.40E-07
48201252100,2019,0
48201252201,2019,0.059548509
48201252202,2019,0.013421324
48201252303,2019,0.002004461
48201252304,2019,0.01676381
48201252305,2019,0.035328167
48201252306,2019,0.000180644
48201252400,2019,0.008970327
48201252500,2019,0.002067524
48201252601,2019,0.000584749
48201252602,2019,0.000135543
48201252700,2019,0
48201252800,2019,0
48201252901,2019,1.27E-08
48201252902,2019,0
48201253000,2019,0
48201253101,2019,0
48201253102,2019,0
48201253201,2019,8.17E-08
48201253202,2019,2.14E-06
48201253300,2019,0
48201253501,2019,0
48201253502,2019,0
48201253601,2019,0.000479379
48201253602,2019,0.094639905
48201253700,2019,0.109681602
48201253800,2019,0.017915511
48201253900,2019,0.029563089
48201254000,2019,0.00017703
48201254100,2019,0.078680394
48201254200,2019,0.024085435
48201254300,2019,0.291286693
48201254400,2019,0.160902067
48201254600,2019,0
48201254700,2019,8.66779E-05
48201254800,2019,0
48201310101,2019,0.160890726
48201310102,2019,0.046808594
48201310200,2019,0.172399613
48201310300,2019,0.535611997
48201310400,2019,0.360388578
48201310500,2019,0.328065974
48201310600,2019,0.285968623
48201310700,2019,0.391136459
48201310800,2019,0.218140993
48201310900,2019,0.27746884
48201311001,2019,0.192544006
48201311002,2019,0.276251982
48201311100,2019,0.243228474
48201311200,2019,0.006839716
48201311300,2019,0.306931627
48201311400,2019,0.123465061
48201311501,2019,0.157083308
48201311502,2019,0.252627085
48201311600,2019,0.406672156
48201311701,2019,0.479216186
48201311702,2019,0.201841122
48201311800,2019,0.232472016
48201311900,2019,0.02313019
48201312000,2019,0.004170079
48201312200,2019,0.172454099
48201312300,2019,0.151979893
48201312400,2019,0.181885579
48201312501,2019,0
48201312502,2019,0.337438089
48201312601,2019,0.360810702
48201312602,2019,0.341414632
48201312603,2019,0.40879295
48201312700,2019,0.199088685
48201312800,2019,0.219680093
48201312901,2019,0.022552627
48201312902,2019,0.214257082
48201313000,2019,0.272268164
48201313101,2019,0.233428412
48201313102,2019,0.001113625
48201313201,2019,0.094004181
48201313202,2019,0.132944679
48201313300,2019,0.110317931
48201313400,2019,0.252522765
48201313500,2019,0.047780004
48201313600,2019,0.074884428
48201313700,2019,0.137274053
48201313801,2019,0.096743269
48201313802,2019,0.166372292
48201313901,2019,0.072694147
48201313902,2019,0.242573873
48201314001,2019,0.083234727
48201314003,2019,0.069541168
48201314004,2019,0.479611934
48201314005,2019,0.413813888
48201314301,2019,0.042655194
48201314302,2019,0.027972008
48201314401,2019,0
48201314402,2019,0.001325735
48201320100,2019,0.167050322
48201320201,2019,0.057041388
48201320202,2019,0.055868591
48201320500,2019,0.000631782
48201320601,2019,0.008681734
48201320602,2019,0.050491323
48201320700,2019,0.059293266
48201320800,2019,0.101658627
48201320901,2019,0.018365094
48201320902,2019,0.028218395
48201321001,2019,0.126748273
48201321002,2019,0.087362909
48201321101,2019,0.022582668
48201321102,2019,0.033453691
48201321200,2019,0.001625839
48201321301,2019,4.96E-06
48201321302,2019,1.02E-05
48201321401,2019,0.041842263
48201321402,2019,0.030151198
48201321500,2019,0.175039823
48201321600,2019,0.063319907
48201321700,2019,0.018062628
48201321800,2019,6.69E-06
48201321900,2019,0.1120879
48201322000,2019,0.049074842
48201322100,2019,0.148274434
48201322200,2019,0.130792467
48201322600,2019,0.04359606
48201322701,2019,0.059010391
48201322702,2019,0.013643122
48201322800,2019,0.007706159
48201322900,2019,0.061744132
48201323000,2019,0.229205432
48201323100,2019,0.216847484
48201323200,2019,0.230083394
48201323300,2019,0.151800276
48201323400,2019,0.053631167
48201323500,2019,0.356269321
48201323601,2019,1.23E-01
48201323602,2019,0.035103664
48201323701,2019,0.128362162
48201323702,2019,0.144806659
48201323801,2019,0.048696583
48201323802,2019,0.035854818
48201323900,2019,0.127816246
48201324000,2019,0.089193398
48201324101,2019,0.21001388
48201324102,2019,0.004393874
48201324200,2019,0.008124356
48201330101,2019,0
48201330102,2019,0
48201330200,2019,0.012876105
48201330301,2019,0.114401852
48201330302,2019,0.001374927
48201330303,2019,2.57669E-05
48201330400,2019,0.007261527
48201330500,2019,4.05E-06
48201330600,2019,2.80E-08
48201330700,2019,0
48201330801,2019,0
48201330802,2019,0
48201330901,2019,0
48201330902,2019,0
48201331100,2019,0.05763502
48201331200,2019,9.56731E-05
48201331300,2019,0
48201331400,2019,0
48201331501,2019,0
48201331502,2019,0
48201331602,2019,0
48201331603,2019,0
48201331604,2019,0
48201331700,2019,0
48201331800,2019,0
48201331900,2019,3.59E-08
48201332000,2019,4.07086E-05
48201332100,2019,3.27091E-05
48201332200,2019,0.129287595
48201332300,2019,0.025516779
48201332400,2019,0.004366125
48201332500,2019,0.000201621
48201332600,2019,0.129902696
48201332700,2019,0.163994863
48201332800,2019,0.270146824
48201332900,2019,0.166130936
48201333000,2019,0.173066693
48201333100,2019,0.308597031
48201333201,2019,0.069302567
48201333203,2019,0.086574582
48201333204,2019,1.17E-05
48201333205,2019,0.000126246
48201333301,2019,0.446994817
48201333302,2019,0.117011841
48201333501,2019,0.061594557
48201333502,2019,0.123272038
48201333600,2019,0.006975728
48201333700,2019,0.000412467
48201333801,2019,0
48201333802,2019,0
48201333903,2019,0.076721076
48201333904,2019,0.036798153
48201333905,2019,5.43027E-05
48201333906,2019,0
48201334001,2019,0.26676521
48201334002,2019,0.2746515
48201334003,2019,0.079160218
48201334101,2019,0.108394141
48201334102,2019,0.004125664
48201340101,2019,0
48201340102,2019,0.00030545
48201340201,2019,0
48201340202,2019,0
48201340203,2019,0
48201340301,2019,0.000203169
48201340302,2019,0.000160318
48201340400,2019,0.144242523
48201340501,2019,0.123747343
48201340502,2019,0.19019999
48201340600,2019,0.000772545
48201340701,2019,0.041806356
48201340702,2019,2.81997E-05
48201340800,2019,0
48201340900,2019,1.89E-06
48201341001,2019,0.012718232
48201341002,2019,0.013858448
48201341101,2019,6.7699E-05
48201341102,2019,0.039667432
48201341201,2019,0.068837604
48201341203,2019,0.04106109
48201341204,2019,0.025437135
48201341302,2019,0.141974458
48201341303,2019,0.114762832
48201341304,2019,0.001100463
48201341400,2019,6.43043E-05
48201341501,2019,7.30601E-05
48201341502,2019,0.115641557
48201341600,2019,0.026587455
48201341700,2019,0
48201341800,2019,0
48201342001,2019,0.021464254
48201342002,2019,0.182567261
48201342100,2019,0.132825803
48201342200,2019,0.025521097
48201342300,2019,0.086549876
48201342400,2019,0.117287065
48201342500,2019,0.113655324
48201342700,2019,0.183182986
48201342801,2019,0.000413466
48201342802,2019,0.001452614
48201342900,2019,0.01411922
48201343000,2019,0.113881059
48201343100,2019,0.006218128
48201343200,2019,8.9087E-06
48201343301,2019,0
48201343302,2019,7.91E-06
48201343601,2019,0
48201343602,2019,0
48201343700,2019,7.13E-08
48201350101,2019,0.024018282
48201350102,2019,0.000141727
48201350103,2019,8.29069E-05
48201350104,2019,2.93E-07
48201350201,2019,0.000350507
48201350202,2019,1.96E-06
48201350300,2019,0.012685295
48201350400,2019,0.093615929
48201350500,2019,0.024566052
48201350601,2019,2.30E-07
48201350603,2019,0
48201350604,2019,0
48201350700,2019,7.95E-06
48201350801,2019,8.29E-06
48201350803,2019,0
48201350804,2019,6.09E-06
48201410101,2019,0.165908768
48201410102,2019,0.050278037
48201410201,2019,0.285169112
48201410202,2019,0.210746192
48201410300,2019,0.348566259
48201410401,2019,0.301965302
48201410402,2019,0.261509886
48201410501,2019,0.352428184
48201410502,2019,0.323341472
48201410601,2019,0.239472709
48201410602,2019,0.095138064
48201410703,2019,0.156604292
48201410704,2019,0.231528962
48201410705,2019,0.220965203
48201410706,2019,0.217640122
48201410801,2019,0.253555478
48201410802,2019,0.283337893
48201410900,2019,0.5406094
48201411001,2019,0.046388037
48201411002,2019,0.143429378
48201411003,2019,0.294721645
48201411100,2019,0.248894842
48201411200,2019,0.077533275
48201411301,2019,4.88E-06
48201411302,2019,0.000266514
48201411400,2019,0.266699678
48201411503,2019,2.70783E-05
48201411504,2019,0.112329909
48201411505,2019,0.231510182
48201411506,2019,0.000513462
48201411507,2019,0.153633547
48201411600,2019,0.099203382
48201411700,2019,0.14824924
48201411801,2019,0.016726562
48201411802,2019,0.042164602
48201411901,2019,0.242022718
48201411902,2019,0.187080902
48201412000,2019,0.148462318
48201412201,2019,0.001138803
48201412202,2019,0.106170936
48201412300,2019,0.202581213
48201412400,2019,0.165404255
48201412500,2019,0.106607445
48201412600,2019,0.128858123
48201412700,2019,0.185604094
48201412800,2019,0.110212457
48201412901,2019,0.07039233
48201412902,2019,0.195144208
48201413000,2019,0.154546867
48201413100,2019,0.035146286
48201413203,2019,0.069001355
48201413204,2019,0.048481096
48201413205,2019,0.084204782
48201413206,2019,0.092629727
48201413301,2019,0.349241293
48201413302,2019,0.099271988
48201420100,2019,0.172679234
48201420200,2019,0.0406582
48201420300,2019,0.250677597
48201420400,2019,0.009457853
48201420500,2019,0.118360013
48201420600,2019,0.128315366
48201420700,2019,0.085330126
48201420800,2019,0.104750306
48201420900,2019,0.228593363
48201421000,2019,0.002002493
48201421101,2019,0.145975046
48201421103,2019,0.098936183
48201421104,2019,0.066399177
48201421203,2019,0.020590732
48201421204,2019,0.062811181
48201421205,2019,0.029671536
48201421206,2019,0.044077649
48201421301,2019,0.094913948
48201421302,2019,0.205966992
48201421401,2019,0.064213743
48201421402,2019,0.048640004
48201421403,2019,0.148014331
48201421501,2019,0.055230831
48201421502,2019,0.157185861
48201421601,2019,0.26969478
48201421602,2019,0.224710908
48201421700,2019,0.197025663
48201421801,2019,0.000878129
48201421802,2019,0.019093959
48201421900,2019,0.052101478
48201422000,2019,0.041793184
48201422100,2019,0.088744635
48201422200,2019,0
48201422302,2019,0
48201422303,2019,0
48201422304,2019,0
48201422403,2019,0.020954676
48201422404,2019,0.002321519
48201422405,2019,0.023455312
48201422406,2019,0.041550186
48201422501,2019,0.140774054
48201422502,2019,0.087090258
48201422601,2019,0.048407928
48201422602,2019,0.065051914
48201422701,2019,0.066445091
48201422702,2019,0.042732359
48201422800,2019,0.023662231
48201422900,2019,0.036201307
48201423001,2019,0.018723689
48201423002,2019,0.103202827
48201423100,2019,0.23117269
48201423201,2019,0.129742046
48201423203,2019,0.018641865
48201423204,2019,0.073117731
48201423301,2019,0.066316569
48201423303,2019,0.037667994
48201423304,2019,0.131652589
48201423401,2019,0.001133046
48201423402,2019,0.015849856
48201423500,2019,0.087287931
48201423600,2019,0.017305968
48201430101,2019,0.146774288
48201430102,2019,0.119472647
48201430200,2019,0.084243259
48201430300,2019,0.051080934
48201430400,2019,0.063862673
48201430500,2019,0.001334904
48201430600,2019,0.027586003
48201430700,2019,0.024944787
48201430800,2019,0.070687154
48201430900,2019,0.034487451
48201431001,2019,0.044988503
48201431002,2019,0.027112111
48201431101,2019,0.154755633
48201431102,2019,0.129479315
48201431203,2019,0.106037199
48201431204,2019,0.086355157
48201431205,2019,0.1128656
48201431206,2019,0.094344463
48201431302,2019,0.07403001
48201431303,2019,0.053484544
48201431304,2019,0.049310906
48201431401,2019,0.020530658
48201431403,2019,0.012023665
48201431404,2019,0.028172901
48201431503,2019,0.140611515
48201431504,2019,0.249410637
48201431505,2019,0.076582664
48201431506,2019,0.172135249
48201431600,2019,0.222727754
48201431701,2019,7.96E-06
48201431702,2019,0.047329638
48201431801,2019,0.00014311
48201431803,2019,1.74E-09
48201431804,2019,0
48201431901,2019,0.156174211
48201431902,2019,0.000134158
48201432003,2019,0.094489151
48201432004,2019,0.022169928
48201432005,2019,0.320876537
48201432006,2019,0.203218739
48201432101,2019,0.131812577
48201432102,2019,0.330631179
48201432200,2019,0.333925118
48201432301,2019,0.039984172
48201432302,2019,0.031179323
48201432303,2019,0.021857696
48201432401,2019,0.200725109
48201432402,2019,0.027668175
48201432501,2019,0.108098825
48201432502,2019,0.217747513
48201432600,2019,0.079738083
48201432703,2019,0.023515782
48201432704,2019,0.150954431
48201432705,2019,0.046670219
48201432706,2019,0.11317143
48201432803,2019,0.108377725
48201432804,2019,0.036424417
48201432805,2019,0.168015443
48201432806,2019,0.106185354
48201432901,2019,0.124627438
48201432903,2019,0.04145767
48201432904,2019,0.175580584
48201433003,2019,0.017109386
48201433004,2019,0.165060061
48201433005,2019,0.069512302
48201433006,2019,0.184269994
48201433007,2019,0.074468747
48201433100,2019,0.040851568
48201433201,2019,0.059163349
48201433202,2019,0.103804206
48201433300,2019,0.080799194
48201433400,2019,0.116751981
48201433503,2019,0.053481244
48201433504,2019,0.054672056
48201433505,2019,0.132717595
48201433506,2019,0.086448367
48201433507,2019,0.110394735
48201433601,2019,0.171265595
48201433602,2019,0.059535447
48201440101,2019,0.032465287
48201440102,2019,0.198955904
48201450100,2019,0.075281448
48201450200,2019,0.037178112
48201450301,2019,0.097595549
48201450302,2019,0.076317238
48201450401,2019,0.017478354
48201450402,2019,0.017239407
48201450500,2019,0.001739989
48201450600,2019,0.115149285
48201450700,2019,0.092310507
48201450801,2019,0.017622207
48201450803,2019,0.021079711
48201450804,2019,0.012357214
48201450900,2019,0.01372866
48201451003,2019,0.033786515
48201451004,2019,0.051951689
48201451005,2019,0.065701375
48201451006,2019,0.146875295
48201451100,2019,0.000891949
48201451200,2019,0.055376323
48201451301,2019,0.058258392
48201451302,2019,0.083557648
48201451401,2019,0.08093429
48201451404,2019,0.061141205
48201451405,2019,0.020560326
48201451406,2019,0.041401441
48201451407,2019,0.02252972
48201451501,2019,0.078224155
48201451502,2019,0.211488648
48201451603,2019,0.076149731
48201451604,2019,0.058059569
48201451605,2019,0.01053451
48201451606,2019,0.067001549
48201451700,2019,0.262440865
48201451800,2019,0.123040674
48201451902,2019,0.388220643
48201451903,2019,0.000346019
48201451904,2019,0.014097469
48201452001,2019,0.128086915
48201452002,2019,0.113999724
48201452101,2019,0.198805006
48201452102,2019,0.157838591
48201452103,2019,0.179297151
48201452202,2019,0.094696163
48201452203,2019,0.012959884
48201452204,2019,0.013065153
48201452300,2019,0.038291384
48201452401,2019,0.306143403
48201452402,2019,0.172532923
48201452501,2019,0.157568586
48201452502,2019,0.068950598
48201452601,2019,0.143693899
48201452602,2019,0.000797633
48201452701,2019,1.78E-06
48201452702,2019,2.69E-07
48201452703,2019,0.25027601
48201452801,2019,0.001983784
48201452802,2019,0.0523728
48201452900,2019,0.266774747
48201453001,2019,0.041124647
48201453002,2019,0.119457373
48201453100,2019,0.155960674
48201453201,2019,0.189874006
48201453202,2019,0.349081558
48201453300,2019,0.000298367
48201453401,2019,0.089852234
48201453403,2019,0.000625329
48201453404,2019,0.048416652
48201453405,2019,0.054044615
48201453501,2019,0.00088319
48201453502,2019,3.96421E-05
48201453601,2019,0.000506096
48201453603,2019,0.146659185
48201453604,2019,0.060684928
48201453701,2019,0.031187018
48201453702,2019,0.028568392
48201453800,2019,2.50E-06
48201453901,2019,0.095279788
48201453902,2019,1.92E-08
48201454000,2019,0.111255971
48201454100,2019,0.039660526
48201454200,2019,0.003906513
48201454302,2019,2.78312E-05
48201454303,2019,0.198373208
48201454304,2019,0.075691557
48201454305,2019,0.066616643
48201454400,2019,0.000971065
48201454502,2019,0.000111764
48201454503,2019,0.024265296
48201454504,2019,0.030336709
48201454505,2019,0.14079231
48201454600,2019,0.097569412
48201454700,2019,0.01897799
48201454801,2019,0.226923883
48201454802,2019,0.049125253
48201454901,2019,0
48201454902,2019,0.018144103
48201455000,2019,0.125238789
48201455102,2019,0.020399174
48201455103,2019,0.060696722
48201455104,2019,0.102463766
48201455200,2019,0.043224619
48201455300,2019,0.190693154
48201510100,2019,0.205501932
48201510201,2019,0.327103678
48201510202,2019,0.283360525
48201510301,2019,0.282177451
48201510302,2019,0.106496805
48201510400,2019,0.21995793
48201510500,2019,0.41300742
48201510601,2019,0.232801421
48201510602,2019,0.182215427
48201510701,2019,0.165861154
48201510702,2019,0.199898191
48201510801,2019,0.199780095
48201510802,2019,0.102479739
48201510803,2019,0.205399935
48201510901,2019,0.212830349
48201510902,2019,0.173607297
48201511001,2019,0.013918852
48201511003,2019,0.130391997
48201511004,2019,0.110309698
48201511100,2019,0.061446613
48201511201,2019,0.145165369
48201511202,2019,0.171102665
48201511301,2019,0.14513632
48201511302,2019,0.277015313
48201511400,2019,1.57E-01
48201511501,2019,0.172723526
48201511502,2019,0.27314406
48201511600,2019,0.443317109
48201520100,2019,0.177431823
48201520200,2019,0.25063157
48201520301,2019,0.203101322
48201520302,2019,0.19297771
48201520400,2019,0.085365416
48201520501,2019,0.055757969
48201520502,2019,0.054133141
48201520601,2019,0.099798303
48201520603,2019,0.067174191
48201520604,2019,0.188474329
48201520700,2019,0.258963676
48201521000,2019,0.119799576
48201521100,2019,0.162169237
48201521201,2019,0.200179839
48201521202,2019,0.150691812
48201521300,2019,0.169287535
48201521401,2019,0.035751954
48201521402,2019,0.095945874
48201521501,2019,0.184880556
48201521502,2019,0.046222432
48201521600,2019,0.002299903
48201521701,2019,0
48201521702,2019,1.02E-05
48201521800,2019,7.1094E-05
48201521900,2019,0.256333577
48201522001,2019,0.087824659
48201522002,2019,0.087347948
48201522101,2019,0.069924511
48201522102,2019,0.13740875
48201522201,2019,0.065965584
48201522202,2019,0.123848698
48201522301,2019,0.101383102
48201522302,2019,0.1600276
48201522401,2019,0.12160933
48201522402,2019,0.056955108
48201522500,2019,0.332680734
48201530101,2019,0.057521112
48201530102,2019,0.015203696
48201530200,2019,0.06713302
48201530300,2019,0.166295818
48201530400,2019,0.187629195
48201530501,2019,0.179714449
48201530502,2019,0.126409245
48201530600,2019,0.1880918
48201530701,2019,0.01191197
48201530702,2019,0.209843897
48201530800,2019,0.04392691
48201530900,2019,0.065189733
48201531000,2019,0.143995734
48201531100,2019,0.108358415
48201531200,2019,0.041021952
48201531300,2019,0.226242609
48201531400,2019,0.134530291
48201531500,2019,0.133834882
48201531600,2019,0.006070891
48201531700,2019,0.000553571
48201531800,2019,8.50084E-05
48201531900,2019,0.000762177
48201532003,2019,0.242548071
48201532004,2019,0.160098235
48201532101,2019,0.068388246
48201532102,2019,0.03236045
48201532200,2019,0.044880813
48201532301,2019,0.045008101
48201532302,2019,0.020021212
48201532400,2019,0.051051232
48201532502,2019,0.000430791
48201532503,2019,8.22448E-05
48201532504,2019,0.0001288
48201532600,2019,1.78E-06
48201532700,2019,0.006443074
48201532800,2019,0.029522755
48201532900,2019,0
48201533000,2019,0
48201533100,2019,0
48201533200,2019,6.90E-09
48201533301,2019,0.010931403
48201533302,2019,0.025773187
48201533401,2019,9.05788E-05
48201533402,2019,0.000165495
48201533500,2019,0.05672822
48201533600,2019,0
48201533701,2019,9.55E-07
48201533702,2019,0
48201533802,2019,9.22328E-05
48201533803,2019,0
48201533804,2019,2.99445E-05
48201533902,2019,0.33731092
48201533903,2019,0.140148834
48201533904,2019,0.056321924
48201534001,2019,0.093550092
48201534002,2019,0.024667597
48201534003,2019,0.038449421
48201534101,2019,0.001115534
48201534102,2019,0
48201534201,2019,0.016721971
48201534203,2019,2.12303E-05
48201534204,2019,0.033520807
48201534205,2019,0.080543768
48201540101,2019,0.01749023
48201540102,2019,3.85735E-05
48201540200,2019,0.000600494
48201540502,2019,0.103844793
48201540503,2019,0.036652476
48201540504,2019,0.055711452
48201540601,2019,0.041629774
48201540602,2019,0.124932463
48201540700,2019,0.027208932
48201540800,2019,0.057472034
48201540901,2019,0.037630632
48201540903,2019,0.174189625
48201540904,2019,0.077381265
48201541004,2019,0.062833461
48201541005,2019,0.184388253
48201541006,2019,0
48201541007,2019,0
48201541008,2019,0.000906364
48201541009,2019,0.000106518
48201541100,2019,0.019536679
48201541203,2019,0.019010114
48201541204,2019,0.03378135
48201541205,2019,0.012497641
48201541206,2019,0.027246544
48201541207,2019,0.010164437
48201541301,2019,0.068191845
48201541302,2019,0.000357766
48201541401,2019,0.027826927
48201541402,2019,0.028614134
48201541403,2019,0.042683823
48201541404,2019,0.018394583
48201541500,2019,0.00033618
48201541603,2019,0.05709748
48201541604,2019,0.018626309
48201541701,2019,0.113000382
48201541702,2019,3.94E-06
48201541703,2019,0.000178509
48201541801,2019,0.120698916
48201541802,2019,0.071460385
48201541901,2019,0.00010783
48201541902,2019,0
48201542001,2019,0
48201542002,2019,0
48201542003,2019,0.045870683
48201542004,2019,0.041003926
48201542103,2019,0
48201542104,2019,0
48201542105,2019,0
48201542106,2019,0
48201542107,2019,0
48201542108,2019,0
48201542201,2019,0
48201542202,2019,0
48201542203,2019,0
48201542302,2019,0.015200794
48201542303,2019,0.026730833
48201542304,2019,1.89E-07
48201542305,2019,1.72096E-05
48201542401,2019,0.104317617
48201542402,2019,0.046714709
48201542500,2019,0.022756894
48201542600,2019,0.102226782
48201542700,2019,0.00031461
48201542800,2019,0
48201542901,2019,0
48201542902,2019,0
48201543004,2019,0
48201543005,2019,0
48201543006,2019,0
48201543007,2019,0
48201543008,2019,0.000107871
48201543009,2019,0
48201543010,2019,0
48201543011,2019,0
48201543100,2019,0
48201543201,2019,0.026250069
48201543202,2019,0.002267895
48201550101,2019,6.03878E-05
48201550102,2019,0.024347296
48201550201,2019,0
48201550202,2019,0.001921097
48201550303,2019,0.002197759
48201550304,2019,0.004163072
48201550305,2019,0.007811507
48201550306,2019,0.04330748
48201550307,2019,0.235450344
48201550308,2019,0.299421619
48201550403,2019,0
48201550404,2019,0.000451988
48201550405,2019,0.15616613
48201550406,2019,0.054550863
48201550407,2019,0.023120031
48201550500,2019,0.047739257
48201550601,2019,0.002344556
48201550602,2019,0.078764937
48201550603,2019,0.006430261
48201550700,2019,0.05719936
48201550800,2019,0.00793296
48201550901,2019,0.003357328
48201550902,2019,0
48201551000,2019,0.101635459
48201551101,2019,0.02280004
48201551102,2019,0.038354548
48201551201,2019,0.156679379
48201551202,2019,0.068164707
48201551300,2019,0.055925257
48201551400,2019,0.067067672
48201551501,2019,0.017350128
48201551502,2019,0.014730937
48201551601,2019,0.071916324
48201551602,2019,0.057555567
48201551702,2019,0.074081159
48201551703,2019,0.040695643
48201551704,2019,0.058510642
48201551705,2019,0.076050862
48201551800,2019,0.030271425
48201551901,2019,0.024259466
48201551902,2019,0.019704857
48201552002,2019,0.036963348
48201552003,2019,0.093466463
48201552004,2019,0.262538436
48201552101,2019,0.044550304
48201552102,2019,0.035725385
48201552103,2019,0.026303147
48201552200,2019,0.071531151
48201552301,2019,0.059385842
48201552303,2019,0.041072071
48201552304,2019,0.06382715
48201552401,2019,0.121726797
48201552402,2019,0.043041345
48201552501,2019,0.066868446
48201552502,2019,0.19462735
48201552602,2019,0.111504119
48201552603,2019,0.004234072
48201552604,2019,0.037737758
48201552701,2019,0.045765896
48201552702,2019,0.305571348
48201552801,2019,0.027271172
48201552802,2019,0.017223555
48201552901,2019,0.038345348
48201552902,2019,0.038369665
48201553001,2019,0.045487556
48201553002,2019,0.035702054
48201553101,2019,0.058529277
48201553102,2019,0.02862346
48201553201,2019,0.058290452
48201553202,2019,0.126921576
48201553300,2019,0.341146505
48201553401,2019,0.001748524
48201553403,2019,0.020990766
48201553404,2019,8.217E-05
48201553405,2019,0.105524302
48201553500,2019,0.023302416
48201553601,2019,0.055439977
48201553602,2019,0.016598921
48201553700,2019,0.114403765
48201553801,2019,0.004782809
48201553803,2019,0.02572862
48201553804,2019,0.015621599
48201553901,2019,0.022176501
48201554001,2019,0.08382062
48201554002,2019,0.034337976
48201554103,2019,0.003183772
48201554104,2019,0.002046786
48201554201,2019,0.076419631
48201554202,2019,0.044874015
48201554301,2019,0.008583868
48201554302,2019,0.00038065
48201554404,2019,3.61335E-05
48201554405,2019,0
48201554406,2019,0
48201554407,2019,0
48201554408,2019,0
48201554409,2019,0
48201554410,2019,0.000662702
48201554501,2019,0
48201554502,2019,1.81726E-05
48201554600,2019,0.017022183
48201554701,2019,0.012177904
48201554702,2019,0.044601361
48201554803,2019,0
48201554804,2019,9.20378E-05
48201554805,2019,7.37796E-05
48201554806,2019,0
48201554807,2019,9.14E-07
48201554808,2019,7.27E-06
48201554809,2019,3.44E-06
48201554902,2019,0.002622511
48201554904,2019,0.055005226
48201554905,2019,0.019158074
48201554906,2019,2.73E-07
48201554907,2019,0.086626935
48201554908,2019,0.005269632
48201555001,2019,1.11289E-05
48201555002,2019,0.000106719
48201555101,2019,0
48201555102,2019,8.94797E-05
48201555200,2019,0
48201555301,2019,0
48201555303,2019,0
48201555304,2019,0
48201555305,2019,0
48201555401,2019,0.009873149
48201555403,2019,0.057356722
48201555404,2019,0.000480139
48201555501,2019,0
48201555503,2019,3.04E-06
48201555504,2019,0.000773162
48201555505,2019,0.004108082
48201555600,2019,0
48201555701,2019,0
48201555703,2019,0
48201555704,2019,0
48201556000,2019,0
48201556100,2019,0.012407806
48201980000,2019,0.00114951
48201980100,2019,0
48201980200,2019,0.034325592
48201980300,2019,0.001453314
48201980400,2019,0.000475704
48201980700,2019,0.000431819
48291700100,2019,0
48291700200,2019,0
48291700301,2019,0
48291700302,2019,0
48291700303,2019,0
48291700400,2019,0
48291700500,2019,0
48291700600,2019,0
48291700700,2019,0
48291700801,2019,0
48291700802,2019,0
48291700900,2019,0
48291701000,2019,0
48291701100,2019,0
48291701200,2019,0
48291701300,2019,0
48291701400,2019,0
48339690101,2019,0
48339690102,2019,0
48339690203,2019,0
48339690204,2019,0
48339690205,2019,0
48339690206,2019,0
48339690207,2019,0
48339690300,2019,0
48339690403,2019,1.32E-06
48339690404,2019,1.11E-05
48339690405,2019,0
48339690406,2019,0.003449772
48339690407,2019,0.002981976
48339690408,2019,1.11E-06
48339690501,2019,9.7587E-05
48339690502,2019,0.000342227
48339690503,2019,3.63E-07
48339690603,2019,0.002901309
48339690604,2019,0.00151003
48339690605,2019,0.052928588
48339690606,2019,5.98654E-05
48339690607,2019,0.039487596
48339690608,2019,0.127334681
48339690609,2019,0.051314045
48339690610,2019,0.016377738
48339690701,2019,0.01918365
48339690702,2019,0
48339690800,2019,8.52E-07
48339690900,2019,0.016359692
48339691000,2019,0.003063661
48339691100,2019,0.035696021
48339691201,2019,0.025567574
48339691202,2019,0.053706823
48339691301,2019,1.02E-05
48339691302,2019,0.047926637
48339691401,2019,0.002174469
48339691402,2019,0.133946185
48339691403,2019,0.052176401
48339691500,2019,0.254495583
48339691601,2019,0.039735861
48339691602,2019,0.016043565
48339691700,2019,0.000122757
48339691801,2019,0.022059804
48339691802,2019,0.014615077
48339691900,2019,0.000319395
48339692003,2019,0.00032378
48339692004,2019,1.02E-05
48339692005,2019,0
48339692006,2019,0
48339692007,2019,0
48339692008,2019,0
48339692009,2019,0
48339692010,2019,0
48339692101,2019,0.022826742
48339692102,2019,0.016815023
48339692103,2019,7.33E-07
48339692201,2019,0
48339692202,2019,1.39902E-05
48339692301,2019,0
48339692302,2019,0
48339692303,2019,0.051886705
48339692304,2019,0
48339692401,2019,0
48339692402,2019,0.096665421
48339692501,2019,0
48339692502,2019,0
48339692601,2019,0
48339692603,2019,0
48339692604,2019,0
48339692605,2019,0
48339692701,2019,0
48339692702,2019,0
48339692802,2019,0
48339692803,2019,0
48339692804,2019,0
48339692900,2019,0
48339693001,2019,0
48339693002,2019,0
48339693102,2019,0
48339693103,2019,0.000176929
48339693104,2019,0
48339693201,2019,0.000421485
48339693202,2019,0.000705451
48339693301,2019,3.97E-06
48339693302,2019,0
48339693303,2019,0
48339693304,2019,0
48339693401,2019,0.118695865
48339693402,2019,0.034970851
48339693501,2019,0.044744771
48339693502,2019,0.124324739
48339693503,2019,0.045156038
48339693600,2019,0.077250085
48339693701,2019,0
48339693702,2019,0.078049377
48339693703,2019,0.037293092
48339693800,2019,0.000373161
48339693901,2019,0.008689371
48339693902,2019,0.000889701
48339693903,2019,0.091607396
48339693904,2019,0.083011861
48339694001,2019,0
48339694002,2019,0
48339694103,2019,0
48339694104,2019,0
48339694105,2019,0
48339694106,2019,0
48339694107,2019,0
48339694203,2019,0
48339694204,2019,0
48339694205,2019,0
48339694206,2019,0
48339694207,2019,0
48339694208,2019,0
48339694209,2019,0
48339694210,2019,0
48339694303,2019,0
48339694304,2019,0
48339694305,2019,0
48339694306,2019,0
48339694307,2019,0
48339694308,2019,0
48339694309,2019,0
48339694401,2019,0
48339694402,2019,0
48339694403,2019,0
48339694501,2019,0
48339694502,2019,0
48339694503,2019,0
48339694601,2019,0
48339694602,2019,0
48339694603,2019,0
48339694700,2019,0
48473680100,2019,0
48473680201,2019,0
48473680202,2019,0
48473680301,2019,0
48473680302,2019,0
48473680303,2019,0.000289653
48473680501,2019,0.004606036
48473680502,2019,8.21648E-05
48473680601,2019,0
48473680602,2019,0
48473980000,2019,0
48039660100,2045,0.001899568
48039660200,2045,0.020563125
48039660301,2045,0.287420825
48039660302,2045,0.000218477
48039660303,2045,0.00034942
48039660401,2045,0.001148175
48039660402,2045,0.024735947
48039660403,2045,0.051920516
48039660501,2045,6.37211E-05
48039660502,2045,0
48039660503,2045,0.040243119
48039660504,2045,0
48039660603,2045,0.067723967
48039660604,2045,2.44E-05
48039660605,2045,0.004126676
48039660606,2045,0.010137525
48039660607,2045,0.363703802
48039660608,2045,0.003746257
48039660609,2045,0.000582778
48039660610,2045,0.136986906
48039660611,2045,2.76E-08
48039660612,2045,0.077235562
48039660613,2045,0
48039660614,2045,0
48039660615,2045,3.24124E-05
48039660616,2045,0.005448767
48039660703,2045,0.099726072
48039660704,2045,0.014442322
48039660705,2045,3.65E-06
48039660706,2045,0.000274911
48039660707,2045,4.01326E-05
48039660708,2045,1.33E-06
48039660803,2045,0
48039660804,2045,0.148945318
48039660805,2045,0
48039660806,2045,0.001597047
48039660901,2045,0
48039660902,2045,0
48039661000,2045,0.026221984
48039661100,2045,0.069089476
48039661200,2045,0.229715663
48039661300,2045,0.08930512
48039661400,2045,0.101073518
48039661501,2045,0
48039661502,2045,2.32659E-05
48039661601,2045,0.03778657
48039661602,2045,0.01604421
48039661700,2045,0
48039661800,2045,0
48039661901,2045,0
48039661902,2045,0
48039662000,2045,0
48039662100,2045,3.70246E-06
48039662200,2045,0.03564638
48039662300,2045,0.102214308
48039662400,2045,0.117198565
48039662500,2045,0
48039662600,2045,0
48039662700,2045,0
48039662800,2045,0
48039662900,2045,0
48039663000,2045,0
48039663100,2045,0.000174719
48039663200,2045,0.068314992
48039663300,2045,0.000318682
48039663400,2045,0.002802174
48039663500,2045,0.078780002
48039663600,2045,1.40381E-05
48039663700,2045,0
48039663800,2045,0.039879264
48039663900,2045,0.122699
48039664000,2045,0.00957043
48039664100,2045,0.006409557
48039664200,2045,0.003133953
48039664300,2045,0
48039664400,2045,0
48039664501,2045,0
48039990000,2045,0
48071710100,2045,0
48071710201,2045,0
48071710202,2045,0
48071710300,2045,0
48071710401,2045,0
48071710500,2045,0
48071710600,2045,0
48071990000,2045,0
48157670101,2045,0
48157670102,2045,0
48157670201,2045,0
48157670202,2045,5.83E-10
48157670300,2045,2.82E-11
48157670400,2045,0
48157670500,2045,0.062401297
48157670602,2045,0
48157670603,2045,0
48157670604,2045,9.17E-06
48157670700,2045,0
48157670801,2045,0
48157670802,2045,0
48157670803,2045,0
48157670804,2045,0
48157670902,2045,0
48157670903,2045,0
48157670904,2045,0.025600312
48157671001,2045,0.081588451
48157671002,2045,0
48157671101,2045,0
48157671102,2045,0.000930186
48157671200,2045,0.04471677
48157671300,2045,0.125325666
48157671401,2045,0.028627133
48157671402,2045,0.048274247
48157671501,2045,0.016752226
48157671502,2045,0.148073261
48157671601,2045,0.210348783
48157671602,2045,0.112853103
48157671700,2045,0.007098904
48157671800,2045,0.007158775
48157671900,2045,0.106423458
48157672002,2045,0.090456882
48157672003,2045,0.010440685
48157672004,2045,0.030711443
48157672100,2045,0.022922629
48157672201,2045,3.20597E-05
48157672202,2045,0.026880675
48157672303,2045,7.00189E-05
48157672304,2045,0.000115993
48157672305,2045,0.011699819
48157672306,2045,0.025553365
48157672401,2045,0.164896049
48157672402,2045,0.015177907
48157672500,2045,0.011979288
48157672602,2045,8.48E-06
48157672603,2045,0
48157672604,2045,1.62E-07
48157672701,2045,0.00179459
48157672702,2045,0
48157672703,2045,0.017281527
48157672801,2045,0
48157672802,2045,0
48157672901,2045,0
48157672902,2045,0.000131864
48157672903,2045,0
48157672904,2045,0
48157672905,2045,0
48157672906,2045,0
48157672907,2045,0
48157673004,2045,0.016501031
48157673005,2045,0.197739084
48157673006,2045,0.027862379
48157673007,2045,0
48157673008,2045,0.162063624
48157673009,2045,0.001242674
48157673010,2045,0.02550377
48157673103,2045,0.000483345
48157673104,2045,0.030807635
48157673105,2045,3.6984E-05
48157673106,2045,0.040197367
48157673107,2045,0.012573417
48157673108,2045,0
48157673109,2045,0
48157673110,2045,0
48157673111,2045,0
48157673112,2045,3.91E-06
48157673113,2045,0.024517121
48157673201,2045,0
48157673202,2045,0
48157673300,2045,0
48157673401,2045,0.000524495
48157673402,2045,0
48157673403,2045,0.000262019
48157673404,2045,0
48157673501,2045,0
48157673502,2045,0
48157673600,2045,0
48157673700,2045,0
48157673801,2045,7.62E-07
48157673802,2045,0
48157673902,2045,0
48157673903,2045,0
48157673904,2045,0
48157674001,2045,1.58688E-05
48157674002,2045,0.082917433
48157674100,2045,0.094097101
48157674200,2045,0.028890125
48157674301,2045,0.052416643
48157674302,2045,0.08491613
48157674401,2045,2.85874E-05
48157674402,2045,0
48157674403,2045,0
48157674404,2045,0.000263882
48157674503,2045,0
48157674504,2045,0
48157674505,2045,0
48157674506,2045,0
48157674507,2045,2.70155E-05
48157674508,2045,0
48157674601,2045,0.049125525
48157674602,2045,0
48157674603,2045,0.000114013
48157674604,2045,0.000999112
48157674701,2045,0
48157674702,2045,0.029961868
48157674800,2045,0.124405024
48157674900,2045,0.072702752
48157675000,2045,0.10702089
48157675101,2045,0.121417765
48157675102,2045,0.100427667
48157675200,2045,0.168498538
48157675300,2045,0.007380768
48157675401,2045,0
48157675402,2045,1.66811E-05
48157675501,2045,1.63E-06
48157675502,2045,0.065311816
48157675503,2045,0
48157675600,2045,0
48157675701,2045,0
48157675702,2045,0
48157675800,2045,0
48167720100,2045,0.042949593
48167720200,2045,0.009499547
48167720301,2045,0.013560203
48167720302,2045,1.85565E-05
48167720400,2045,0
48167720501,2045,0.014190956
48167720504,2045,0
48167720505,2045,0
48167720506,2045,0.000113817
48167720507,2045,0
48167720508,2045,0.000210982
48167720509,2045,0.057281136
48167720510,2045,0.026919801
48167720511,2045,3.50611E-05
48167720512,2045,0.000158853
48167720601,2045,0.10130865
48167720602,2045,0.042850256
48167720603,2045,0
48167720604,2045,0
48167720605,2045,0
48167720701,2045,0.010497841
48167720702,2045,0.159016153
48167720703,2045,0.000551968
48167720800,2045,0.007265818
48167720900,2045,0.166349265
48167721000,2045,0.001466498
48167721101,2045,0.0225646
48167721102,2045,0.000367992
48167721103,2045,3.39E-07
48167721203,2045,1.63033E-05
48167721204,2045,0.00040791
48167721205,2045,3.88511E-05
48167721206,2045,3.98E-07
48167721207,2045,3.40526E-05
48167721208,2045,0.000218894
48167721209,2045,0
48167721210,2045,0
48167721211,2045,0
48167721301,2045,0.067175638
48167721302,2045,0.002464632
48167721401,2045,0.017624237
48167721402,2045,0.022298791
48167721403,2045,0.037166639
48167721501,2045,0.027669886
48167721502,2045,0.020293158
48167721503,2045,0.002667942
48167721600,2045,7.44961E-05
48167721701,2045,0
48167721702,2045,0
48167721703,2045,0
48167721800,2045,0
48167721901,2045,3.57176E-05
48167721902,2045,0.078603574
48167722001,2045,0.000646244
48167722002,2045,0.114773405
48167722100,2045,0.010032582
48167722200,2045,0.142604628
48167722300,2045,0.184825281
48167722600,2045,0.115975576
48167722700,2045,0.00662185
48167722800,2045,5.88E-08
48167722900,2045,0
48167723000,2045,1.35E-06
48167723100,2045,7.21E-07
48167723200,2045,0
48167723300,2045,9.13774E-05
48167723401,2045,0
48167723402,2045,0
48167723403,2045,0
48167723501,2045,0
48167723503,2045,0
48167723504,2045,0
48167723505,2045,0
48167723600,2045,0
48167723700,2045,0
48167723800,2045,0
48167723900,2045,0
48167724000,2045,0.005812265
48167724101,2045,0.188240618
48167724200,2045,0
48167724300,2045,0.004803951
48167724400,2045,0.186976842
48167724500,2045,0
48167724600,2045,0.00605862
48167724700,2045,0.09937803
48167724800,2045,0.527268494
48167724900,2045,0.206310611
48167725000,2045,0.423699569
48167725100,2045,0.295417619
48167725200,2045,0.229197517
48167725300,2045,0.181608189
48167725400,2045,0.114598658
48167725500,2045,0.217145465
48167725600,2045,0.311972703
48167725700,2045,0.047609585
48167725800,2045,0.108957023
48167725900,2045,2.16E-06
48167726000,2045,0
48167726101,2045,0
48167726102,2045,0
48167726200,2045,0.000275587
48167990000,2045,0
48167990100,2045,0
48201100001,2045,1.19596E-06
48201210400,2045,0.339702942
48201210500,2045,0.186375413
48201210600,2045,0.14345013
48201210700,2045,0.013322077
48201210800,2045,0.041411133
48201210900,2045,0.025948348
48201211000,2045,0
48201211101,2045,0.000895061
48201211102,2045,0
48201211200,2045,0.045587354
48201211301,2045,0.106206248
48201211302,2045,0.041857768
48201211400,2045,0.170746758
48201211501,2045,0.178531299
48201211502,2045,0.066088791
48201211600,2045,0.181353861
48201211700,2045,0.101591224
48201211900,2045,0.03293893
48201212300,2045,0.409537887
48201212400,2045,0.00962573
48201212500,2045,0.022498839
48201220100,2045,4.74E-08
48201220200,2045,0.072924849
48201220300,2045,0.092901886
48201220400,2045,0.193053045
48201220500,2045,0.252573061
48201220600,2045,0.276178342
48201220701,2045,0.103155376
48201220702,2045,0.001035588
48201220800,2045,0.035399252
48201220900,2045,0.205476083
48201221000,2045,0.036803888
48201221100,2045,0.019436546
48201221200,2045,0.025577933
48201221301,2045,0.197909013
48201221302,2045,0.093691417
48201221400,2045,0.146143581
48201221501,2045,0.191240322
48201221502,2045,0.041230848
48201221601,2045,0.002700267
48201221602,2045,0.060772033
48201221701,2045,0.067812762
48201221702,2045,8.1068E-05
48201221800,2045,0.000712075
48201221900,2045,1.60474E-05
48201222000,2045,0.015951208
48201222100,2045,0.063221426
48201222200,2045,0.281872511
48201222300,2045,0.023442251
48201222401,2045,0.000538567
48201222402,2045,0.01070228
48201222501,2045,0.076298499
48201222502,2045,0.09591328
48201222504,2045,0.051058143
48201222505,2045,0.046881516
48201222601,2045,0.002818656
48201222602,2045,0.000628267
48201222701,2045,0
48201222702,2045,0
48201222800,2045,0
48201222900,2045,0.000398619
48201223001,2045,0.03486878
48201223002,2045,0.073879272
48201223100,2045,0
48201230100,2045,0.000269087
48201230200,2045,0.000492683
48201230300,2045,0
48201230400,2045,0.000156053
48201230500,2045,0.015807424
48201230600,2045,0.000353837
48201230700,2045,8.32E-06
48201230800,2045,0
48201230900,2045,0
48201231000,2045,0
48201231100,2045,0
48201231200,2045,0
48201231300,2045,0
48201231400,2045,0
48201231500,2045,0
48201231600,2045,0
48201231700,2045,0.013486085
48201231800,2045,0.000156697
48201231900,2045,0
48201232000,2045,0.000727962
48201232100,2045,0.01709
48201232201,2045,0
48201232202,2045,0
48201232203,2045,0
48201232303,2045,0
48201232304,2045,0
48201232305,2045,0
48201232306,2045,0
48201232402,2045,0.012624132
48201232403,2045,0.008870895
48201232404,2045,0.000185451
48201232405,2045,0.039272661
48201232500,2045,0
48201232600,2045,0.014669346
48201232701,2045,0.046746944
48201232703,2045,0.101759693
48201232704,2045,0.091683925
48201232801,2045,0.006605556
48201232802,2045,0.000446214
48201232901,2045,0.148370705
48201232902,2045,0.058884773
48201233001,2045,0.031337675
48201233002,2045,0.03176401
48201233003,2045,0.014977756
48201233101,2045,0.056850701
48201233103,2045,0.076229596
48201233104,2045,2.92E-05
48201233105,2045,6.51107E-05
48201233200,2045,0.143345715
48201233300,2045,0.069654763
48201233400,2045,0.103932036
48201233501,2045,0.033752014
48201233502,2045,0.039258126
48201233600,2045,0.009106932
48201233701,2045,0.180179735
48201233702,2045,0.031266518
48201233703,2045,0.116821179
48201240101,2045,0.014002287
48201240102,2045,0.004981253
48201240400,2045,0.001058885
48201240503,2045,0.021588632
48201240504,2045,0.071642002
48201240505,2045,0.024645652
48201240506,2045,0.062007606
48201240600,2045,0.005829008
48201240703,2045,0.026379145
48201240704,2045,0.04783542
48201240705,2045,0.018275565
48201240706,2045,0.001792704
48201240707,2045,0.003087666
48201240802,2045,0
48201240803,2045,0.064555487
48201240804,2045,0.077228707
48201240903,2045,0
48201240904,2045,0
48201240905,2045,0
48201240906,2045,0
48201241001,2045,0
48201241002,2045,0
48201241101,2045,0
48201241103,2045,0
48201241104,2045,0
48201241105,2045,0
48201241201,2045,0
48201241202,2045,0
48201241301,2045,0.026408147
48201241302,2045,0.000523144
48201241400,2045,0.071717377
48201241501,2045,0
48201241502,2045,0
48201241503,2045,0.002470925
48201250101,2045,6.59E-07
48201250102,2045,6.15E-06
48201250201,2045,0.016873019
48201250202,2045,0.00012991
48201250303,2045,8.39E-06
48201250304,2045,0
48201250305,2045,3.85246E-05
48201250306,2045,0
48201250403,2045,0.010293058
48201250404,2045,0.010693513
48201250405,2045,0.051515264
48201250406,2045,0.008736932
48201250407,2045,3.72E-06
48201250408,2045,0.001011392
48201250500,2045,0.09632141
48201250601,2045,0.000499252
48201250602,2045,0.019611315
48201250701,2045,0.000164481
48201250702,2045,0.023617265
48201250801,2045,0.009742144
48201250802,2045,0.009162069
48201250901,2045,0.069422981
48201250902,2045,0.000461582
48201251000,2045,0.055153592
48201251100,2045,0.009931646
48201251200,2045,0.039681731
48201251300,2045,0.025030852
48201251401,2045,0
48201251402,2045,0.000312773
48201251501,2045,8.38E-06
48201251503,2045,1.95E-06
48201251504,2045,0.013832266
48201251505,2045,0.013197181
48201251600,2045,0
48201251701,2045,4.48567E-05
48201251702,2045,0.000135681
48201251800,2045,0
48201251902,2045,0
48201251903,2045,0
48201251904,2045,0
48201252001,2045,0
48201252002,2045,0
48201252003,2045,2.18E-07
48201252100,2045,0
48201252201,2045,0.059686311
48201252202,2045,0.014587646
48201252303,2045,0.00200446
48201252304,2045,0.016753081
48201252305,2045,0.035290684
48201252306,2045,0.000180385
48201252400,2045,0.008959786
48201252500,2045,0.002216162
48201252601,2045,0.000579522
48201252602,2045,0.000134224
48201252700,2045,0
48201252800,2045,0
48201252901,2045,1.26E-08
48201252902,2045,0
48201253000,2045,0
48201253101,2045,0
48201253102,2045,0
48201253201,2045,3.78E-08
48201253202,2045,9.89E-07
48201253300,2045,0
48201253501,2045,0
48201253502,2045,0
48201253601,2045,0.000486927
48201253602,2045,0.095320967
48201253700,2045,0.104389962
48201253800,2045,0.020615907
48201253900,2045,0.02956936
48201254000,2045,0.00017703
48201254100,2045,0.080698412
48201254200,2045,0.023922797
48201254300,2045,0.291359305
48201254400,2045,0.16086726
48201254600,2045,0
48201254700,2045,8.58799E-05
48201254800,2045,0
48201310101,2045,0.160901814
48201310102,2045,0.048746504
48201310200,2045,0.18686945
48201310300,2045,0.535612156
48201310400,2045,0.360414782
48201310500,2045,0.328143484
48201310600,2045,0.286028234
48201310700,2045,0.391166387
48201310800,2045,0.218151102
48201310900,2045,0.277475505
48201311001,2045,0.192544006
48201311002,2045,0.271115929
48201311100,2045,0.243093794
48201311200,2045,0.006852239
48201311300,2045,0.306833421
48201311400,2045,0.122207933
48201311501,2045,0.157086483
48201311502,2045,0.252596416
48201311600,2045,0.406679986
48201311701,2045,0.479216186
48201311702,2045,0.201838122
48201311800,2045,0.232472415
48201311900,2045,0.023196134
48201312000,2045,0.004222308
48201312200,2045,0.172259297
48201312300,2045,0.151410439
48201312400,2045,0.181843765
48201312501,2045,0
48201312502,2045,0.3375032
48201312601,2045,0.360810702
48201312602,2045,0.341414632
48201312603,2045,0.408793353
48201312700,2045,0.199088433
48201312800,2045,0.219673214
48201312901,2045,0.01812008
48201312902,2045,0.199217191
48201313000,2045,0.258305762
48201313101,2045,0.233570125
48201313102,2045,0.001113602
48201313201,2045,0.106107001
48201313202,2045,0.136572595
48201313300,2045,0.11033333
48201313400,2045,0.252588877
48201313500,2045,0.047749319
48201313600,2045,0.074580586
48201313700,2045,0.129270793
48201313801,2045,0.133268639
48201313802,2045,0.178715267
48201313901,2045,0.108228739
48201313902,2045,0.242573873
48201314001,2045,0.083234727
48201314003,2045,0.089608367
48201314004,2045,0.479930059
48201314005,2045,0.414523731
48201314301,2045,0.101104435
48201314302,2045,0.158828663
48201314401,2045,6.4881E-05
48201314402,2045,0.002113792
48201320100,2045,0.16687862
48201320201,2045,0.056950037
48201320202,2045,0.055866966
48201320500,2045,0.000631774
48201320601,2045,0.008681734
48201320602,2045,0.05048499
48201320700,2045,0.059148523
48201320800,2045,0.100741365
48201320901,2045,0.018354572
48201320902,2045,0.028203121
48201321001,2045,0.092149428
48201321002,2045,0.080902308
48201321101,2045,0.022838212
48201321102,2045,0.033372898
48201321200,2045,0.001621319
48201321301,2045,4.96E-06
48201321302,2045,1.02E-05
48201321401,2045,0.041634646
48201321402,2045,0.029955908
48201321500,2045,0.175026814
48201321600,2045,0.063282693
48201321700,2045,0.018027378
48201321800,2045,6.69E-06
48201321900,2045,0.111996938
48201322000,2045,0.04902281
48201322100,2045,0.148282064
48201322200,2045,0.130798027
48201322600,2045,0.043553508
48201322701,2045,0.058916062
48201322702,2045,0.013637127
48201322800,2045,0.007696157
48201322900,2045,0.061637647
48201323000,2045,0.229750925
48201323100,2045,0.216849963
48201323200,2045,0.230169834
48201323300,2045,0.151921318
48201323400,2045,0.053659832
48201323500,2045,0.356181535
48201323601,2045,0.123061971
48201323602,2045,0.035071492
48201323701,2045,0.127322731
48201323702,2045,0.144885768
48201323801,2045,0.048696593
48201323802,2045,0.03585516
48201323900,2045,0.127690005
48201324000,2045,0.089037174
48201324101,2045,0.209837397
48201324102,2045,0.004391422
48201324200,2045,0.008107672
48201330101,2045,0
48201330102,2045,0
48201330200,2045,0.011275563
48201330301,2045,0.114835799
48201330302,2045,0.001347948
48201330303,2045,2.5865E-05
48201330400,2045,0.005586148
48201330500,2045,3.11E-06
48201330600,2045,2.15E-08
48201330700,2045,0
48201330801,2045,0
48201330802,2045,0
48201330901,2045,0
48201330902,2045,0
48201331100,2045,0.081785181
48201331200,2045,7.67875E-05
48201331300,2045,0
48201331400,2045,0
48201331501,2045,0
48201331502,2045,0
48201331602,2045,0
48201331603,2045,0
48201331604,2045,0
48201331700,2045,0
48201331800,2045,0
48201331900,2045,3.53E-08
48201332000,2045,4.04148E-05
48201332100,2045,3.26857E-05
48201332200,2045,0.129368706
48201332300,2045,0.025512557
48201332400,2045,0.004366125
48201332500,2045,0.000200983
48201332600,2045,0.129619773
48201332700,2045,0.163994829
48201332800,2045,0.269898845
48201332900,2045,0.166151463
48201333000,2045,0.172906376
48201333100,2045,0.30861768
48201333201,2045,0.069302567
48201333203,2045,0.086574582
48201333204,2045,1.17E-05
48201333205,2045,0.000126152
48201333301,2045,0.445140173
48201333302,2045,0.117194138
48201333501,2045,0.061575491
48201333502,2045,0.123255656
48201333600,2045,0.006928067
48201333700,2045,0.000409668
48201333801,2045,0
48201333802,2045,0
48201333903,2045,0.052625912
48201333904,2045,0.029626545
48201333905,2045,5.43005E-05
48201333906,2045,0
48201334001,2045,0.26676521
48201334002,2045,0.2746515
48201334003,2045,0.079160218
48201334101,2045,0.107798021
48201334102,2045,0.003407826
48201340101,2045,0
48201340102,2045,0.000305419
48201340201,2045,0
48201340202,2045,0
48201340203,2045,0
48201340301,2045,0.000202791
48201340302,2045,0.00016002
48201340400,2045,0.143974443
48201340501,2045,0.123746518
48201340502,2045,0.19019999
48201340600,2045,0.000772514
48201340701,2045,0.041806356
48201340702,2045,2.81997E-05
48201340800,2045,0
48201340900,2045,1.89E-06
48201341001,2045,0.012718232
48201341002,2045,0.013858448
48201341101,2045,6.7699E-05
48201341102,2045,0.039668556
48201341201,2045,6.89E-02
48201341203,2045,0.041134853
48201341204,2045,0.025298167
48201341302,2045,0.14197476
48201341303,2045,0.114762832
48201341304,2045,0.001100009
48201341400,2045,6.32324E-05
48201341501,2045,7.47164E-05
48201341502,2045,0.115948785
48201341600,2045,0.029264524
48201341700,2045,0
48201341800,2045,0
48201342001,2045,0.021407261
48201342002,2045,0.182410967
48201342100,2045,0.124899651
48201342200,2045,0.025246039
48201342300,2045,0.086645595
48201342400,2045,0.119035373
48201342500,2045,0.113669982
48201342700,2045,0.183257795
48201342801,2045,0.000413467
48201342802,2045,0.001461689
48201342900,2045,0.014119253
48201343000,2045,0.113561821
48201343100,2045,0.006213949
48201343200,2045,8.90271E-06
48201343301,2045,0
48201343302,2045,7.91E-06
48201343601,2045,0
48201343602,2045,0
48201343700,2045,7.13E-08
48201350101,2045,0.021828717
48201350102,2045,0.000132404
48201350103,2045,8.29069E-05
48201350104,2045,2.93E-07
48201350201,2045,0.000350507
48201350202,2045,1.96E-06
48201350300,2045,0.012680822
48201350400,2045,0.093615928
48201350500,2045,0.02452755
48201350601,2045,2.30E-07
48201350603,2045,0
48201350604,2045,0
48201350700,2045,6.95E-06
48201350801,2045,7.34E-06
48201350803,2045,0
48201350804,2045,6.09E-06
48201410101,2045,0.165293789
48201410102,2045,0.057379522
48201410201,2045,0.285178276
48201410202,2045,0.210744688
48201410300,2045,0.348566287
48201410401,2045,0.301965302
48201410402,2045,0.261509886
48201410501,2045,0.352428184
48201410502,2045,0.323392112
48201410601,2045,0.265788498
48201410602,2045,0.095151826
48201410703,2045,0.156604292
48201410704,2045,0.231528962
48201410705,2045,0.220965203
48201410706,2045,0.217640122
48201410801,2045,0.253555478
48201410802,2045,0.283337893
48201410900,2045,0.5406094
48201411001,2045,0.038255285
48201411002,2045,0.143379965
48201411003,2045,0.277635827
48201411100,2045,0.248800566
48201411200,2045,0.077543171
48201411301,2045,4.87E-06
48201411302,2045,0.00018493
48201411400,2045,0.222950618
48201411503,2045,2.33976E-05
48201411504,2045,0.112520586
48201411505,2045,0.212685034
48201411506,2045,0.000527849
48201411507,2045,0.154362413
48201411600,2045,0.090122032
48201411700,2045,0.154518536
48201411801,2045,0.025669507
48201411802,2045,0.033730542
48201411901,2045,0.242022718
48201411902,2045,0.1870809
48201412000,2045,0.148460401
48201412201,2045,0.001072302
48201412202,2045,0.106149108
48201412300,2045,0.203723393
48201412400,2045,0.165449138
48201412500,2045,0.106442674
48201412600,2045,0.145823668
48201412700,2045,0.230052123
48201412800,2045,0.110450381
48201412901,2045,0.070398397
48201412902,2045,0.191294683
48201413000,2045,0.152399007
48201413100,2045,0.035564932
48201413203,2045,0.070825935
48201413204,2045,0.049768275
48201413205,2045,0.086354861
48201413206,2045,0.093740767
48201413301,2045,0.34717484
48201413302,2045,0.118195686
48201420100,2045,0.17847813
48201420200,2045,0.095276601
48201420300,2045,0.250683705
48201420400,2045,0.012006805
48201420500,2045,0.1184223
48201420600,2045,0.128342839
48201420700,2045,0.085336931
48201420800,2045,0.104687162
48201420900,2045,0.189906617
48201421000,2045,0.000939898
48201421101,2045,0.143581026
48201421103,2045,0.095283922
48201421104,2045,0.141390899
48201421203,2045,0.101852104
48201421204,2045,0.066374458
48201421205,2045,0.048763017
48201421206,2045,0.046469867
48201421301,2045,0.061794281
48201421302,2045,0.090502944
48201421401,2045,0.061847918
48201421402,2045,0.046575522
48201421403,2045,0.141744817
48201421501,2045,0.051653929
48201421502,2045,0.148054471
48201421601,2045,0.269667124
48201421602,2045,0.213460614
48201421700,2045,0.197025698
48201421801,2045,0.000878129
48201421802,2045,0.019146216
48201421900,2045,0.052101478
48201422000,2045,0.041793313
48201422100,2045,0.088744803
48201422200,2045,0
48201422302,2045,0
48201422303,2045,0
48201422304,2045,0
48201422403,2045,0.020954676
48201422404,2045,0.002321519
48201422405,2045,0.023462708
48201422406,2045,0.041553814
48201422501,2045,0.140774054
48201422502,2045,0.087084704
48201422601,2045,0.048409159
48201422602,2045,0.049129976
48201422701,2045,0.066004189
48201422702,2045,0.042646279
48201422800,2045,0.016447018
48201422900,2045,0.020924994
48201423001,2045,0.0189618
48201423002,2045,0.073418166
48201423100,2045,0.115461554
48201423201,2045,0.129270501
48201423203,2045,0.026611981
48201423204,2045,0.047075849
48201423301,2045,0.063884723
48201423303,2045,0.038790021
48201423304,2045,0.135600373
48201423401,2045,0.001115345
48201423402,2045,0.013357148
48201423500,2045,0.090880041
48201423600,2045,0.017305831
48201430101,2045,0.169077386
48201430102,2045,0.119473556
48201430200,2045,0.084296821
48201430300,2045,0.077766003
48201430400,2045,0.064417924
48201430500,2045,0.001198626
48201430600,2045,0.027424298
48201430700,2045,0.024567685
48201430800,2045,0.038064643
48201430900,2045,0.033885321
48201431001,2045,0.02407107
48201431002,2045,0.027078351
48201431101,2045,0.154803436
48201431102,2045,0.129481439
48201431203,2045,0.103520645
48201431204,2045,0.103060576
48201431205,2045,0.1128656
48201431206,2045,0.094349148
48201431302,2045,0.070136283
48201431303,2045,0.04689548
48201431304,2045,0.04344742
48201431401,2045,0.01542568
48201431403,2045,0.008992604
48201431404,2045,0.021051259
48201431503,2045,0.14063574
48201431504,2045,0.249476599
48201431505,2045,0.078651954
48201431506,2045,0.176750567
48201431600,2045,0.222609125
48201431701,2045,8.43E-06
48201431702,2045,0.047329816
48201431801,2045,0.000137693
48201431803,2045,1.74E-09
48201431804,2045,0
48201431901,2045,0.169913053
48201431902,2045,0.000154177
48201432003,2045,0.109231938
48201432004,2045,0.021818831
48201432005,2045,0.320855471
48201432006,2045,0.203079953
48201432101,2045,0.132619747
48201432102,2045,0.330612171
48201432200,2045,0.333684072
48201432301,2045,0.041580985
48201432302,2045,0.032465342
48201432303,2045,0.022739655
48201432401,2045,0.153067723
48201432402,2045,0.030176786
48201432501,2045,0.098139201
48201432502,2045,0.199186285
48201432600,2045,0.1015543
48201432703,2045,0.019121513
48201432704,2045,0.108020552
48201432705,2045,0.03765761
48201432706,2045,0.091621638
48201432803,2045,0.108411828
48201432804,2045,0.107361197
48201432805,2045,0.116157349
48201432806,2045,0.106029298
48201432901,2045,0.23257001
48201432903,2045,0.03634013
48201432904,2045,0.149203096
48201433003,2045,2.09945E-05
48201433004,2045,0.164622181
48201433005,2045,0.000420301
48201433006,2045,0.184257587
48201433007,2045,0.069317021
48201433100,2045,0.058663089
48201433201,2045,0.071098752
48201433202,2045,0.12454034
48201433300,2045,0.087396414
48201433400,2045,0.118146365
48201433503,2045,0.053460259
48201433504,2045,0.114585765
48201433505,2045,0.132717595
48201433506,2045,0.086448367
48201433507,2045,0.110395207
48201433601,2045,0.176748923
48201433602,2045,0.134031497
48201440101,2045,0.028076791
48201440102,2045,0.198803466
48201450100,2045,0.077098856
48201450200,2045,0.033511525
48201450301,2045,0.086008452
48201450302,2045,0.067221652
48201450401,2045,0.017462403
48201450402,2045,0.017235541
48201450500,2045,0.0017398
48201450600,2045,0.114371533
48201450700,2045,0.092317528
48201450801,2045,0.018170071
48201450803,2045,0.02171227
48201450804,2045,0.012743274
48201450900,2045,0.009409972
48201451003,2045,0.034197823
48201451004,2045,0.063798508
48201451005,2045,0.066512236
48201451006,2045,0.1486839
48201451100,2045,0.000852084
48201451200,2045,0.055376079
48201451301,2045,0.058309299
48201451302,2045,0.083565231
48201451401,2045,0.080946066
48201451404,2045,0.061152346
48201451405,2045,0.019250936
48201451406,2045,0.041380844
48201451407,2045,0.022518957
48201451501,2045,0.078183895
48201451502,2045,0.211218668
48201451603,2045,0.07611422
48201451604,2045,0.058032092
48201451605,2045,0.010484383
48201451606,2045,0.066887126
48201451700,2045,0.179102144
48201451800,2045,0.178089782
48201451902,2045,0.385040278
48201451903,2045,0.000345884
48201451904,2045,0.013929603
48201452001,2045,0.127899304
48201452002,2045,0.113943211
48201452101,2045,0.255305875
48201452102,2045,0.157843838
48201452103,2045,0.179595533
48201452202,2045,0.090000116
48201452203,2045,0.028489993
48201452204,2045,0.028048353
48201452300,2045,0.029743336
48201452401,2045,0.318660821
48201452402,2045,0.190318545
48201452501,2045,0.157610602
48201452502,2045,0.068861275
48201452601,2045,0.143694891
48201452602,2045,0.00079708
48201452701,2045,1.67E-06
48201452702,2045,2.69E-07
48201452703,2045,0.250276437
48201452801,2045,0.001975571
48201452802,2045,0.052372777
48201452900,2045,0.266774747
48201453001,2045,0.061340054
48201453002,2045,0.119458231
48201453100,2045,0.123220529
48201453201,2045,0.189873125
48201453202,2045,0.348868937
48201453300,2045,0.069425026
48201453401,2045,0.057395894
48201453403,2045,0.000403116
48201453404,2045,0.02806938
48201453405,2045,0.031783738
48201453501,2045,0.000755538
48201453502,2045,3.96183E-05
48201453601,2045,0.000502162
48201453603,2045,0.088277588
48201453604,2045,0.045570086
48201453701,2045,0.029244842
48201453702,2045,0.028525933
48201453800,2045,2.35E-06
48201453901,2045,0.095337583
48201453902,2045,1.80E-08
48201454000,2045,0.111314578
48201454100,2045,0.039634525
48201454200,2045,0.003908411
48201454302,2045,2.71885E-05
48201454303,2045,0.193813847
48201454304,2045,0.075646476
48201454305,2045,0.067196106
48201454400,2045,0.000970108
48201454502,2045,0.000109601
48201454503,2045,0.023761767
48201454504,2045,0.029821714
48201454505,2045,0.140683986
48201454600,2045,0.097528971
48201454700,2045,0.018974131
48201454801,2045,0.226923883
48201454802,2045,0.049125691
48201454901,2045,0
48201454902,2045,0.01821491
48201455000,2045,0.125238789
48201455102,2045,0.020398696
48201455103,2045,0.060696722
48201455104,2045,0.102463246
48201455200,2045,0.043168041
48201455300,2045,0.18487371
48201510100,2045,0.205727454
48201510201,2045,0.327151398
48201510202,2045,0.283601481
48201510301,2045,0.282418695
48201510302,2045,0.106600231
48201510400,2045,0.219958224
48201510500,2045,0.41300742
48201510601,2045,0.232801421
48201510602,2045,0.184684212
48201510701,2045,0.16586117
48201510702,2045,0.199898191
48201510801,2045,0.198208776
48201510802,2045,0.085835471
48201510803,2045,0.207806276
48201510901,2045,0.216137369
48201510902,2045,0.199886302
48201511001,2045,0.035734876
48201511003,2045,0.130897102
48201511004,2045,0.119383911
48201511100,2045,0.053922089
48201511201,2045,0.147194993
48201511202,2045,0.172707929
48201511301,2045,0.145380611
48201511302,2045,0.277015313
48201511400,2045,0.156981466
48201511501,2045,0.172609108
48201511502,2045,0.273146422
48201511600,2045,0.443258333
48201520100,2045,0.198330427
48201520200,2045,0.251336277
48201520301,2045,0.202866463
48201520302,2045,0.192998713
48201520400,2045,0.06588199
48201520501,2045,0.049453838
48201520502,2045,0.054030179
48201520601,2045,0.111179794
48201520603,2045,0.067230933
48201520604,2045,0.188196349
48201520700,2045,0.258963676
48201521000,2045,0.115876032
48201521100,2045,0.162176118
48201521201,2045,0.200199419
48201521202,2045,0.15073089
48201521300,2045,0.117881735
48201521401,2045,0.039824616
48201521402,2045,0.098450233
48201521501,2045,0.188231168
48201521502,2045,0.057782499
48201521600,2045,0.013412617
48201521701,2045,1.64E-06
48201521702,2045,3.31E-07
48201521800,2045,3.50618E-05
48201521900,2045,0.2263477
48201522001,2045,0.080462695
48201522002,2045,0.080200634
48201522101,2045,0.070037754
48201522102,2045,0.137673994
48201522201,2045,0.067660262
48201522202,2045,0.126690221
48201522301,2045,0.098526282
48201522302,2045,0.152133369
48201522401,2045,0.126250553
48201522402,2045,0.015747509
48201522500,2045,0.335936314
48201530101,2045,0.053332244
48201530102,2045,0.039838954
48201530200,2045,0.068644832
48201530300,2045,0.166634181
48201530400,2045,0.1876393
48201530501,2045,0.186884211
48201530502,2045,0.129155734
48201530600,2045,0.182631559
48201530701,2045,0.012801071
48201530702,2045,0.197231026
48201530800,2045,0.042306431
48201530900,2045,0.067277524
48201531000,2045,0.14088108
48201531100,2045,0.135767649
48201531200,2045,0.037047289
48201531300,2045,0.221036731
48201531400,2045,0.135785066
48201531500,2045,0.168877272
48201531600,2045,0.006046432
48201531700,2045,0.000580175
48201531800,2045,8.34033E-05
48201531900,2045,0.00079043
48201532003,2045,0.246692866
48201532004,2045,0.164274297
48201532101,2045,0.072676669
48201532102,2045,0.036960438
48201532200,2045,0.131165946
48201532301,2045,0.021317566
48201532302,2045,0.068000839
48201532400,2045,0.081977305
48201532502,2045,0.000724056
48201532503,2045,6.76614E-05
48201532504,2045,0.000268258
48201532600,2045,1.56E-06
48201532700,2045,0.005865584
48201532800,2045,0.02974736
48201532900,2045,0
48201533000,2045,0
48201533100,2045,0
48201533200,2045,9.75E-09
48201533301,2045,0.014657622
48201533302,2045,0.032946328
48201533401,2045,0.000115739
48201533402,2045,0.000222049
48201533500,2045,0.118130082
48201533600,2045,0
48201533701,2045,9.55E-07
48201533702,2045,0
48201533802,2045,9.22328E-05
48201533803,2045,0
48201533804,2045,2.9958E-05
48201533902,2045,0.360531643
48201533903,2045,0.140204156
48201533904,2045,0.056321924
48201534001,2045,0.093551626
48201534002,2045,0.0216332
48201534003,2045,0.038879091
48201534101,2045,0.000917731
48201534102,2045,0
48201534201,2045,0.016726225
48201534203,2045,0.021455343
48201534204,2045,0.032951319
48201534205,2045,0.079541601
48201540101,2045,0.015066177
48201540102,2045,3.24884E-05
48201540200,2045,0.000533416
48201540502,2045,0.10384253
48201540503,2045,0.036624669
48201540504,2045,0.055711452
48201540601,2045,0.03947956
48201540602,2045,0.124402565
48201540700,2045,0.025078087
48201540800,2045,0.087905693
48201540901,2045,0.031998586
48201540903,2045,0.159660648
48201540904,2045,0.083377503
48201541004,2045,0.043005263
48201541005,2045,0.186957185
48201541006,2045,0
48201541007,2045,0
48201541008,2045,0.000542903
48201541009,2045,0.000139666
48201541100,2045,0.025726261
48201541203,2045,0.019096748
48201541204,2045,0.033818326
48201541205,2045,0.012512658
48201541206,2045,0.02719808
48201541207,2045,0.010146286
48201541301,2045,0.077513
48201541302,2045,0.000395521
48201541401,2045,0.027831508
48201541402,2045,0.028619133
48201541403,2045,0.042691312
48201541404,2045,0.018516594
48201541500,2045,0.000336239
48201541603,2045,0.057074001
48201541604,2045,0.0186186
48201541701,2045,0.113000352
48201541702,2045,3.95E-06
48201541703,2045,0.000178509
48201541801,2045,0.120698951
48201541802,2045,0.07150678
48201541901,2045,0.000107883
48201541902,2045,0
48201542001,2045,0
48201542002,2045,0
48201542003,2045,0.045870683
48201542004,2045,0.041003847
48201542103,2045,0
48201542104,2045,0
48201542105,2045,0
48201542106,2045,0
48201542107,2045,0
48201542108,2045,0
48201542201,2045,0
48201542202,2045,0
48201542203,2045,0
48201542302,2045,0.014722205
48201542303,2045,0.025876549
48201542304,2045,1.82E-07
48201542305,2045,1.67E-05
48201542401,2045,0.10426863
48201542402,2045,0.046680551
48201542500,2045,0.017459494
48201542600,2045,0.102226782
48201542700,2045,0.00031461
48201542800,2045,0
48201542901,2045,0
48201542902,2045,0
48201543004,2045,0
48201543005,2045,0
48201543006,2045,0
48201543007,2045,0
48201543008,2045,0.000107678
48201543009,2045,0
48201543010,2045,0
48201543011,2045,0
48201543100,2045,0
48201543201,2045,0.032551156
48201543202,2045,0.002807549
48201550101,2045,6.03552E-05
48201550102,2045,0.024334149
48201550201,2045,0
48201550202,2045,0.00192006
48201550303,2045,0.002038932
48201550304,2045,0.010321258
48201550305,2045,0.016684301
48201550306,2045,0.045869182
48201550307,2045,0.141975807
48201550308,2045,0.277794833
48201550403,2045,0
48201550404,2045,0.000452857
48201550405,2045,0.148752663
48201550406,2045,0.050935827
48201550407,2045,0.021760952
48201550500,2045,0.047713346
48201550601,2045,0.002344531
48201550602,2045,0.078670437
48201550603,2045,0.006422563
48201550700,2045,0.065034801
48201550800,2045,0.007933999
48201550901,2045,0.003937177
48201550902,2045,0
48201551000,2045,0.081108646
48201551101,2045,0.022848322
48201551102,2045,0.038356746
48201551201,2045,0.157933683
48201551202,2045,0.068936775
48201551300,2045,0.055936784
48201551400,2045,0.058498459
48201551501,2045,0.028573367
48201551502,2045,0.011594998
48201551601,2045,0.059517004
48201551602,2045,0.044259006
48201551702,2045,0.074082736
48201551703,2045,0.040715687
48201551704,2045,0.058839546
48201551705,2045,0.088702302
48201551800,2045,0.026485556
48201551901,2045,0.045392024
48201551902,2045,0.040586495
48201552002,2045,0.042971825
48201552003,2045,0.087950153
48201552004,2045,0.183809867
48201552101,2045,0.047532347
48201552102,2045,0.036620056
48201552103,2045,0.026657177
48201552200,2045,0.072278609
48201552301,2045,0.056545484
48201552303,2045,0.040817464
48201552304,2045,0.063375602
48201552401,2045,0.104354816
48201552402,2045,0.039932108
48201552501,2045,0.087271203
48201552502,2045,0.17843244
48201552602,2045,0.099063089
48201552603,2045,0.012461528
48201552604,2045,0.044279672
48201552701,2045,0.043868906
48201552702,2045,0.276666253
48201552801,2045,0.028922789
48201552802,2045,0.017536469
48201552901,2045,0.045448832
48201552902,2045,0.045530945
48201553001,2045,0.045511879
48201553002,2045,0.034916425
48201553101,2045,0.0522017
48201553102,2045,0.025210759
48201553201,2045,0.054016171
48201553202,2045,0.123976495
48201553300,2045,0.340444196
48201553401,2045,0.001712087
48201553403,2045,0.010450498
48201553404,2045,8.21314E-05
48201553405,2045,0.102892136
48201553500,2045,0.023253033
48201553601,2045,0.055355516
48201553602,2045,0.016584167
48201553700,2045,0.114143387
48201553801,2045,0.004674751
48201553803,2045,0.025144804
48201553804,2045,0.015263755
48201553901,2045,0.022178596
48201554001,2045,0.083827184
48201554002,2045,0.031462235
48201554103,2045,0.003128509
48201554104,2045,0.002017099
48201554201,2045,0.071579987
48201554202,2045,0.041536311
48201554301,2045,0.008552803
48201554302,2045,0.000375315
48201554404,2045,3.4391E-05
48201554405,2045,0
48201554406,2045,0
48201554407,2045,0
48201554408,2045,0
48201554409,2045,0
48201554410,2045,0.000630389
48201554501,2045,0
48201554502,2045,1.82627E-05
48201554600,2045,0.017374752
48201554701,2045,0.012124848
48201554702,2045,0.04452498
48201554803,2045,0
48201554804,2045,9.1463E-05
48201554805,2045,6.65251E-05
48201554806,2045,0
48201554807,2045,8.24E-07
48201554808,2045,7.22E-06
48201554809,2045,3.43E-06
48201554902,2045,0.00245047
48201554904,2045,0.054955247
48201554905,2045,0.019152697
48201554906,2045,2.72E-07
48201554907,2045,0.078515478
48201554908,2045,0.004774481
48201555001,2045,2.90E-06
48201555002,2045,0.000106215
48201555101,2045,0
48201555102,2045,2.33118E-05
48201555200,2045,0
48201555301,2045,0
48201555303,2045,0
48201555304,2045,0
48201555305,2045,0
48201555401,2045,0.00479496
48201555403,2045,0.057665467
48201555404,2045,0.000477622
48201555501,2045,0
48201555503,2045,2.57E-06
48201555504,2045,0.000655586
48201555505,2045,0.003487358
48201555600,2045,0
48201555701,2045,0
48201555703,2045,0
48201555704,2045,0
48201556000,2045,0
48201556100,2045,0.012404314
48201980000,2045,0.001148853
48201980100,2045,0
48201980200,2045,0.034173274
48201980300,2045,0.001452945
48201980400,2045,0.000474777
48201980700,2045,0.000437068
48291700100,2045,0
48291700200,2045,0
48291700301,2045,0
48291700302,2045,0
48291700303,2045,0
48291700400,2045,0
48291700500,2045,0
48291700600,2045,0
48291700700,2045,0
48291700801,2045,0
48291700802,2045,0
48291700900,2045,0
48291701000,2045,0
48291701100,2045,0
48291701200,2045,0
48291701300,2045,0
48291701400,2045,0
48339690101,2045,0
48339690102,2045,0
48339690203,2045,0
48339690204,2045,0
48339690205,2045,0
48339690206,2045,0
48339690207,2045,0
48339690300,2045,0
48339690403,2045,1.15E-06
48339690404,2045,9.71E-06
48339690405,2045,0
48339690406,2045,0.003013288
48339690407,2045,0.002601793
48339690408,2045,1.10E-06
48339690501,2045,9.58604E-05
48339690502,2045,0.000326739
48339690503,2045,3.53E-07
48339690603,2045,0.002863744
48339690604,2045,0.001490471
48339690605,2045,0.052482067
48339690606,2045,5.97676E-05
48339690607,2045,0.035415048
48339690608,2045,0.125110045
48339690609,2045,0.049437266
48339690610,2045,0.016364438
48339690701,2045,0.017693228
48339690702,2045,0
48339690800,2045,8.00E-07
48339690900,2045,0.015023719
48339691000,2045,0.003061052
48339691100,2045,0.035696021
48339691201,2045,0.025567682
48339691202,2045,0.053706852
48339691301,2045,1.02E-05
48339691302,2045,0.047707475
48339691401,2045,0.002034638
48339691402,2045,0.124710659
48339691403,2045,0.044551663
48339691500,2045,0.253823019
48339691601,2045,0.04097795
48339691602,2045,0.015714742
48339691700,2045,0.000122602
48339691801,2045,0.020650235
48339691802,2045,0.013024094
48339691900,2045,0.000386188
48339692003,2045,0.000153625
48339692004,2045,4.15E-06
48339692005,2045,0
48339692006,2045,0
48339692007,2045,0
48339692008,2045,0
48339692009,2045,0
48339692010,2045,0
48339692101,2045,0.015615485
48339692102,2045,0.011532475
48339692103,2045,6.70E-07
48339692201,2045,0
48339692202,2045,9.56619E-06
48339692301,2045,0
48339692302,2045,0
48339692303,2045,0.037077049
48339692304,2045,0
48339692401,2045,0
48339692402,2045,0.096617567
48339692501,2045,0
48339692502,2045,0
48339692601,2045,0
48339692603,2045,0
48339692604,2045,0
48339692605,2045,0
48339692701,2045,0
48339692702,2045,0
48339692802,2045,0
48339692803,2045,0
48339692804,2045,0
48339692900,2045,0
48339693001,2045,0
48339693002,2045,0
48339693102,2045,0
48339693103,2045,0.000149307
48339693104,2045,0
48339693201,2045,0.000421485
48339693202,2045,0.00048237
48339693301,2045,6.74E-06
48339693302,2045,0
48339693303,2045,0
48339693304,2045,0
48339693401,2045,0.118478438
48339693402,2045,0.034970851
48339693501,2045,0.043369779
48339693502,2045,0.077350101
48339693503,2045,0.040676661
48339693600,2045,0.12526294
48339693701,2045,0
48339693702,2045,0.07734163
48339693703,2045,0.032683707
48339693800,2045,0.000331863
48339693901,2045,0.004775645
48339693902,2045,0.000593265
48339693903,2045,0.061924391
48339693904,2045,0.045614729
48339694001,2045,0
48339694002,2045,0
48339694103,2045,0
48339694104,2045,0
48339694105,2045,0
48339694106,2045,0
48339694107,2045,0
48339694203,2045,0
48339694204,2045,0
48339694205,2045,0
48339694206,2045,0
48339694207,2045,0
48339694208,2045,0
48339694209,2045,0
48339694210,2045,0
48339694303,2045,0
48339694304,2045,0
48339694305,2045,0
48339694306,2045,0
48339694307,2045,0
48339694308,2045,0
48339694309,2045,0
48339694401,2045,0
48339694402,2045,0
48339694403,2045,0
48339694501,2045,0
48339694502,2045,0
48339694503,2045,0
48339694601,2045,0
48339694602,2045,0
48339694603,2045,0
48339694700,2045,0
48473680100,2045,0
48473680201,2045,0
48473680202,2045,0
48473680301,2045,0
48473680302,2045,0
48473680303,2045,0.000289653
48473680501,2045,0.004606036
48473680502,2045,8.21648E-05
48473680601,2045,0
48473680602,2045,0
48473980000,2045,0
