Geo,Year,EcoProp,ImpProp
48339691302,2019,0,0
48339691602,2019,0,0
48339693102,2019,0,0
48201233105,2019,0,0
48201252201,2019,0,0
48201232404,2019,0,0
48201232203,2019,0,0
48201232306,2019,0,0
48201541603,2019,0,0
48201221701,2019,0,0
48201330801,2019,0,0
48201333502,2019,0,0
48201321301,2019,0,0
48201321102,2019,0,0
48201321002,2019,0,0
48201333903,2019,0,0
48201221301,2019,0,0
48201552401,2019,0,0
48201552402,2019,0,0
48201551202,2019,0,0
48201551201,2019,0,0
48201552502,2019,0,0
48201552501,2019,0,0
48201552603,2019,0,0
48201552604,2019,0,0
48201552702,2019,0,0
48201552801,2019,0,0
48201554807,2019,0,0
48201532101,2019,0,0
48201532504,2019,0,0
48201532503,2019,0,0
48201534204,2019,0,0
48201534205,2019,0,0
48201534102,2019,0,0
48201534101,2019,0,0
48201540101,2019,0,0
48201540102,2019,0,0
48201540903,2019,0,0
48201522002,2019,0,0
48201551101,2019,0,0
48201554905,2019,0,0
48201541005,2019,0,0
48201541004,2019,0,0
48201554804,2019,0,0
48201350102,2019,0,0
48201555002,2019,0,0
48201554906,2019,0,0
48201553804,2019,0,0
48201553803,2019,0,0
48201240804,2019,0,0
48201241302,2019,0,0
48201555704,2019,0,0
48201554404,2019,0,0
48201555505,2019,0,0
48201250305,2019,0,0
48201250901,2019,0,0
48201521402,2019,0,0
48201520501,2019,0,0
48201521701,2019,0,0
48201551901,2019,0,0
48201240903,2019,0,0
48201240904,2019,0,0
48201241104,2019,0,0
48201241001,2019,0,0
48201350804,2019,0,0
48201554808,2019,0,0
48201550202,2019,0,0
48201550201,2019,0,0
48201551705,2019,0,0
48201521702,2019,0,0
48201552304,2019,0,0
48201550307,2019,0,0
48201550308,2019,0,0
48201252001,2019,0,0
48201554908,2019,0,0
48201520603,2019,0,0
48201521201,2019,0,0
48201250405,2019,0,0
48201250303,2019,0,0
48201250201,2019,0,0
48201532004,2019,0,0
48201532003,2019,0,0
48201541207,2019,0,0
48167990100,2019,0,0
48201454801,2019,0,0
48201552901,2019,0,0
48201240703,2019,0,0
48201240101,2019,0,0
48201333906,2019,0,0
48201252303,2019,0,0
48201252305,2019,0,0
48201542004,2019,0,0
48201542401,2019,0,0
48201543004,2019,0,0
48201554407,2019,0,0
48201423303,2019,0,0
48201422403,2019,0,0
48201541901,2019,0,0
48201541301,2019,0,0
48201330802,2019,0,0
48201421602,2019,0,0
48201413204,2019,0,0
48201541703,2019,0,0
48201555703,2019,0,0
48201542901,2019,0,0
48201330902,2019,0,0
48201542902,2019,0,0
48201542303,2019,0,0
48201555404,2019,0,0
48201422501,2019,0,0
48201411901,2019,0,0
48201541604,2019,0,0
48201330102,2019,0,0
48201251505,2019,0,0
48201542001,2019,0,0
48201542402,2019,0,0
48201330901,2019,0,0
48201541402,2019,0,0
48201540504,2019,0,0
48201421802,2019,0,0
48201410705,2019,0,0
48201542104,2019,0,0
48201542203,2019,0,0
48201541302,2019,0,0
48201423304,2019,0,0
48201331603,2019,0,0
48201454504,2019,0,0
48201542103,2019,0,0
48201451604,2019,0,0
48201550901,2019,0,0
48201334101,2019,0,0
48201240705,2019,0,0
48201250306,2019,0,0
48201553202,2019,0,0
48201241502,2019,0,0
48201250406,2019,0,0
48201554805,2019,0,0
48201551704,2019,0,0
48201552003,2019,0,0
48201241002,2019,0,0
48201550407,2019,0,0
48201550405,2019,0,0
48201550303,2019,0,0
48201240706,2019,0,0
48201454503,2019,0,0
48201555101,2019,0,0
48201521401,2019,0,0
48201530101,2019,0,0
48201453902,2019,0,0
48201550403,2019,0,0
48201541802,2019,0,0
48201250102,2019,0,0
48201543007,2019,0,0
48201543008,2019,0,0
48201553101,2019,0,0
48201541009,2019,0,0
48201240906,2019,0,0
48201540904,2019,0,0
48201452701,2019,0,0
48201522102,2019,0,0
48201522001,2019,0,0
48201554410,2019,0,0
48201555503,2019,0,0
48201232405,2019,0,0
48201220701,2019,0,0
48201320202,2019,0,0
48201320201,2019,0,0
48201313802,2019,0,0
48201430102,2019,0,0
48201510602,2019,0,0
48201510801,2019,0,0
48201510901,2019,0,0
48201511004,2019,0,0
48201221302,2019,0,0
48201311501,2019,0,0
48201311502,2019,0,0
48201511502,2019,0,0
48201333203,2019,0,0
48201341203,2019,0,0
48201311701,2019,0,0
48201313202,2019,0,0
48201313101,2019,0,0
48201312601,2019,0,0
48201312603,2019,0,0
48201232901,2019,0,0
48201232802,2019,0,0
48201541206,2019,0,0
48201251504,2019,0,0
48201253501,2019,0,0
48201253201,2019,0,0
48201253602,2019,0,0
48201423204,2019,0,0
48201433602,2019,0,0
48201251702,2019,0,0
48201252202,2019,0,0
48201333205,2019,0,0
48201253202,2019,0,0
48201452703,2019,0,0
48201422405,2019,0,0
48201251904,2019,0,0
48201253101,2019,0,0
48201252902,2019,0,0
48201433506,2019,0,0
48201321001,2019,0,0
48201314004,2019,0,0
48201432302,2019,0,0
48201551102,2019,0,0
48201240707,2019,0,0
48201411802,2019,0,0
48201533401,2019,0,0
48201421203,2019,0,0
48201452002,2019,0,0
48201451404,2019,0,0
48201541007,2019,0,0
48201250407,2019,0,0
48201240505,2019,0,0
48201554904,2019,0,0
48201554907,2019,0,0
48201543006,2019,0,0
48201555305,2019,0,0
48201542107,2019,0,0
48201542201,2019,0,0
48201233501,2019,0,0
48201440101,2019,0,0
48201323602,2019,0,0
48201312501,2019,0,0
48201510702,2019,0,0
48201431204,2019,0,0
48201533301,2019,0,0
48201221501,2019,0,0
48201410801,2019,0,0
48201432705,2019,0,0
48201313901,2019,0,0
48201314003,2019,0,0
48201314402,2019,0,0
48201412201,2019,0,0
48201411902,2019,0,0
48201313801,2019,0,0
48201350604,2019,0,0
48201222504,2019,0,0
48201333501,2019,0,0
48201333302,2019,0,0
48201552902,2019,0,0
48201431505,2019,0,0
48201520302,2019,0,0
48201520301,2019,0,0
48201410704,2019,0,0
48201511003,2019,0,0
48201511202,2019,0,0
48201432706,2019,0,0
48201511501,2019,0,0
48201350803,2019,0,0
48201221601,2019,0,0
48201432003,2019,0,0
48201431303,2019,0,0
48201432102,2019,0,0
48201551501,2019,0,0
48201250601,2019,0,0
48201241201,2019,0,0
48201241105,2019,0,0
48201554809,2019,0,0
48201532102,2019,0,0
48201532302,2019,0,0
48201350104,2019,0,0
48201551601,2019,0,0
48201411504,2019,0,0
48201411506,2019,0,0
48201411505,2019,0,0
48201220702,2019,0,0
48201341001,2019,0,0
48201251903,2019,0,0
48201322702,2019,0,0
48201431902,2019,0,0
48201431803,2019,0,0
48201431701,2019,0,0
48201431702,2019,0,0
48201431804,2019,0,0
48201430101,2019,0,0
48201510902,2019,0,0
48201510802,2019,0,0
48201232704,2019,0,0
48201232703,2019,0,0
48201341102,2019,0,0
48201431901,2019,0,0
48201431506,2019,0,0
48201232902,2019,0,0
48201510601,2019,0,0
48201510302,2019,0,0
48201333204,2019,0,0
48201312902,2019,0,0
48201312901,2019,0,0
48201410202,2019,0,0
48201350101,2019,0,0
48201411507,2019,0,0
48201411301,2019,0,0
48201410502,2019,0,0
48201350103,2019,0,0
48201210500,2019,0,0
48201221400,2019,0,0
48201210600,2019,0,0
48201210700,2019,0,0
48201313000,2019,0,0
48201543100,2019,0,0
48201420400,2019,0,0
48201511100,2019,0,0
48201540200,2019,0,0
48201231100,2019,0,0
48201231300,2019,0,0
48201231500,2019,0,0
48201231600,2019,0,0
48201231700,2019,0,0
48201340900,2019,0,0
48201230300,2019,0,0
48201423500,2019,0,0
48201420100,2019,0,0
48201241400,2019,0,0
48201343100,2019,0,0
48201310400,2019,0,0
48201320100,2019,0,0
48201210800,2019,0,0
48201210900,2019,0,0
48201231800,2019,0,0
48201231900,2019,0,0
48201232000,2019,0,0
48201232100,2019,0,0
48201230400,2019,0,0
48201511400,2019,0,0
48201313902,2019,0,0
48201341304,2019,0,0
48201211102,2019,0,0
48201341204,2019,0,0
48201211501,2019,0,0
48201211502,2019,0,0
48201311002,2019,0,0
48201211301,2019,0,0
48201211101,2019,0,0
48201340701,2019,0,0
48201510701,2019,0,0
48201552701,2019,0,0
48201552802,2019,0,0
48201453901,2019,0,0
48201250802,2019,0,0
48201251701,2019,0,0
48201250902,2019,0,0
48201553601,2019,0,0
48201240803,2019,0,0
48201232201,2019,0,0
48201222701,2019,0,0
48201410101,2019,0,0
48201410602,2019,0,0
48201980700,2019,0,0
48201510202,2019,0,0
48201410102,2019,0,0
48201410201,2019,0,0
48201510201,2019,0,0
48201341600,2019,0,0
48201310800,2019,0,0
48201233300,2019,0,0
48201232500,2019,0,0
48201454400,2019,0,0
48201432402,2019,0,0
48201432401,2019,0,0
48201452401,2019,0,0
48201450401,2019,0,0
48201452204,2019,0,0
48201432301,2019,0,0
48201452203,2019,0,0
48201454305,2019,0,0
48201454304,2019,0,0
48201452702,2019,0,0
48201452103,2019,0,0
48201451004,2019,0,0
48201451407,2019,0,0
48201450803,2019,0,0
48201422304,2019,0,0
48201331501,2019,0,0
48201412902,2019,0,0
48201412901,2019,0,0
48201543202,2019,0,0
48201554408,2019,0,0
48201554406,2019,0,0
48201320902,2019,0,0
48201342801,2019,0,0
48201232801,2019,0,0
48201322701,2019,0,0
48201253502,2019,0,0
48201533302,2019,0,0
48201252601,2019,0,0
48201252602,2019,0,0
48201252901,2019,0,0
48201533402,2019,0,0
48201533903,2019,0,0
48201541701,2019,0,0
48201541902,2019,0,0
48201241503,2019,0,0
48201240503,2019,0,0
48201222702,2019,0,0
48201550102,2019,0,0
48201250403,2019,0,0
48201250801,2019,0,0
48201555001,2019,0,0
48201533804,2019,0,0
48201333801,2019,0,0
48201252002,2019,0,0
48201240400,2019,0,0
48201532200,2019,0,0
48201555200,2019,0,0
48201431600,2019,0,0
48201340400,2019,0,0
48201310900,2019,0,0
48201252500,2019,0,0
48201452300,2019,0,0
48201412500,2019,0,0
48201531000,2019,0,0
48201552200,2019,0,0
48201341700,2019,0,0
48201321800,2019,0,0
48201311200,2019,0,0
48201211000,2019,0,0
48201211200,2019,0,0
48201211400,2019,0,0
48201232600,2019,0,0
48201413000,2019,0,0
48201420800,2019,0,0
48201251800,2019,0,0
48201540700,2019,0,0
48201252800,2019,0,0
48201411600,2019,0,0
48201332900,2019,0,0
48201254800,2019,0,0
48201221800,2019,0,0
48201221900,2019,0,0
48201222000,2019,0,0
48201520400,2019,0,0
48201350700,2019,0,0
48201341400,2019,0,0
48201310600,2019,0,0
48201254700,2019,0,0
48201322600,2019,0,0
48201310700,2019,0,0
48201231200,2019,0,0
48201222100,2019,0,0
48201222200,2019,0,0
48201222300,2019,0,0
48201211900,2019,0,0
48201422000,2019,0,0
48201211600,2019,0,0
48201211700,2019,0,0
48339694207,2019,0,0
48339690404,2019,0,0
48339694002,2019,0,0
48339694106,2019,0,0
48339692501,2019,0,0
48339692605,2019,0,0
48339693901,2019,0,0
48339694105,2019,0,0
48339694001,2019,0,0
48339694107,2019,0,0
48339692401,2019,0,0
48339692402,2019,0,0
48339692202,2019,0,0
48339690609,2019,0,0
48339692007,2019,0,0
48339692201,2019,0,0
48339693304,2019,0,0
48339693104,2019,0,0
48339694208,2019,0,0
48339690610,2019,0,0
48339692304,2019,0,0
48339692101,2019,0,0
48339691403,2019,0,0
48339694204,2019,0,0
48339693702,2019,0,0
48339690101,2019,0,0
48201531200,2019,0,0
48201342900,2019,0,0
48201312300,2019,0,0
48339694304,2019,0,0
48339693202,2019,0,0
48339693103,2019,0,0
48339690701,2019,0,0
48339691402,2019,0,0
48339693503,2019,0,0
48339693902,2019,0,0
48339692006,2019,0,0
48339693301,2019,0,0
48339690603,2019,0,0
48339690605,2019,0,0
48339690606,2019,0,0
48339690607,2019,0,0
48339690604,2019,0,0
48339692005,2019,0,0
48339693904,2019,0,0
48339694402,2019,0,0
48339692301,2019,0,0
48339694602,2019,0,0
48339694306,2019,0,0
48201332000,2019,0,0
48201412600,2019,0,0
48201231400,2019,0,0
48201252700,2019,0,0
48201532700,2019,0,0
48201530200,2019,0,0
48201555600,2019,0,0
48201220100,2019,0,0
48201220200,2019,0,0
48339693001,2019,0,0
48201222800,2019,0,0
48201222900,2019,0,0
48201223100,2019,0,0
48201220300,2019,0,0
48201220400,2019,0,0
48201220500,2019,0,0
48201220600,2019,0,0
48201230100,2019,0,0
48201230200,2019,0,0
48201230500,2019,0,0
48201230600,2019,0,0
48201230700,2019,0,0
48201230800,2019,0,0
48167723700,2019,0,0
48201210400,2019,0,0
48201220800,2019,0,0
48201220900,2019,0,0
48201221000,2019,0,0
48201221100,2019,0,0
48201221200,2019,0,0
48201230900,2019,0,0
48201231000,2019,0,0
48201251600,2019,0,0
48201332300,2019,0,0
48201254200,2019,0,0
48201252400,2019,0,0
48201313400,2019,0,0
48201313500,2019,0,0
48201313600,2019,0,0
48201313700,2019,0,0
48201250500,2019,0,0
48167724000,2019,0,0
48167724300,2019,0,0
48167724400,2019,0,0
48167724500,2019,0,0
48167724600,2019,0,0
48167724700,2019,0,0
48167724800,2019,0,0
48167725000,2019,0,0
48167725100,2019,0,0
48201253700,2019,0,0
48167725200,2019,0,0
48167990000,2019,0,0
48167723501,2019,0,0
48339694206,2019,0,0
48339694309,2019,0,0
48339694305,2019,0,0
48339694307,2019,0,0
48339694104,2019,0,0
48339692803,2019,0,0
48339690608,2019,0,0
48339690408,2019,0,0
48201253800,2019,0,0
48201253900,2019,0,0
48201254000,2019,0,0
48201254100,2019,0,0
48201433400,2019,0,0
48201450100,2019,0,0
48201450200,2019,0,0
48201450500,2019,0,0
48201450600,2019,0,0
48201450700,2019,0,0
48201450900,2019,0,0
48201451100,2019,0,0
48201451200,2019,0,0
48201421700,2019,0,0
48201341800,2019,0,0
48201451700,2019,0,0
48201451800,2019,0,0
48201421900,2019,0,0
48201422100,2019,0,0
48201422200,2019,0,0
48201342100,2019,0,0
48201342200,2019,0,0
48201342300,2019,0,0
48201342400,2019,0,0
48201342500,2019,0,0
48201342700,2019,0,0
48201422800,2019,0,0
48201422900,2019,0,0
48201423100,2019,0,0
48201343000,2019,0,0
48201343200,2019,0,0
48201423600,2019,0,0
48201412300,2019,0,0
48201412400,2019,0,0
48201332600,2019,0,0
48201412700,2019,0,0
48201412800,2019,0,0
48201413100,2019,0,0
48339693002,2019,0,0
48201430200,2019,0,0
48201430300,2019,0,0
48201430400,2019,0,0
48201430500,2019,0,0
48201420200,2019,0,0
48201430600,2019,0,0
48201430700,2019,0,0
48201430800,2019,0,0
48201430900,2019,0,0
48201332700,2019,0,0
48201332800,2019,0,0
48201333000,2019,0,0
48071710202,2019,0,0
48071710201,2019,0,0
48201341002,2019,0,0
48201310101,2019,0,0
48201510301,2019,0,0
48201311001,2019,0,0
48201233502,2019,0,0
48201211302,2019,0,0
48201454902,2019,0,0
48201100001,2019,0,0
48201340702,2019,0,0
48201433004,2019,0,0
48201340501,2019,0,0
48201341303,2019,0,0
48201252306,2019,0,0
48201532301,2019,0,0
48201432005,2019,0,0
48201554701,2019,0,0
48201554202,2019,0,0
48201554201,2019,0,0
48167722100,2019,0,0
48167722300,2019,0,0
48167722600,2019,0,0
48167722700,2019,0,0
48167721207,2019,0,0
48167721206,2019,0,0
48167720509,2019,0,0
48167721403,2019,0,0
48167721302,2019,0,0
48167721301,2019,0,0
48167720703,2019,0,0
48167721208,2019,0,0
48167720511,2019,0,0
48167720602,2019,0,0
48167720510,2019,0,0
48167720512,2019,0,0
48167721211,2019,0,0
48167720604,2019,0,0
48167720508,2019,0,0
48167721205,2019,0,0
48201453401,2019,0,0
48167725300,2019,0,0
48167725400,2019,0,0
48167725500,2019,0,0
48167725600,2019,0,0
48167725800,2019,0,0
48167725900,2019,0,0
48201534201,2019,0,0
48201551703,2019,0,0
48201540901,2019,0,0
48201233001,2019,0,0
48201233002,2019,0,0
48201323801,2019,0,0
48201323802,2019,0,0
48167724101,2019,0,0
48071990000,2019,0,0
48039661602,2019,0,0
48039661601,2019,0,0
48039990000,2019,0,0
48157670102,2019,0,0
48157670602,2019,0,0
48157671002,2019,0,0
48157671001,2019,0,0
48157670902,2019,0,0
48201240802,2019,0,0
48201421403,2019,0,0
48201421402,2019,0,0
48201423201,2019,0,0
48201534203,2019,0,0
48201534002,2019,0,0
48201534003,2019,0,0
48157671602,2019,0,0
48201451401,2019,0,0
48157671601,2019,0,0
48157671501,2019,0,0
48157673902,2019,0,0
48201212500,2019,0,0
48157672702,2019,0,0
48157672602,2019,0,0
48339691601,2019,0,0
48157674601,2019,0,0
48157674603,2019,0,0
48157675402,2019,0,0
48157670903,2019,0,0
48201530300,2019,0,0
48201455000,2019,0,0
48201530400,2019,0,0
48201455200,2019,0,0
48201455300,2019,0,0
48201530800,2019,0,0
48201531500,2019,0,0
48201531600,2019,0,0
48201531700,2019,0,0
48201531800,2019,0,0
48201531900,2019,0,0
48201510100,2019,0,0
48201510400,2019,0,0
48201510500,2019,0,0
48201532600,2019,0,0
48201530900,2019,0,0
48201531100,2019,0,0
48201531300,2019,0,0
48201531400,2019,0,0
48201532400,2019,0,0
48201452900,2019,0,0
48201453100,2019,0,0
48201530600,2019,0,0
48201453300,2019,0,0
48201511600,2019,0,0
48201520100,2019,0,0
48201453800,2019,0,0
48201454000,2019,0,0
48201520200,2019,0,0
48201520700,2019,0,0
48201454100,2019,0,0
48201454200,2019,0,0
48201521000,2019,0,0
48201521100,2019,0,0
48201521300,2019,0,0
48201521600,2019,0,0
48201454600,2019,0,0
48201454700,2019,0,0
48201550500,2019,0,0
48201550700,2019,0,0
48201550800,2019,0,0
48201540800,2019,0,0
48201312700,2019,0,0
48201312800,2019,0,0
48201313300,2019,0,0
48167721103,2019,0,0
48167721503,2019,0,0
48167720605,2019,0,0
48167720701,2019,0,0
48167720507,2019,0,0
48167720504,2019,0,0
48167720601,2019,0,0
48167720506,2019,0,0
48167721502,2019,0,0
48167721401,2019,0,0
48167721210,2019,0,0
48167720603,2019,0,0
48167721702,2019,0,0
48167721209,2019,0,0
48167723401,2019,0,0
48167721204,2019,0,0
48167721902,2019,0,0
48167721203,2019,0,0
48167721102,2019,0,0
48167723504,2019,0,0
48167726101,2019,0,0
48167723402,2019,0,0
48167721101,2019,0,0
48167720505,2019,0,0
48167721701,2019,0,0
48167721703,2019,0,0
48167720702,2019,0,0
48167726102,2019,0,0
48167721402,2019,0,0
48167721501,2019,0,0
48167723503,2019,0,0
48167723505,2019,0,0
48167723403,2019,0,0
48167721901,2019,0,0
48201323900,2019,0,0
48201324000,2019,0,0
48201330200,2019,0,0
48201330400,2019,0,0
48201330500,2019,0,0
48201522101,2019,0,0
48201350202,2019,0,0
48201350201,2019,0,0
48201321101,2019,0,0
48201453405,2019,0,0
48201453404,2019,0,0
48201453702,2019,0,0
48201453604,2019,0,0
48201455103,2019,0,0
48201455104,2019,0,0
48201433601,2019,0,0
48201453603,2019,0,0
48201432806,2019,0,0
48201432805,2019,0,0
48201454802,2019,0,0
48201433505,2019,0,0
48201432803,2019,0,0
48201432904,2019,0,0
48201453701,2019,0,0
48201450301,2019,0,0
48201450302,2019,0,0
48201433504,2019,0,0
48201433507,2019,0,0
48201453002,2019,0,0
48201451605,2019,0,0
48201451606,2019,0,0
48201550305,2019,0,0
48201453001,2019,0,0
48201433503,2019,0,0
48201432502,2019,0,0
48201454901,2019,0,0
48201330600,2019,0,0
48201330700,2019,0,0
48473680201,2019,0,0
48473680303,2019,0,0
48473680501,2019,0,0
48473680502,2019,0,0
48473680301,2019,0,0
48473680601,2019,0,0
48473680602,2019,0,0
48473680302,2019,0,0
48473680202,2019,0,0
48473980000,2019,0,0
48201320500,2019,0,0
48201320700,2019,0,0
48201320800,2019,0,0
48201321200,2019,0,0
48201321500,2019,0,0
48201321600,2019,0,0
48201331100,2019,0,0
48201331200,2019,0,0
48201331300,2019,0,0
48201331400,2019,0,0
48201321700,2019,0,0
48201321900,2019,0,0
48201322000,2019,0,0
48201322100,2019,0,0
48201322200,2019,0,0
48201331700,2019,0,0
48201331800,2019,0,0
48201331900,2019,0,0
48201332100,2019,0,0
48201332200,2019,0,0
48201332400,2019,0,0
48201332500,2019,0,0
48201322800,2019,0,0
48201340502,2019,0,0
48201340102,2019,0,0
48201340101,2019,0,0
48201451302,2019,0,0
48201451903,2019,0,0
48201452602,2019,0,0
48201452601,2019,0,0
48201452001,2019,0,0
48201452101,2019,0,0
48201310102,2019,0,0
48201322900,2019,0,0
48201323000,2019,0,0
48201323100,2019,0,0
48201323200,2019,0,0
48201323300,2019,0,0
48201323400,2019,0,0
48201323500,2019,0,0
48201411700,2019,0,0
48201412000,2019,0,0
48201432600,2019,0,0
48201340600,2019,0,0
48201340800,2019,0,0
48201433300,2019,0,0
48201554103,2019,0,0
48201554104,2019,0,0
48201555102,2019,0,0
48201553201,2019,0,0
48201550304,2019,0,0
48201520502,2019,0,0
48201240905,2019,0,0
48201550406,2019,0,0
48201520604,2019,0,0
48201521501,2019,0,0
48201250304,2019,0,0
48201250602,2019,0,0
48201241301,2019,0,0
48201433100,2019,0,0
48201232402,2019,0,0
48201232403,2019,0,0
48201233101,2019,0,0
48201233003,2019,0,0
48201431102,2019,0,0
48201431101,2019,0,0
48201433003,2019,0,0
48201432901,2019,0,0
48201433202,2019,0,0
48201433201,2019,0,0
48201552102,2019,0,0
48201554002,2019,0,0
48201555401,2019,0,0
48201232701,2019,0,0
48201233103,2019,0,0
48201233702,2019,0,0
48201241101,2019,0,0
48201330302,2019,0,0
48201333201,2019,0,0
48201340301,2019,0,0
48201342001,2019,0,0
48201421101,2019,0,0
48201423301,2019,0,0
48157673600,2019,0,0
48167722900,2019,0,0
48167723100,2019,0,0
48167723200,2019,0,0
48167723300,2019,0,0
48167723000,2019,0,0
48167720800,2019,0,0
48167726000,2019,0,0
48167722800,2019,0,0
48167721600,2019,0,0
48167723800,2019,0,0
48167720100,2019,0,0
48167724900,2019,0,0
48167720200,2019,0,0
48167722200,2019,0,0
48167723600,2019,0,0
48167723900,2019,0,0
48167725700,2019,0,0
48167721800,2019,0,0
48167724200,2019,0,0
48157675800,2019,0,0
48157673300,2019,0,0
48201553403,2019,0,0
48201454502,2019,0,0
48157670400,2019,0,0
48157670300,2019,0,0
48157670700,2019,0,0
48201455102,2019,0,0
48201511302,2019,0,0
48201520601,2019,0,0
48201554001,2019,0,0
48201212300,2019,0,0
48201212400,2019,0,0
48157675300,2019,0,0
48157675600,2019,0,0
48157673700,2019,0,0
48201250701,2019,0,0
48201250702,2019,0,0
48201251503,2019,0,0
48201251402,2019,0,0
48201251902,2019,0,0
48201511001,2019,0,0
48201522302,2019,0,0
48201522202,2019,0,0
48201522301,2019,0,0
48201522201,2019,0,0
48201532502,2019,0,0
48201522500,2019,0,0
48201314001,2019,0,0
48201320602,2019,0,0
48201321401,2019,0,0
48201323702,2019,0,0
48201340203,2019,0,0
48201342002,2019,0,0
48201534001,2019,0,0
48201533902,2019,0,0
48201550603,2019,0,0
48039660705,2019,0,0
48039660609,2019,0,0
48039661902,2019,0,0
48039660806,2019,0,0
48039660603,2019,0,0
48039660608,2019,0,0
48039660610,2019,0,0
48039660704,2019,0,0
48039660501,2019,0,0
48039660503,2019,0,0
48039660804,2019,0,0
48201550601,2019,0,0
48157674404,2019,0,0
48157674403,2019,0,0
48201331602,2019,0,0
48201552602,2019,0,0
48201320601,2019,0,0
48201350601,2019,0,0
48201431401,2019,0,0
48201540502,2019,0,0
48201511301,2019,0,0
48201223001,2019,0,0
48201330303,2019,0,0
48201334003,2019,0,0
48201343301,2019,0,0
48201341501,2019,0,0
48201341502,2019,0,0
48201340302,2019,0,0
48201551702,2019,0,0
48201540602,2019,0,0
48339694203,2019,0,0
48339694209,2019,0,0
48339692004,2019,0,0
48339693402,2019,0,0
48339694603,2019,0,0
48339694205,2019,0,0
48339693703,2019,0,0
48339693303,2019,0,0
48339692603,2019,0,0
48339692010,2019,0,0
48339690501,2019,0,0
48339690405,2019,0,0
48339690406,2019,0,0
48339690403,2019,0,0
48339690407,2019,0,0
48339690205,2019,0,0
48339690204,2019,0,0
48339690206,2019,0,0
48339690207,2019,0,0
48339694308,2019,0,0
48339692303,2019,0,0
48339694501,2019,0,0
48339692502,2019,0,0
48339691202,2019,0,0
48339691801,2019,0,0
48339694303,2019,0,0
48339690702,2019,0,0
48339691802,2019,0,0
48339692604,2019,0,0
48339690203,2019,0,0
48201330301,2019,0,0
48201334001,2019,0,0
48201533702,2019,0,0
48201554501,2019,0,0
48201222402,2019,0,0
48201251501,2019,0,0
48201222501,2019,0,0
48201222401,2019,0,0
48201341302,2019,0,0
48201350801,2019,0,0
48201341201,2019,0,0
48201540601,2019,0,0
48201541203,2019,0,0
48201541100,2019,0,0
48201551000,2019,0,0
48291700400,2019,0,0
48291700900,2019,0,0
48291700500,2019,0,0
48201421302,2019,0,0
48201421204,2019,0,0
48201421801,2019,0,0
48201541205,2019,0,0
48201421301,2019,0,0
48201421206,2019,0,0
48201423203,2019,0,0
48201421502,2019,0,0
48201432101,2019,0,0
48201451501,2019,0,0
48201432006,2019,0,0
48201521202,2019,0,0
48201552303,2019,0,0
48201550306,2019,0,0
48201555504,2019,0,0
48201543009,2019,0,0
48201555304,2019,0,0
48201452102,2019,0,0
48201333301,2019,0,0
48201320901,2019,0,0
48201530102,2019,0,0
48201410601,2019,0,0
48201511201,2019,0,0
48201421103,2019,0,0
48201410706,2019,0,0
48201241501,2019,0,0
48201553901,2019,0,0
48201240704,2019,0,0
48201551300,2019,0,0
48201541008,2019,0,0
48201253601,2019,0,0
48201253102,2019,0,0
48201530501,2019,0,0
48201553404,2019,0,0
48201530502,2019,0,0
48201313102,2019,0,0
48201312602,2019,0,0
48201312502,2019,0,0
48201410703,2019,0,0
48201410802,2019,0,0
48201410501,2019,0,0
48201411003,2019,0,0
48201411002,2019,0,0
48201411503,2019,0,0
48201411001,2019,0,0
48201411801,2019,0,0
48201553405,2019,0,0
48201341101,2019,0,0
48201350603,2019,0,0
48201433006,2019,0,0
48201431203,2019,0,0
48201431403,2019,0,0
48201431404,2019,0,0
48201451406,2019,0,0
48201431206,2019,0,0
48201432903,2019,0,0
48201431205,2019,0,0
48201222601,2019,0,0
48201250408,2019,0,0
48201314005,2019,0,0
48201432703,2019,0,0
48201432704,2019,0,0
48201421104,2019,0,0
48201432004,2019,0,0
48201431504,2019,0,0
48201431304,2019,0,0
48201431503,2019,0,0
48201551502,2019,0,0
48201533803,2019,0,0
48201530701,2019,0,0
48201314401,2019,0,0
48201980300,2019,0,0
48201222602,2019,0,0
48201541500,2019,0,0
48201551400,2019,0,0
48291700600,2019,0,0
48291701400,2019,0,0
48291701200,2019,0,0
48291701000,2019,0,0
48291700100,2019,0,0
48291700200,2019,0,0
48291701300,2019,0,0
48291700700,2019,0,0
48291701100,2019,0,0
48201551800,2019,0,0
48201232303,2019,0,0
48201232202,2019,0,0
48201342802,2019,0,0
48201232305,2019,0,0
48201542002,2019,0,0
48201321302,2019,0,0
48201221702,2019,0,0
48201221602,2019,0,0
48201222505,2019,0,0
48201333802,2019,0,0
48201543010,2019,0,0
48201542106,2019,0,0
48201543005,2019,0,0
48201542305,2019,0,0
48201541006,2019,0,0
48201543011,2019,0,0
48201421601,2019,0,0
48201421501,2019,0,0
48201423002,2019,0,0
48201532800,2019,0,0
48201532900,2019,0,0
48201533000,2019,0,0
48201542500,2019,0,0
48201542600,2019,0,0
48201542700,2019,0,0
48201533100,2019,0,0
48201533200,2019,0,0
48201533500,2019,0,0
48201533600,2019,0,0
48201542800,2019,0,0
48201553300,2019,0,0
48201553500,2019,0,0
48201423001,2019,0,0
48201422406,2019,0,0
48201422601,2019,0,0
48201422602,2019,0,0
48201422502,2019,0,0
48201541401,2019,0,0
48201541702,2019,0,0
48201554409,2019,0,0
48201422404,2019,0,0
48201413206,2019,0,0
48201412202,2019,0,0
48201413205,2019,0,0
48201413203,2019,0,0
48201542003,2019,0,0
48201555403,2019,0,0
48201334102,2019,0,0
48201540503,2019,0,0
48201542304,2019,0,0
48201330101,2019,0,0
48201541403,2019,0,0
48201541204,2019,0,0
48201541404,2019,0,0
48201542202,2019,0,0
48201421205,2019,0,0
48291700301,2019,0,0
48291700302,2019,0,0
48291700801,2019,0,0
48291700303,2019,0,0
48291700802,2019,0,0
48201553700,2019,0,0
48201554600,2019,0,0
48201233200,2019,0,0
48201233400,2019,0,0
48201311100,2019,0,0
48201311300,2019,0,0
48201311400,2019,0,0
48201233600,2019,0,0
48167720400,2019,0,0
48167720900,2019,0,0
48201311600,2019,0,0
48201240600,2019,0,0
48201311800,2019,0,0
48201311900,2019,0,0
48201312000,2019,0,0
48201252100,2019,0,0
48201253000,2019,0,0
48201253300,2019,0,0
48201312200,2019,0,0
48201312400,2019,0,0
48167721000,2019,0,0
48039660805,2019,0,0
48039660613,2019,0,0
48039660504,2019,0,0
48039660707,2019,0,0
48039661901,2019,0,0
48039660611,2019,0,0
48039660708,2019,0,0
48039660615,2019,0,0
48039660901,2019,0,0
48039660614,2019,0,0
48039660902,2019,0,0
48039660616,2019,0,0
48039660706,2019,0,0
48039660303,2019,0,0
48039660612,2019,0,0
48039660703,2019,0,0
48039660301,2019,0,0
48039660302,2019,0,0
48039660607,2019,0,0
48039660502,2019,0,0
48039660402,2019,0,0
48039660403,2019,0,0
48039660401,2019,0,0
48039660606,2019,0,0
48039660605,2019,0,0
48039660803,2019,0,0
48039660604,2019,0,0
48201533701,2019,0,0
48201223002,2019,0,0
48201980100,2019,0,0
48339691301,2019,0,0
48339692003,2019,0,0
48339692802,2019,0,0
48339692601,2019,0,0
48167720302,2019,0,0
48039663800,2019,0,0
48039663900,2019,0,0
48039664200,2019,0,0
48039660200,2019,0,0
48071710300,2019,0,0
48071710401,2019,0,0
48071710500,2019,0,0
48071710600,2019,0,0
48071710100,2019,0,0
48039661502,2019,0,0
48039661501,2019,0,0
48157672703,2019,0,0
48157673402,2019,0,0
48157672907,2019,0,0
48157672906,2019,0,0
48157673106,2019,0,0
48157672903,2019,0,0
48157673008,2019,0,0
48157673010,2019,0,0
48157674302,2019,0,0
48157674402,2019,0,0
48157674507,2019,0,0
48157673401,2019,0,0
48157674505,2019,0,0
48157673005,2019,0,0
48157672802,2019,0,0
48157670904,2019,0,0
48157672901,2019,0,0
48157674504,2019,0,0
48157670202,2019,0,0
48157673107,2019,0,0
48157672303,2019,0,0
48157674503,2019,0,0
48157672801,2019,0,0
48157674506,2019,0,0
48157672603,2019,0,0
48157672304,2019,0,0
48157672004,2019,0,0
48157672306,2019,0,0
48157673112,2019,0,0
48157673111,2019,0,0
48157673109,2019,0,0
48157673110,2019,0,0
48157673113,2019,0,0
48157673105,2019,0,0
48157673201,2019,0,0
48157675501,2019,0,0
48157672402,2019,0,0
48157672305,2019,0,0
48157672904,2019,0,0
48157672902,2019,0,0
48157672003,2019,0,0
48157674508,2019,0,0
48157674301,2019,0,0
48157672401,2019,0,0
48157675701,2019,0,0
48157674701,2019,0,0
48157675503,2019,0,0
48157673403,2019,0,0
48157675702,2019,0,0
48157673108,2019,0,0
48157674002,2019,0,0
48157674401,2019,0,0
48157674001,2019,0,0
48157671401,2019,0,0
48157671101,2019,0,0
48157670201,2019,0,0
48157670801,2019,0,0
48157670500,2019,0,0
48157671200,2019,0,0
48157671300,2019,0,0
48157670803,2019,0,0
48157670802,2019,0,0
48157670603,2019,0,0
48157670604,2019,0,0
48157673103,2019,0,0
48157673202,2019,0,0
48157675401,2019,0,0
48157675502,2019,0,0
48157675102,2019,0,0
48157675101,2019,0,0
48157673009,2019,0,0
48157671402,2019,0,0
48157671102,2019,0,0
48157673904,2019,0,0
48157673801,2019,0,0
48157673903,2019,0,0
48157670804,2019,0,0
48157672905,2019,0,0
48157673802,2019,0,0
48157672604,2019,0,0
48157673104,2019,0,0
48157673502,2019,0,0
48157673501,2019,0,0
48157673404,2019,0,0
48157673007,2019,0,0
48157673004,2019,0,0
48157673006,2019,0,0
48157674702,2019,0,0
48157671700,2019,0,0
48157671800,2019,0,0
48157671900,2019,0,0
48157672100,2019,0,0
48157672002,2019,0,0
48157670101,2019,0,0
48157672701,2019,0,0
48157672201,2019,0,0
48157672500,2019,0,0
48157674602,2019,0,0
48157671502,2019,0,0
48157674604,2019,0,0
48201433007,2019,0,0
48201453201,2019,0,0
48201432501,2019,0,0
48201451502,2019,0,0
48201451603,2019,0,0
48201452402,2019,0,0
48201433005,2019,0,0
48201452501,2019,0,0
48201451003,2019,0,0
48201432303,2019,0,0
48201431001,2019,0,0
48201452502,2019,0,0
48201451405,2019,0,0
48201431002,2019,0,0
48201451005,2019,0,0
48201323601,2019,0,0
48201233701,2019,0,0
48201233703,2019,0,0
48201222502,2019,0,0
48201533802,2019,0,0
48201410401,2019,0,0
48201431801,2019,0,0
48039663400,2019,0,0
48039663500,2019,0,0
48039663600,2019,0,0
48039663700,2019,0,0
48201422702,2019,0,0
48201422701,2019,0,0
48201553002,2019,0,0
48201553001,2019,0,0
48201333905,2019,0,0
48201454505,2019,0,0
48201232304,2019,0,0
48201311702,2019,0,0
48201221502,2019,0,0
48201521502,2019,0,0
48201551602,2019,0,0
48201250202,2019,0,0
48201241202,2019,0,0
48201550902,2019,0,0
48201550404,2019,0,0
48201313201,2019,0,0
48201411302,2019,0,0
48201510803,2019,0,0
48201552004,2019,0,0
48201551902,2019,0,0
48201250101,2019,0,0
48201553602,2019,0,0
48201454303,2019,0,0
48201556100,2019,0,0
48201554806,2019,0,0
48201554803,2019,0,0
48201554702,2019,0,0
48201553102,2019,0,0
48201980400,2019,0,0
48201980200,2019,0,0
48201432804,2019,0,0
48201453202,2019,0,0
48201333100,2019,0,0
48201350300,2019,0,0
48201350400,2019,0,0
48201350500,2019,0,0
48201420300,2019,0,0
48201420500,2019,0,0
48201980000,2019,0,0
48201333600,2019,0,0
48201333700,2019,0,0
48201410300,2019,0,0
48201410900,2019,0,0
48201420600,2019,0,0
48201420700,2019,0,0
48201420900,2019,0,0
48473680100,2019,0,0
48201411100,2019,0,0
48201411200,2019,0,0
48201411400,2019,0,0
48201421000,2019,0,0
48201432200,2019,0,0
48201521800,2019,0,0
48201521900,2019,0,0
48039661100,2019,0,0
48039663300,2019,0,0
48201450804,2019,0,0
48201451006,2019,0,0
48201451904,2019,0,0
48201451301,2019,0,0
48201440102,2019,0,0
48201422303,2019,0,0
48201331604,2019,0,0
48201331502,2019,0,0
48201413302,2019,0,0
48201314301,2019,0,0
48201314302,2019,0,0
48201413301,2019,0,0
48201543201,2019,0,0
48201450402,2019,0,0
48201554405,2019,0,0
48201542105,2019,0,0
48201533904,2019,0,0
48201240506,2019,0,0
48039662900,2019,0,0
48039662800,2019,0,0
48039662500,2019,0,0
48039664100,2019,0,0
48039664000,2019,0,0
48039660100,2019,0,0
48039662200,2019,0,0
48039662400,2019,0,0
48039661200,2019,0,0
48039661000,2019,0,0
48039663100,2019,0,0
48039662000,2019,0,0
48039664400,2019,0,0
48039661300,2019,0,0
48039661400,2019,0,0
48039662100,2019,0,0
48039662300,2019,0,0
48039662700,2019,0,0
48039663000,2019,0,0
48039663200,2019,0,0
48339694700,2019,0,0
48339690300,2019,0,0
48339692900,2019,0,0
48201240504,2019,0,0
48201550101,2019,0,0
48201240102,2019,0,0
48201250404,2019,0,0
48201541801,2019,0,0
48201530702,2019,0,0
48201333904,2019,0,0
48201252304,2019,0,0
48201252003,2019,0,0
48201233104,2019,0,0
48201324101,2019,0,0
48201343601,2019,0,0
48201343602,2019,0,0
48201340201,2019,0,0
48201324102,2019,0,0
48201340202,2019,0,0
48201324200,2019,0,0
48201542108,2019,0,0
48157672202,2019,0,0
48039664300,2019,0,0
48039662600,2019,0,0
48039664501,2019,0,0
48039661700,2019,0,0
48039661800,2019,0,0
48201254300,2019,0,0
48201254400,2019,0,0
48201254600,2019,0,0
48201310200,2019,0,0
48201310300,2019,0,0
48201310500,2019,0,0
48339692702,2019,0,0
48339694601,2019,0,0
48339692009,2019,0,0
48339694401,2019,0,0
48339694502,2019,0,0
48339694503,2019,0,0
48339690102,2019,0,0
48201251000,2019,0,0
48201251100,2019,0,0
48201251200,2019,0,0
48201251300,2019,0,0
48339694403,2019,0,0
48339692302,2019,0,0
48339693800,2019,0,0
48339693903,2019,0,0
48339693701,2019,0,0
48339690503,2019,0,0
48339692804,2019,0,0
48339693201,2019,0,0
48339690502,2019,0,0
48339693302,2019,0,0
48339694103,2019,0,0
48339691401,2019,0,0
48339693502,2019,0,0
48339693401,2019,0,0
48339691201,2019,0,0
48339692102,2019,0,0
48339693501,2019,0,0
48339692701,2019,0,0
48339692008,2019,0,0
48339692103,2019,0,0
48339694210,2019,0,0
48201554902,2019,0,0
48201555301,2019,0,0
48201321402,2019,0,0
48201343302,2019,0,0
48201410402,2019,0,0
48201421401,2019,0,0
48201431302,2019,0,0
48201452202,2019,0,0
48201452802,2019,0,0
48201542302,2019,0,0
48201555303,2019,0,0
48201554302,2019,0,0
48201554502,2019,0,0
48201554301,2019,0,0
48201555701,2019,0,0
48201555501,2019,0,0
48201251401,2019,0,0
48201334002,2019,0,0
48201550602,2019,0,0
48201552301,2019,0,0
48201452801,2019,0,0
48201556000,2019,0,0
48201343700,2019,0,0
48339690900,2019,0,0
48339691000,2019,0,0
48339691100,2019,0,0
48339691500,2019,0,0
48339691700,2019,0,0
48339691900,2019,0,0
48339690800,2019,0,0
48339693600,2019,0,0
48201422302,2019,0,0
48201423402,2019,0,0
48201423401,2019,0,0
48201522402,2019,0,0
48201522401,2019,0,0
48201552002,2019,0,0
48201552101,2019,0,0
48201552103,2019,0,0
48201323701,2019,0,0
48201241103,2019,0,0
48201450801,2019,0,0
48201454302,2019,0,0
48201451902,2019,0,0
48201453403,2019,0,0
48201453601,2019,0,0
48201453501,2019,0,0
48201453502,2019,0,0
48201553401,2019,0,0
48201553801,2019,0,0
48157674800,2019,0,0
48157674900,2019,0,0
48157675000,2019,0,0
48157675200,2019,0,0
48167722001,2019,0,0
48167726200,2019,0,0
48157674100,2019,0,0
48157674200,2019,0,0
48167720501,2019,0,0
48167722002,2019,0,0
48167720301,2019,0,0
48339691302,2045,0,0
48339691602,2045,0,0
48339693102,2045,0,0
48201233105,2045,0,0
48201252201,2045,0,0
48201232404,2045,0,0
48201232203,2045,0,0
48201232306,2045,0,0
48201541603,2045,0,0
48201221701,2045,0,0
48201330801,2045,0,0
48201333502,2045,0,0
48201321301,2045,0,0
48201321102,2045,0,0
48201321002,2045,0,0
48201333903,2045,0,0
48201221301,2045,0,0
48201552401,2045,0,0
48201552402,2045,0,0
48201551202,2045,0,0
48201551201,2045,0,0
48201552502,2045,0,0
48201552501,2045,0,0
48201552603,2045,0,0
48201552604,2045,0,0
48201552702,2045,0,0
48201552801,2045,0,0
48201554807,2045,0,0
48201532101,2045,0,0
48201532504,2045,0,0
48201532503,2045,0,0
48201534204,2045,0,0
48201534205,2045,0,0
48201534102,2045,0,0
48201534101,2045,0,0
48201540101,2045,0,0
48201540102,2045,0,0
48201540903,2045,0,0
48201522002,2045,0,0
48201551101,2045,0,0
48201554905,2045,0,0
48201541005,2045,0,0
48201541004,2045,0,0
48201554804,2045,0,0
48201350102,2045,0,0
48201555002,2045,0,0
48201554906,2045,0,0
48201553804,2045,0,0
48201553803,2045,0,0
48201240804,2045,0,0
48201241302,2045,0,0
48201555704,2045,0,0
48201554404,2045,0,0
48201555505,2045,0,0
48201250305,2045,0,0
48201250901,2045,0,0
48201521402,2045,0,0
48201520501,2045,0,0
48201521701,2045,0,0
48201551901,2045,0,0
48201240903,2045,0,0
48201240904,2045,0,0
48201241104,2045,0,0
48201241001,2045,0,0
48201350804,2045,0,0
48201554808,2045,0,0
48201550202,2045,0,0
48201550201,2045,0,0
48201551705,2045,0,0
48201521702,2045,0,0
48201552304,2045,0,0
48201550307,2045,0,0
48201550308,2045,0,0
48201252001,2045,0,0
48201554908,2045,0,0
48201520603,2045,0,0
48201521201,2045,0,0
48201250405,2045,0,0
48201250303,2045,0,0
48201250201,2045,0,0
48201532004,2045,0,0
48201532003,2045,0,0
48201541207,2045,0,0
48167990100,2045,0,0
48201454801,2045,0,0
48201552901,2045,0,0
48201240703,2045,0,0
48201240101,2045,0,0
48201333906,2045,0,0
48201252303,2045,0,0
48201252305,2045,0,0
48201542004,2045,0,0
48201542401,2045,0,0
48201543004,2045,0,0
48201554407,2045,0,0
48201423303,2045,0,0
48201422403,2045,0,0
48201541901,2045,0,0
48201541301,2045,0,0
48201330802,2045,0,0
48201421602,2045,0,0
48201413204,2045,0,0
48201541703,2045,0,0
48201555703,2045,0,0
48201542901,2045,0,0
48201330902,2045,0,0
48201542902,2045,0,0
48201542303,2045,0,0
48201555404,2045,0,0
48201422501,2045,0,0
48201411901,2045,0,0
48201541604,2045,0,0
48201330102,2045,0,0
48201251505,2045,0,0
48201542001,2045,0,0
48201542402,2045,0,0
48201330901,2045,0,0
48201541402,2045,0,0
48201540504,2045,0,0
48201421802,2045,0,0
48201410705,2045,0,0
48201542104,2045,0,0
48201542203,2045,0,0
48201541302,2045,0,0
48201423304,2045,0,0
48201331603,2045,0,0
48201454504,2045,0,0
48201542103,2045,0,0
48201451604,2045,0,0
48201550901,2045,0,0
48201334101,2045,0,0
48201240705,2045,0,0
48201250306,2045,0,0
48201553202,2045,0,0
48201241502,2045,0,0
48201250406,2045,0,0
48201554805,2045,0,0
48201551704,2045,0,0
48201552003,2045,0,0
48201241002,2045,0,0
48201550407,2045,0,0
48201550405,2045,0,0
48201550303,2045,0,0
48201240706,2045,0,0
48201454503,2045,0,0
48201555101,2045,0,0
48201521401,2045,0,0
48201530101,2045,0,0
48201453902,2045,0,0
48201550403,2045,0,0
48201541802,2045,0,0
48201250102,2045,0,0
48201543007,2045,0,0
48201543008,2045,0,0
48201553101,2045,0,0
48201541009,2045,0,0
48201240906,2045,0,0
48201540904,2045,0,0
48201452701,2045,0,0
48201522102,2045,0,0
48201522001,2045,0,0
48201554410,2045,0,0
48201555503,2045,0,0
48201232405,2045,0,0
48201220701,2045,0,0
48201320202,2045,0,0
48201320201,2045,0,0
48201313802,2045,0,0
48201430102,2045,0,0
48201510602,2045,0,0
48201510801,2045,0,0
48201510901,2045,0,0
48201511004,2045,0,0
48201221302,2045,0,0
48201311501,2045,0,0
48201311502,2045,0,0
48201511502,2045,0,0
48201333203,2045,0,0
48201341203,2045,0,0
48201311701,2045,0,0
48201313202,2045,0,0
48201313101,2045,0,0
48201312601,2045,0,0
48201312603,2045,0,0
48201232901,2045,0,0
48201232802,2045,0,0
48201541206,2045,0,0
48201251504,2045,0,0
48201253501,2045,0,0
48201253201,2045,0,0
48201253602,2045,0,0
48201423204,2045,0,0
48201433602,2045,0,0
48201251702,2045,0,0
48201252202,2045,0,0
48201333205,2045,0,0
48201253202,2045,0,0
48201452703,2045,0,0
48201422405,2045,0,0
48201251904,2045,0,0
48201253101,2045,0,0
48201252902,2045,0,0
48201433506,2045,0,0
48201321001,2045,0,0
48201314004,2045,0,0
48201432302,2045,0,0
48201551102,2045,0,0
48201240707,2045,0,0
48201411802,2045,0,0
48201533401,2045,0,0
48201421203,2045,0,0
48201452002,2045,0,0
48201451404,2045,0,0
48201541007,2045,0,0
48201250407,2045,0,0
48201240505,2045,0,0
48201554904,2045,0,0
48201554907,2045,0,0
48201543006,2045,0,0
48201555305,2045,0,0
48201542107,2045,0,0
48201542201,2045,0,0
48201233501,2045,0,0
48201440101,2045,0,0
48201323602,2045,0,0
48201312501,2045,0,0
48201510702,2045,0,0
48201431204,2045,0,0
48201533301,2045,0,0
48201221501,2045,0,0
48201410801,2045,0,0
48201432705,2045,0,0
48201313901,2045,0,0
48201314003,2045,0,0
48201314402,2045,0,0
48201412201,2045,0,0
48201411902,2045,0,0
48201313801,2045,0,0
48201350604,2045,0,0
48201222504,2045,0,0
48201333501,2045,0,0
48201333302,2045,0,0
48201552902,2045,0,0
48201431505,2045,0,0
48201520302,2045,0,0
48201520301,2045,0,0
48201410704,2045,0,0
48201511003,2045,0,0
48201511202,2045,0,0
48201432706,2045,0,0
48201511501,2045,0,0
48201350803,2045,0,0
48201221601,2045,0,0
48201432003,2045,0,0
48201431303,2045,0,0
48201432102,2045,0,0
48201551501,2045,0,0
48201250601,2045,0,0
48201241201,2045,0,0
48201241105,2045,0,0
48201554809,2045,0,0
48201532102,2045,0,0
48201532302,2045,0,0
48201350104,2045,0,0
48201551601,2045,0,0
48201411504,2045,0,0
48201411506,2045,0,0
48201411505,2045,0,0
48201220702,2045,0,0
48201341001,2045,0,0
48201251903,2045,0,0
48201322702,2045,0,0
48201431902,2045,0,0
48201431803,2045,0,0
48201431701,2045,0,0
48201431702,2045,0,0
48201431804,2045,0,0
48201430101,2045,0,0
48201510902,2045,0,0
48201510802,2045,0,0
48201232704,2045,0,0
48201232703,2045,0,0
48201341102,2045,0,0
48201431901,2045,0,0
48201431506,2045,0,0
48201232902,2045,0,0
48201510601,2045,0,0
48201510302,2045,0,0
48201333204,2045,0,0
48201312902,2045,0,0
48201312901,2045,0,0
48201410202,2045,0,0
48201350101,2045,0,0
48201411507,2045,0,0
48201411301,2045,0,0
48201410502,2045,0,0
48201350103,2045,0,0
48201210500,2045,0,0
48201221400,2045,0,0
48201210600,2045,0,0
48201210700,2045,0,0
48201313000,2045,0,0
48201543100,2045,0,0
48201420400,2045,0,0
48201511100,2045,0,0
48201540200,2045,0,0
48201231100,2045,0,0
48201231300,2045,0,0
48201231500,2045,0,0
48201231600,2045,0,0
48201231700,2045,0,0
48201340900,2045,0,0
48201230300,2045,0,0
48201423500,2045,0,0
48201420100,2045,0,0
48201241400,2045,0,0
48201343100,2045,0,0
48201310400,2045,0,0
48201320100,2045,0,0
48201210800,2045,0,0
48201210900,2045,0,0
48201231800,2045,0,0
48201231900,2045,0,0
48201232000,2045,0,0
48201232100,2045,0,0
48201230400,2045,0,0
48201511400,2045,0,0
48201313902,2045,0,0
48201341304,2045,0,0
48201211102,2045,0,0
48201341204,2045,0,0
48201211501,2045,0,0
48201211502,2045,0,0
48201311002,2045,0,0
48201211301,2045,0,0
48201211101,2045,0,0
48201340701,2045,0,0
48201510701,2045,0,0
48201552701,2045,0,0
48201552802,2045,0,0
48201453901,2045,0,0
48201250802,2045,0,0
48201251701,2045,0,0
48201250902,2045,0,0
48201553601,2045,0,0
48201240803,2045,0,0
48201232201,2045,0,0
48201222701,2045,0,0
48201410101,2045,0,0
48201410602,2045,0,0
48201980700,2045,0,0
48201510202,2045,0,0
48201410102,2045,0,0
48201410201,2045,0,0
48201510201,2045,0,0
48201341600,2045,0,0
48201310800,2045,0,0
48201233300,2045,0,0
48201232500,2045,0,0
48201454400,2045,0,0
48201432402,2045,0,0
48201432401,2045,0,0
48201452401,2045,0,0
48201450401,2045,0,0
48201452204,2045,0,0
48201432301,2045,0,0
48201452203,2045,0,0
48201454305,2045,0,0
48201454304,2045,0,0
48201452702,2045,0,0
48201452103,2045,0,0
48201451004,2045,0,0
48201451407,2045,0,0
48201450803,2045,0,0
48201422304,2045,0,0
48201331501,2045,0,0
48201412902,2045,0,0
48201412901,2045,0,0
48201543202,2045,0,0
48201554408,2045,0,0
48201554406,2045,0,0
48201320902,2045,0,0
48201342801,2045,0,0
48201232801,2045,0,0
48201322701,2045,0,0
48201253502,2045,0,0
48201533302,2045,0,0
48201252601,2045,0,0
48201252602,2045,0,0
48201252901,2045,0,0
48201533402,2045,0,0
48201533903,2045,0,0
48201541701,2045,0,0
48201541902,2045,0,0
48201241503,2045,0,0
48201240503,2045,0,0
48201222702,2045,0,0
48201550102,2045,0,0
48201250403,2045,0,0
48201250801,2045,0,0
48201555001,2045,0,0
48201533804,2045,0,0
48201333801,2045,0,0
48201252002,2045,0,0
48201240400,2045,0,0
48201532200,2045,0,0
48201555200,2045,0,0
48201431600,2045,0,0
48201340400,2045,0,0
48201310900,2045,0,0
48201252500,2045,0,0
48201452300,2045,0,0
48201412500,2045,0,0
48201531000,2045,0,0
48201552200,2045,0,0
48201341700,2045,0,0
48201321800,2045,0,0
48201311200,2045,0,0
48201211000,2045,0,0
48201211200,2045,0,0
48201211400,2045,0,0
48201232600,2045,0,0
48201413000,2045,0,0
48201420800,2045,0,0
48201251800,2045,0,0
48201540700,2045,0,0
48201252800,2045,0,0
48201411600,2045,0,0
48201332900,2045,0,0
48201254800,2045,0,0
48201221800,2045,0,0
48201221900,2045,0,0
48201222000,2045,0,0
48201520400,2045,0,0
48201350700,2045,0,0
48201341400,2045,0,0
48201310600,2045,0,0
48201254700,2045,0,0
48201322600,2045,0,0
48201310700,2045,0,0
48201231200,2045,0,0
48201222100,2045,0,0
48201222200,2045,0,0
48201222300,2045,0,0
48201211900,2045,0,0
48201422000,2045,0,0
48201211600,2045,0,0
48201211700,2045,0,0
48339694207,2045,0,0
48339690404,2045,0,0
48339694002,2045,0,0
48339694106,2045,0,0
48339692501,2045,0,0
48339692605,2045,0,0
48339693901,2045,0,0
48339694105,2045,0,0
48339694001,2045,0,0
48339694107,2045,0,0
48339692401,2045,0,0
48339692402,2045,0,0
48339692202,2045,0,0
48339690609,2045,0,0
48339692007,2045,0,0
48339692201,2045,0,0
48339693304,2045,0,0
48339693104,2045,0,0
48339694208,2045,0,0
48339690610,2045,0,0
48339692304,2045,0,0
48339692101,2045,0,0
48339691403,2045,0,0
48339694204,2045,0,0
48339693702,2045,0,0
48339690101,2045,0,0
48201531200,2045,0,0
48201342900,2045,0,0
48201312300,2045,0,0
48339694304,2045,0,0
48339693202,2045,0,0
48339693103,2045,0,0
48339690701,2045,0,0
48339691402,2045,0,0
48339693503,2045,0,0
48339693902,2045,0,0
48339692006,2045,0,0
48339693301,2045,0,0
48339690603,2045,0,0
48339690605,2045,0,0
48339690606,2045,0,0
48339690607,2045,0,0
48339690604,2045,0,0
48339692005,2045,0,0
48339693904,2045,0,0
48339694402,2045,0,0
48339692301,2045,0,0
48339694602,2045,0,0
48339694306,2045,0,0
48201332000,2045,0,0
48201412600,2045,0,0
48201231400,2045,0,0
48201252700,2045,0,0
48201532700,2045,0,0
48201530200,2045,0,0
48201555600,2045,0,0
48201220100,2045,0,0
48201220200,2045,0,0
48339693001,2045,0,0
48201222800,2045,0,0
48201222900,2045,0,0
48201223100,2045,0,0
48201220300,2045,0,0
48201220400,2045,0,0
48201220500,2045,0,0
48201220600,2045,0,0
48201230100,2045,0,0
48201230200,2045,0,0
48201230500,2045,0,0
48201230600,2045,0,0
48201230700,2045,0,0
48201230800,2045,0,0
48167723700,2045,0,0
48201210400,2045,0,0
48201220800,2045,0,0
48201220900,2045,0,0
48201221000,2045,0,0
48201221100,2045,0,0
48201221200,2045,0,0
48201230900,2045,0,0
48201231000,2045,0,0
48201251600,2045,0,0
48201332300,2045,0,0
48201254200,2045,0,0
48201252400,2045,0,0
48201313400,2045,0,0
48201313500,2045,0,0
48201313600,2045,0,0
48201313700,2045,0,0
48201250500,2045,0,0
48167724000,2045,0,0
48167724300,2045,0,0
48167724400,2045,0,0
48167724500,2045,0,0
48167724600,2045,0,0
48167724700,2045,0,0
48167724800,2045,0,0
48167725000,2045,0,0
48167725100,2045,0,0
48201253700,2045,0,0
48167725200,2045,0,0
48167990000,2045,0,0
48167723501,2045,0,0
48339694206,2045,0,0
48339694309,2045,0,0
48339694305,2045,0,0
48339694307,2045,0,0
48339694104,2045,0,0
48339692803,2045,0,0
48339690608,2045,0,0
48339690408,2045,0,0
48201253800,2045,0,0
48201253900,2045,0,0
48201254000,2045,0,0
48201254100,2045,0,0
48201433400,2045,0,0
48201450100,2045,0,0
48201450200,2045,0,0
48201450500,2045,0,0
48201450600,2045,0,0
48201450700,2045,0,0
48201450900,2045,0,0
48201451100,2045,0,0
48201451200,2045,0,0
48201421700,2045,0,0
48201341800,2045,0,0
48201451700,2045,0,0
48201451800,2045,0,0
48201421900,2045,0,0
48201422100,2045,0,0
48201422200,2045,0,0
48201342100,2045,0,0
48201342200,2045,0,0
48201342300,2045,0,0
48201342400,2045,0,0
48201342500,2045,0,0
48201342700,2045,0,0
48201422800,2045,0,0
48201422900,2045,0,0
48201423100,2045,0,0
48201343000,2045,0,0
48201343200,2045,0,0
48201423600,2045,0,0
48201412300,2045,0,0
48201412400,2045,0,0
48201332600,2045,0,0
48201412700,2045,0,0
48201412800,2045,0,0
48201413100,2045,0,0
48339693002,2045,0,0
48201430200,2045,0,0
48201430300,2045,0,0
48201430400,2045,0,0
48201430500,2045,0,0
48201420200,2045,0,0
48201430600,2045,0,0
48201430700,2045,0,0
48201430800,2045,0,0
48201430900,2045,0,0
48201332700,2045,0,0
48201332800,2045,0,0
48201333000,2045,0,0
48071710202,2045,0,0
48071710201,2045,0,0
48201341002,2045,0,0
48201310101,2045,0,0
48201510301,2045,0,0
48201311001,2045,0,0
48201233502,2045,0,0
48201211302,2045,0,0
48201454902,2045,0,0
48201100001,2045,0,0
48201340702,2045,0,0
48201433004,2045,0,0
48201340501,2045,0,0
48201341303,2045,0,0
48201252306,2045,0,0
48201532301,2045,0,0
48201432005,2045,0,0
48201554701,2045,0,0
48201554202,2045,0,0
48201554201,2045,0,0
48167722100,2045,0,0
48167722300,2045,0,0
48167722600,2045,0,0
48167722700,2045,0,0
48167721207,2045,0,0
48167721206,2045,0,0
48167720509,2045,0,0
48167721403,2045,0,0
48167721302,2045,0,0
48167721301,2045,0,0
48167720703,2045,0,0
48167721208,2045,0,0
48167720511,2045,0,0
48167720602,2045,0,0
48167720510,2045,0,0
48167720512,2045,0,0
48167721211,2045,0,0
48167720604,2045,0,0
48167720508,2045,0,0
48167721205,2045,0,0
48201453401,2045,0,0
48167725300,2045,0,0
48167725400,2045,0,0
48167725500,2045,0,0
48167725600,2045,0,0
48167725800,2045,0,0
48167725900,2045,0,0
48201534201,2045,0,0
48201551703,2045,0,0
48201540901,2045,0,0
48201233001,2045,0,0
48201233002,2045,0,0
48201323801,2045,0,0
48201323802,2045,0,0
48167724101,2045,0,0
48071990000,2045,0,0
48039661602,2045,0,0
48039661601,2045,0,0
48039990000,2045,0,0
48157670102,2045,0,0
48157670602,2045,0,0
48157671002,2045,0,0
48157671001,2045,0,0
48157670902,2045,0,0
48201240802,2045,0,0
48201421403,2045,0,0
48201421402,2045,0,0
48201423201,2045,0,0
48201534203,2045,0,0
48201534002,2045,0,0
48201534003,2045,0,0
48157671602,2045,0,0
48201451401,2045,0,0
48157671601,2045,0,0
48157671501,2045,0,0
48157673902,2045,0,0
48201212500,2045,0,0
48157672702,2045,0,0
48157672602,2045,0,0
48339691601,2045,0,0
48157674601,2045,0,0
48157674603,2045,0,0
48157675402,2045,0,0
48157670903,2045,0,0
48201530300,2045,0,0
48201455000,2045,0,0
48201530400,2045,0,0
48201455200,2045,0,0
48201455300,2045,0,0
48201530800,2045,0,0
48201531500,2045,0,0
48201531600,2045,0,0
48201531700,2045,0,0
48201531800,2045,0,0
48201531900,2045,0,0
48201510100,2045,0,0
48201510400,2045,0,0
48201510500,2045,0,0
48201532600,2045,0,0
48201530900,2045,0,0
48201531100,2045,0,0
48201531300,2045,0,0
48201531400,2045,0,0
48201532400,2045,0,0
48201452900,2045,0,0
48201453100,2045,0,0
48201530600,2045,0,0
48201453300,2045,0,0
48201511600,2045,0,0
48201520100,2045,0,0
48201453800,2045,0,0
48201454000,2045,0,0
48201520200,2045,0,0
48201520700,2045,0,0
48201454100,2045,0,0
48201454200,2045,0,0
48201521000,2045,0,0
48201521100,2045,0,0
48201521300,2045,0,0
48201521600,2045,0,0
48201454600,2045,0,0
48201454700,2045,0,0
48201550500,2045,0,0
48201550700,2045,0,0
48201550800,2045,0,0
48201540800,2045,0,0
48201312700,2045,0,0
48201312800,2045,0,0
48201313300,2045,0,0
48167721103,2045,0,0
48167721503,2045,0,0
48167720605,2045,0,0
48167720701,2045,0,0
48167720507,2045,0,0
48167720504,2045,0,0
48167720601,2045,0,0
48167720506,2045,0,0
48167721502,2045,0,0
48167721401,2045,0,0
48167721210,2045,0,0
48167720603,2045,0,0
48167721702,2045,0,0
48167721209,2045,0,0
48167723401,2045,0,0
48167721204,2045,0,0
48167721902,2045,0,0
48167721203,2045,0,0
48167721102,2045,0,0
48167723504,2045,0,0
48167726101,2045,0,0
48167723402,2045,0,0
48167721101,2045,0,0
48167720505,2045,0,0
48167721701,2045,0,0
48167721703,2045,0,0
48167720702,2045,0,0
48167726102,2045,0,0
48167721402,2045,0,0
48167721501,2045,0,0
48167723503,2045,0,0
48167723505,2045,0,0
48167723403,2045,0,0
48167721901,2045,0,0
48201323900,2045,0,0
48201324000,2045,0,0
48201330200,2045,0,0
48201330400,2045,0,0
48201330500,2045,0,0
48201522101,2045,0,0
48201350202,2045,0,0
48201350201,2045,0,0
48201321101,2045,0,0
48201453405,2045,0,0
48201453404,2045,0,0
48201453702,2045,0,0
48201453604,2045,0,0
48201455103,2045,0,0
48201455104,2045,0,0
48201433601,2045,0,0
48201453603,2045,0,0
48201432806,2045,0,0
48201432805,2045,0,0
48201454802,2045,0,0
48201433505,2045,0,0
48201432803,2045,0,0
48201432904,2045,0,0
48201453701,2045,0,0
48201450301,2045,0,0
48201450302,2045,0,0
48201433504,2045,0,0
48201433507,2045,0,0
48201453002,2045,0,0
48201451605,2045,0,0
48201451606,2045,0,0
48201550305,2045,0,0
48201453001,2045,0,0
48201433503,2045,0,0
48201432502,2045,0,0
48201454901,2045,0,0
48201330600,2045,0,0
48201330700,2045,0,0
48473680201,2045,0,0
48473680303,2045,0,0
48473680501,2045,0,0
48473680502,2045,0,0
48473680301,2045,0,0
48473680601,2045,0,0
48473680602,2045,0,0
48473680302,2045,0,0
48473680202,2045,0,0
48473980000,2045,0,0
48201320500,2045,0,0
48201320700,2045,0,0
48201320800,2045,0,0
48201321200,2045,0,0
48201321500,2045,0,0
48201321600,2045,0,0
48201331100,2045,0,0
48201331200,2045,0,0
48201331300,2045,0,0
48201331400,2045,0,0
48201321700,2045,0,0
48201321900,2045,0,0
48201322000,2045,0,0
48201322100,2045,0,0
48201322200,2045,0,0
48201331700,2045,0,0
48201331800,2045,0,0
48201331900,2045,0,0
48201332100,2045,0,0
48201332200,2045,0,0
48201332400,2045,0,0
48201332500,2045,0,0
48201322800,2045,0,0
48201340502,2045,0,0
48201340102,2045,0,0
48201340101,2045,0,0
48201451302,2045,0,0
48201451903,2045,0,0
48201452602,2045,0,0
48201452601,2045,0,0
48201452001,2045,0,0
48201452101,2045,0,0
48201310102,2045,0,0
48201322900,2045,0,0
48201323000,2045,0,0
48201323100,2045,0,0
48201323200,2045,0,0
48201323300,2045,0,0
48201323400,2045,0,0
48201323500,2045,0,0
48201411700,2045,0,0
48201412000,2045,0,0
48201432600,2045,0,0
48201340600,2045,0,0
48201340800,2045,0,0
48201433300,2045,0,0
48201554103,2045,0,0
48201554104,2045,0,0
48201555102,2045,0,0
48201553201,2045,0,0
48201550304,2045,0,0
48201520502,2045,0,0
48201240905,2045,0,0
48201550406,2045,0,0
48201520604,2045,0,0
48201521501,2045,0,0
48201250304,2045,0,0
48201250602,2045,0,0
48201241301,2045,0,0
48201433100,2045,0,0
48201232402,2045,0,0
48201232403,2045,0,0
48201233101,2045,0,0
48201233003,2045,0,0
48201431102,2045,0,0
48201431101,2045,0,0
48201433003,2045,0,0
48201432901,2045,0,0
48201433202,2045,0,0
48201433201,2045,0,0
48201552102,2045,0,0
48201554002,2045,0,0
48201555401,2045,0,0
48201232701,2045,0,0
48201233103,2045,0,0
48201233702,2045,0,0
48201241101,2045,0,0
48201330302,2045,0,0
48201333201,2045,0,0
48201340301,2045,0,0
48201342001,2045,0,0
48201421101,2045,0,0
48201423301,2045,0,0
48157673600,2045,0,0
48167722900,2045,0,0
48167723100,2045,0,0
48167723200,2045,0,0
48167723300,2045,0,0
48167723000,2045,0,0
48167720800,2045,0,0
48167726000,2045,0,0
48167722800,2045,0,0
48167721600,2045,0,0
48167723800,2045,0,0
48167720100,2045,0,0
48167724900,2045,0,0
48167720200,2045,0,0
48167722200,2045,0,0
48167723600,2045,0,0
48167723900,2045,0,0
48167725700,2045,0,0
48167721800,2045,0,0
48167724200,2045,0,0
48157675800,2045,0,0
48157673300,2045,0,0
48201553403,2045,0,0
48201454502,2045,0,0
48157670400,2045,0,0
48157670300,2045,0,0
48157670700,2045,0,0
48201455102,2045,0,0
48201511302,2045,0,0
48201520601,2045,0,0
48201554001,2045,0,0
48201212300,2045,0,0
48201212400,2045,0,0
48157675300,2045,0,0
48157675600,2045,0,0
48157673700,2045,0,0
48201250701,2045,0,0
48201250702,2045,0,0
48201251503,2045,0,0
48201251402,2045,0,0
48201251902,2045,0,0
48201511001,2045,0,0
48201522302,2045,0,0
48201522202,2045,0,0
48201522301,2045,0,0
48201522201,2045,0,0
48201532502,2045,0,0
48201522500,2045,0,0
48201314001,2045,0,0
48201320602,2045,0,0
48201321401,2045,0,0
48201323702,2045,0,0
48201340203,2045,0,0
48201342002,2045,0,0
48201534001,2045,0,0
48201533902,2045,0,0
48201550603,2045,0,0
48039660705,2045,0,0
48039660609,2045,0,0
48039661902,2045,0,0
48039660806,2045,0,0
48039660603,2045,0,0
48039660608,2045,0,0
48039660610,2045,0,0
48039660704,2045,0,0
48039660501,2045,0,0
48039660503,2045,0,0
48039660804,2045,0,0
48201550601,2045,0,0
48157674404,2045,0,0
48157674403,2045,0,0
48201331602,2045,0,0
48201552602,2045,0,0
48201320601,2045,0,0
48201350601,2045,0,0
48201431401,2045,0,0
48201540502,2045,0,0
48201511301,2045,0,0
48201223001,2045,0,0
48201330303,2045,0,0
48201334003,2045,0,0
48201343301,2045,0,0
48201341501,2045,0,0
48201341502,2045,0,0
48201340302,2045,0,0
48201551702,2045,0,0
48201540602,2045,0,0
48339694203,2045,0,0
48339694209,2045,0,0
48339692004,2045,0,0
48339693402,2045,0,0
48339694603,2045,0,0
48339694205,2045,0,0
48339693703,2045,0,0
48339693303,2045,0,0
48339692603,2045,0,0
48339692010,2045,0,0
48339690501,2045,0,0
48339690405,2045,0,0
48339690406,2045,0,0
48339690403,2045,0,0
48339690407,2045,0,0
48339690205,2045,0,0
48339690204,2045,0,0
48339690206,2045,0,0
48339690207,2045,0,0
48339694308,2045,0,0
48339692303,2045,0,0
48339694501,2045,0,0
48339692502,2045,0,0
48339691202,2045,0,0
48339691801,2045,0,0
48339694303,2045,0,0
48339690702,2045,0,0
48339691802,2045,0,0
48339692604,2045,0,0
48339690203,2045,0,0
48201330301,2045,0,0
48201334001,2045,0,0
48201533702,2045,0,0
48201554501,2045,0,0
48201222402,2045,0,0
48201251501,2045,0,0
48201222501,2045,0,0
48201222401,2045,0,0
48201341302,2045,0,0
48201350801,2045,0,0
48201341201,2045,0,0
48201540601,2045,0,0
48201541203,2045,0,0
48201541100,2045,0,0
48201551000,2045,0,0
48291700400,2045,0,0
48291700900,2045,0,0
48291700500,2045,0,0
48201421302,2045,0,0
48201421204,2045,0,0
48201421801,2045,0,0
48201541205,2045,0,0
48201421301,2045,0,0
48201421206,2045,0,0
48201423203,2045,0,0
48201421502,2045,0,0
48201432101,2045,0,0
48201451501,2045,0,0
48201432006,2045,0,0
48201521202,2045,0,0
48201552303,2045,0,0
48201550306,2045,0,0
48201555504,2045,0,0
48201543009,2045,0,0
48201555304,2045,0,0
48201452102,2045,0,0
48201333301,2045,0,0
48201320901,2045,0,0
48201530102,2045,0,0
48201410601,2045,0,0
48201511201,2045,0,0
48201421103,2045,0,0
48201410706,2045,0,0
48201241501,2045,0,0
48201553901,2045,0,0
48201240704,2045,0,0
48201551300,2045,0,0
48201541008,2045,0,0
48201253601,2045,0,0
48201253102,2045,0,0
48201530501,2045,0,0
48201553404,2045,0,0
48201530502,2045,0,0
48201313102,2045,0,0
48201312602,2045,0,0
48201312502,2045,0,0
48201410703,2045,0,0
48201410802,2045,0,0
48201410501,2045,0,0
48201411003,2045,0,0
48201411002,2045,0,0
48201411503,2045,0,0
48201411001,2045,0,0
48201411801,2045,0,0
48201553405,2045,0,0
48201341101,2045,0,0
48201350603,2045,0,0
48201433006,2045,0,0
48201431203,2045,0,0
48201431403,2045,0,0
48201431404,2045,0,0
48201451406,2045,0,0
48201431206,2045,0,0
48201432903,2045,0,0
48201431205,2045,0,0
48201222601,2045,0,0
48201250408,2045,0,0
48201314005,2045,0,0
48201432703,2045,0,0
48201432704,2045,0,0
48201421104,2045,0,0
48201432004,2045,0,0
48201431504,2045,0,0
48201431304,2045,0,0
48201431503,2045,0,0
48201551502,2045,0,0
48201533803,2045,0,0
48201530701,2045,0,0
48201314401,2045,0,0
48201980300,2045,0,0
48201222602,2045,0,0
48201541500,2045,0,0
48201551400,2045,0,0
48291700600,2045,0,0
48291701400,2045,0,0
48291701200,2045,0,0
48291701000,2045,0,0
48291700100,2045,0,0
48291700200,2045,0,0
48291701300,2045,0,0
48291700700,2045,0,0
48291701100,2045,0,0
48201551800,2045,0,0
48201232303,2045,0,0
48201232202,2045,0,0
48201342802,2045,0,0
48201232305,2045,0,0
48201542002,2045,0,0
48201321302,2045,0,0
48201221702,2045,0,0
48201221602,2045,0,0
48201222505,2045,0,0
48201333802,2045,0,0
48201543010,2045,0,0
48201542106,2045,0,0
48201543005,2045,0,0
48201542305,2045,0,0
48201541006,2045,0,0
48201543011,2045,0,0
48201421601,2045,0,0
48201421501,2045,0,0
48201423002,2045,0,0
48201532800,2045,0,0
48201532900,2045,0,0
48201533000,2045,0,0
48201542500,2045,0,0
48201542600,2045,0,0
48201542700,2045,0,0
48201533100,2045,0,0
48201533200,2045,0,0
48201533500,2045,0,0
48201533600,2045,0,0
48201542800,2045,0,0
48201553300,2045,0,0
48201553500,2045,0,0
48201423001,2045,0,0
48201422406,2045,0,0
48201422601,2045,0,0
48201422602,2045,0,0
48201422502,2045,0,0
48201541401,2045,0,0
48201541702,2045,0,0
48201554409,2045,0,0
48201422404,2045,0,0
48201413206,2045,0,0
48201412202,2045,0,0
48201413205,2045,0,0
48201413203,2045,0,0
48201542003,2045,0,0
48201555403,2045,0,0
48201334102,2045,0,0
48201540503,2045,0,0
48201542304,2045,0,0
48201330101,2045,0,0
48201541403,2045,0,0
48201541204,2045,0,0
48201541404,2045,0,0
48201542202,2045,0,0
48201421205,2045,0,0
48291700301,2045,0,0
48291700302,2045,0,0
48291700801,2045,0,0
48291700303,2045,0,0
48291700802,2045,0,0
48201553700,2045,0,0
48201554600,2045,0,0
48201233200,2045,0,0
48201233400,2045,0,0
48201311100,2045,0,0
48201311300,2045,0,0
48201311400,2045,0,0
48201233600,2045,0,0
48167720400,2045,0,0
48167720900,2045,0,0
48201311600,2045,0,0
48201240600,2045,0,0
48201311800,2045,0,0
48201311900,2045,0,0
48201312000,2045,0,0
48201252100,2045,0,0
48201253000,2045,0,0
48201253300,2045,0,0
48201312200,2045,0,0
48201312400,2045,0,0
48167721000,2045,0,0
48039660805,2045,0,0
48039660613,2045,0,0
48039660504,2045,0,0
48039660707,2045,0,0
48039661901,2045,0,0
48039660611,2045,0,0
48039660708,2045,0,0
48039660615,2045,0,0
48039660901,2045,0,0
48039660614,2045,0,0
48039660902,2045,0,0
48039660616,2045,0,0
48039660706,2045,0,0
48039660303,2045,0,0
48039660612,2045,0,0
48039660703,2045,0,0
48039660301,2045,0,0
48039660302,2045,0,0
48039660607,2045,0,0
48039660502,2045,0,0
48039660402,2045,0,0
48039660403,2045,0,0
48039660401,2045,0,0
48039660606,2045,0,0
48039660605,2045,0,0
48039660803,2045,0,0
48039660604,2045,0,0
48201533701,2045,0,0
48201223002,2045,0,0
48201980100,2045,0,0
48339691301,2045,0,0
48339692003,2045,0,0
48339692802,2045,0,0
48339692601,2045,0,0
48167720302,2045,0,0
48039663800,2045,0,0
48039663900,2045,0,0
48039664200,2045,0,0
48039660200,2045,0,0
48071710300,2045,0,0
48071710401,2045,0,0
48071710500,2045,0,0
48071710600,2045,0,0
48071710100,2045,0,0
48039661502,2045,0,0
48039661501,2045,0,0
48157672703,2045,0,0
48157673402,2045,0,0
48157672907,2045,0,0
48157672906,2045,0,0
48157673106,2045,0,0
48157672903,2045,0,0
48157673008,2045,0,0
48157673010,2045,0,0
48157674302,2045,0,0
48157674402,2045,0,0
48157674507,2045,0,0
48157673401,2045,0,0
48157674505,2045,0,0
48157673005,2045,0,0
48157672802,2045,0,0
48157670904,2045,0,0
48157672901,2045,0,0
48157674504,2045,0,0
48157670202,2045,0,0
48157673107,2045,0,0
48157672303,2045,0,0
48157674503,2045,0,0
48157672801,2045,0,0
48157674506,2045,0,0
48157672603,2045,0,0
48157672304,2045,0,0
48157672004,2045,0,0
48157672306,2045,0,0
48157673112,2045,0,0
48157673111,2045,0,0
48157673109,2045,0,0
48157673110,2045,0,0
48157673113,2045,0,0
48157673105,2045,0,0
48157673201,2045,0,0
48157675501,2045,0,0
48157672402,2045,0,0
48157672305,2045,0,0
48157672904,2045,0,0
48157672902,2045,0,0
48157672003,2045,0,0
48157674508,2045,0,0
48157674301,2045,0,0
48157672401,2045,0,0
48157675701,2045,0,0
48157674701,2045,0,0
48157675503,2045,0,0
48157673403,2045,0,0
48157675702,2045,0,0
48157673108,2045,0,0
48157674002,2045,0,0
48157674401,2045,0,0
48157674001,2045,0,0
48157671401,2045,0,0
48157671101,2045,0,0
48157670201,2045,0,0
48157670801,2045,0,0
48157670500,2045,0,0
48157671200,2045,0,0
48157671300,2045,0,0
48157670803,2045,0,0
48157670802,2045,0,0
48157670603,2045,0,0
48157670604,2045,0,0
48157673103,2045,0,0
48157673202,2045,0,0
48157675401,2045,0,0
48157675502,2045,0,0
48157675102,2045,0,0
48157675101,2045,0,0
48157673009,2045,0,0
48157671402,2045,0,0
48157671102,2045,0,0
48157673904,2045,0,0
48157673801,2045,0,0
48157673903,2045,0,0
48157670804,2045,0,0
48157672905,2045,0,0
48157673802,2045,0,0
48157672604,2045,0,0
48157673104,2045,0,0
48157673502,2045,0,0
48157673501,2045,0,0
48157673404,2045,0,0
48157673007,2045,0,0
48157673004,2045,0,0
48157673006,2045,0,0
48157674702,2045,0,0
48157671700,2045,0,0
48157671800,2045,0,0
48157671900,2045,0,0
48157672100,2045,0,0
48157672002,2045,0,0
48157670101,2045,0,0
48157672701,2045,0,0
48157672201,2045,0,0
48157672500,2045,0,0
48157674602,2045,0,0
48157671502,2045,0,0
48157674604,2045,0,0
48201433007,2045,0,0
48201453201,2045,0,0
48201432501,2045,0,0
48201451502,2045,0,0
48201451603,2045,0,0
48201452402,2045,0,0
48201433005,2045,0,0
48201452501,2045,0,0
48201451003,2045,0,0
48201432303,2045,0,0
48201431001,2045,0,0
48201452502,2045,0,0
48201451405,2045,0,0
48201431002,2045,0,0
48201451005,2045,0,0
48201323601,2045,0,0
48201233701,2045,0,0
48201233703,2045,0,0
48201222502,2045,0,0
48201533802,2045,0,0
48201410401,2045,0,0
48201431801,2045,0,0
48039663400,2045,0,0
48039663500,2045,0,0
48039663600,2045,0,0
48039663700,2045,0,0
48201422702,2045,0,0
48201422701,2045,0,0
48201553002,2045,0,0
48201553001,2045,0,0
48201333905,2045,0,0
48201454505,2045,0,0
48201232304,2045,0,0
48201311702,2045,0,0
48201221502,2045,0,0
48201521502,2045,0,0
48201551602,2045,0,0
48201250202,2045,0,0
48201241202,2045,0,0
48201550902,2045,0,0
48201550404,2045,0,0
48201313201,2045,0,0
48201411302,2045,0,0
48201510803,2045,0,0
48201552004,2045,0,0
48201551902,2045,0,0
48201250101,2045,0,0
48201553602,2045,0,0
48201454303,2045,0,0
48201556100,2045,0,0
48201554806,2045,0,0
48201554803,2045,0,0
48201554702,2045,0,0
48201553102,2045,0,0
48201980400,2045,0,0
48201980200,2045,0,0
48201432804,2045,0,0
48201453202,2045,0,0
48201333100,2045,0,0
48201350300,2045,0,0
48201350400,2045,0,0
48201350500,2045,0,0
48201420300,2045,0,0
48201420500,2045,0,0
48201980000,2045,0,0
48201333600,2045,0,0
48201333700,2045,0,0
48201410300,2045,0,0
48201410900,2045,0,0
48201420600,2045,0,0
48201420700,2045,0,0
48201420900,2045,0,0
48473680100,2045,0,0
48201411100,2045,0,0
48201411200,2045,0,0
48201411400,2045,0,0
48201421000,2045,0,0
48201432200,2045,0,0
48201521800,2045,0,0
48201521900,2045,0,0
48039661100,2045,0,0
48039663300,2045,0,0
48201450804,2045,0,0
48201451006,2045,0,0
48201451904,2045,0,0
48201451301,2045,0,0
48201440102,2045,0,0
48201422303,2045,0,0
48201331604,2045,0,0
48201331502,2045,0,0
48201413302,2045,0,0
48201314301,2045,0,0
48201314302,2045,0,0
48201413301,2045,0,0
48201543201,2045,0,0
48201450402,2045,0,0
48201554405,2045,0,0
48201542105,2045,0,0
48201533904,2045,0,0
48201240506,2045,0,0
48039662900,2045,0,0
48039662800,2045,0,0
48039662500,2045,0,0
48039664100,2045,0,0
48039664000,2045,0,0
48039660100,2045,0,0
48039662200,2045,0,0
48039662400,2045,0,0
48039661200,2045,0,0
48039661000,2045,0,0
48039663100,2045,0,0
48039662000,2045,0,0
48039664400,2045,0,0
48039661300,2045,0,0
48039661400,2045,0,0
48039662100,2045,0,0
48039662300,2045,0,0
48039662700,2045,0,0
48039663000,2045,0,0
48039663200,2045,0,0
48339694700,2045,0,0
48339690300,2045,0,0
48339692900,2045,0,0
48201240504,2045,0,0
48201550101,2045,0,0
48201240102,2045,0,0
48201250404,2045,0,0
48201541801,2045,0,0
48201530702,2045,0,0
48201333904,2045,0,0
48201252304,2045,0,0
48201252003,2045,0,0
48201233104,2045,0,0
48201324101,2045,0,0
48201343601,2045,0,0
48201343602,2045,0,0
48201340201,2045,0,0
48201324102,2045,0,0
48201340202,2045,0,0
48201324200,2045,0,0
48201542108,2045,0,0
48157672202,2045,0,0
48039664300,2045,0,0
48039662600,2045,0,0
48039664501,2045,0,0
48039661700,2045,0,0
48039661800,2045,0,0
48201254300,2045,0,0
48201254400,2045,0,0
48201254600,2045,0,0
48201310200,2045,0,0
48201310300,2045,0,0
48201310500,2045,0,0
48339692702,2045,0,0
48339694601,2045,0,0
48339692009,2045,0,0
48339694401,2045,0,0
48339694502,2045,0,0
48339694503,2045,0,0
48339690102,2045,0,0
48201251000,2045,0,0
48201251100,2045,0,0
48201251200,2045,0,0
48201251300,2045,0,0
48339694403,2045,0,0
48339692302,2045,0,0
48339693800,2045,0,0
48339693903,2045,0,0
48339693701,2045,0,0
48339690503,2045,0,0
48339692804,2045,0,0
48339693201,2045,0,0
48339690502,2045,0,0
48339693302,2045,0,0
48339694103,2045,0,0
48339691401,2045,0,0
48339693502,2045,0,0
48339693401,2045,0,0
48339691201,2045,0,0
48339692102,2045,0,0
48339693501,2045,0,0
48339692701,2045,0,0
48339692008,2045,0,0
48339692103,2045,0,0
48339694210,2045,0,0
48201554902,2045,0,0
48201555301,2045,0,0
48201321402,2045,0,0
48201343302,2045,0,0
48201410402,2045,0,0
48201421401,2045,0,0
48201431302,2045,0,0
48201452202,2045,0,0
48201452802,2045,0,0
48201542302,2045,0,0
48201555303,2045,0,0
48201554302,2045,0,0
48201554502,2045,0,0
48201554301,2045,0,0
48201555701,2045,0,0
48201555501,2045,0,0
48201251401,2045,0,0
48201334002,2045,0,0
48201550602,2045,0,0
48201552301,2045,0,0
48201452801,2045,0,0
48201556000,2045,0,0
48201343700,2045,0,0
48339690900,2045,0,0
48339691000,2045,0,0
48339691100,2045,0,0
48339691500,2045,0,0
48339691700,2045,0,0
48339691900,2045,0,0
48339690800,2045,0,0
48339693600,2045,0,0
48201422302,2045,0,0
48201423402,2045,0,0
48201423401,2045,0,0
48201522402,2045,0,0
48201522401,2045,0,0
48201552002,2045,0,0
48201552101,2045,0,0
48201552103,2045,0,0
48201323701,2045,0,0
48201241103,2045,0,0
48201450801,2045,0,0
48201454302,2045,0,0
48201451902,2045,0,0
48201453403,2045,0,0
48201453601,2045,0,0
48201453501,2045,0,0
48201453502,2045,0,0
48201553401,2045,0,0
48201553801,2045,0,0
48157674800,2045,0,0
48157674900,2045,0,0
48157675000,2045,0,0
48157675200,2045,0,0
48167722001,2045,0,0
48167726200,2045,0,0
48157674100,2045,0,0
48157674200,2045,0,0
48167720501,2045,0,0
48167722002,2045,0,0
48167720301,2045,0,0
