Geo,Year,SFDU,MFDU,GQDU
1,2045,0,0,0
2,2045,0,0,0
3,2045,0,0,0
4,2045,0,0,0
5,2045,0,0,0
6,2045,0,0,0
7,2045,0,0,0
8,2045,0,0,0
9,2045,0,0,0
10,2045,0,0,0
11,2045,0,0,0
12,2045,0,0,0
13,2045,0,0,0
14,2045,0,0,0
15,2045,0,0,0
16,2045,0,0,0
17,2045,0,0,0
18,2045,0,0,0
19,2045,0,0,0
20,2045,0,0,0
21,2045,0,0,0
22,2045,0,0,0
23,2045,0,0,0
24,2045,0,39,0
25,2045,0,0,0
26,2045,0,0,0
27,2045,0,169,0
28,2045,0,0,0
29,2045,0,107,0
30,2045,0,0,0
31,2045,0,0,0
32,2045,0,463,0
33,2045,0,0,0
34,2045,0,79,0
35,2045,0,0,0
36,2045,0,0,0
37,2045,0,28,0
38,2045,0,0,0
39,2045,0,0,0
40,2045,0,0,0
41,2045,0,0,0
42,2045,0,279,0
43,2045,0,0,0
44,2045,0,308,0
45,2045,0,0,0
46,2045,0,0,0
47,2045,0,0,0
48,2045,0,0,0
49,2045,0,0,0
50,2045,0,0,0
51,2045,0,0,0
52,2045,0,0,0
53,2045,0,0,0
54,2045,0,0,0
55,2045,0,0,0
56,2045,0,0,0
57,2045,0,0,0
58,2045,0,0,0
59,2045,0,0,0
60,2045,0,139,0
61,2045,0,0,0
62,2045,0,0,0
63,2045,0,0,0
64,2045,0,0,0
65,2045,0,0,0
66,2045,0,0,0
67,2045,0,0,0
68,2045,0,0,0
69,2045,0,0,0
70,2045,0,0,0
71,2045,0,0,0
72,2045,0,0,0
73,2045,0,0,0
74,2045,0,82,0
75,2045,0,0,0
76,2045,0,0,0
77,2045,0,0,0
78,2045,0,0,0
79,2045,0,0,0
80,2045,0,0,0
81,2045,0,0,0
82,2045,0,0,0
83,2045,0,0,0
84,2045,0,0,0
85,2045,0,0,0
86,2045,0,0,0
87,2045,0,0,0
88,2045,0,0,0
89,2045,0,0,0
90,2045,0,0,0
91,2045,0,0,0
92,2045,0,0,0
93,2045,0,0,0
94,2045,0,0,0
95,2045,0,0,0
96,2045,0,18,0
97,2045,0,0,0
98,2045,0,290,0
99,2045,0,0,0
100,2045,0,0,0
101,2045,0,0,0
102,2045,0,0,0
103,2045,0,0,0
104,2045,0,0,0
105,2045,0,62,0
106,2045,0,0,0
107,2045,0,0,0
108,2045,0,0,0
109,2045,0,0,0
110,2045,0,0,0
111,2045,0,0,0
112,2045,0,0,0
113,2045,0,0,0
114,2045,0,0,0
115,2045,0,0,0
116,2045,0,0,0
117,2045,0,0,0
118,2045,0,0,0
119,2045,0,0,0
120,2045,0,0,0
121,2045,0,0,0
122,2045,0,31,0
123,2045,0,143,0
124,2045,0,286,0
125,2045,0,0,0
126,2045,0,0,0
127,2045,0,65,0
128,2045,0,0,0
129,2045,0,0,0
130,2045,0,0,0
131,2045,0,0,0
132,2045,0,0,0
133,2045,0,0,0
134,2045,0,0,0
135,2045,0,0,0
136,2045,0,0,0
137,2045,0,0,0
138,2045,0,0,0
139,2045,0,0,0
140,2045,0,0,0
141,2045,0,0,0
142,2045,0,0,0
143,2045,0,0,0
144,2045,0,0,0
145,2045,0,0,0
146,2045,0,0,0
147,2045,0,0,0
148,2045,0,47,0
149,2045,0,0,0
150,2045,0,104,0
151,2045,0,0,0
152,2045,0,0,0
153,2045,0,0,0
154,2045,0,0,0
155,2045,0,207,0
156,2045,0,0,0
157,2045,0,336,0
158,2045,0,392,0
159,2045,0,338,0
160,2045,0,0,0
161,2045,0,0,0
162,2045,0,0,0
163,2045,0,0,0
164,2045,0,0,0
165,2045,0,0,0
166,2045,0,0,0
167,2045,0,0,0
168,2045,0,0,0
169,2045,1,0,0
170,2045,0,0,0
171,2045,0,0,0
172,2045,0,220,0
173,2045,0,242,0
174,2045,0,0,0
175,2045,0,0,0
176,2045,0,0,0
177,2045,0,0,0
178,2045,0,0,0
179,2045,0,0,0
180,2045,0,0,0
181,2045,0,210,0
182,2045,0,0,0
183,2045,0,0,0
184,2045,0,0,0
185,2045,0,0,0
186,2045,0,0,0
187,2045,0,229,0
188,2045,0,220,0
189,2045,0,57,0
190,2045,0,0,0
191,2045,0,304,0
192,2045,0,209,0
193,2045,0,0,0
194,2045,0,0,0
195,2045,0,0,0
196,2045,0,0,0
197,2045,0,0,0
198,2045,0,359,0
199,2045,0,0,0
200,2045,0,0,0
201,2045,0,0,0
202,2045,0,0,0
203,2045,0,0,0
204,2045,0,400,0
205,2045,0,0,0
206,2045,0,0,0
207,2045,0,0,0
208,2045,0,285,0
209,2045,0,0,0
210,2045,0,0,0
211,2045,0,0,0
212,2045,0,0,0
213,2045,0,314,0
214,2045,0,0,0
215,2045,0,0,0
216,2045,2,0,0
217,2045,0,0,0
218,2045,0,0,0
219,2045,0,0,0
220,2045,0,0,0
221,2045,0,347,0
222,2045,0,0,0
223,2045,0,0,0
224,2045,0,0,0
225,2045,0,0,0
226,2045,0,0,0
227,2045,0,0,0
228,2045,0,0,0
229,2045,0,0,0
230,2045,0,0,0
231,2045,0,0,0
232,2045,0,0,0
233,2045,0,279,0
234,2045,0,271,0
235,2045,0,0,0
236,2045,0,0,0
237,2045,0,0,0
238,2045,0,0,0
239,2045,0,0,0
240,2045,0,0,0
241,2045,0,0,0
242,2045,0,0,0
243,2045,0,0,0
244,2045,0,0,0
245,2045,0,0,0
246,2045,0,0,0
247,2045,0,0,0
248,2045,0,0,0
249,2045,0,0,0
250,2045,0,0,0
251,2045,0,0,0
252,2045,0,0,0
253,2045,0,0,0
254,2045,0,0,0
255,2045,0,0,0
256,2045,0,0,0
257,2045,0,0,0
258,2045,0,148,0
259,2045,0,0,0
260,2045,0,0,0
261,2045,22,5,0
262,2045,0,0,0
263,2045,0,0,0
264,2045,3,5,0
265,2045,0,357,0
266,2045,0,0,0
267,2045,40,0,0
268,2045,56,3,0
269,2045,0,0,0
270,2045,0,17,0
271,2045,137,17,0
272,2045,62,1,0
273,2045,0,0,0
274,2045,0,0,0
275,2045,0,0,0
276,2045,0,215,0
277,2045,0,0,0
278,2045,63,121,0
279,2045,0,0,0
280,2045,0,51,0
281,2045,0,0,0
282,2045,145,139,0
283,2045,166,6,0
284,2045,117,91,0
285,2045,50,82,0
286,2045,22,47,0
287,2045,69,69,0
288,2045,103,239,0
289,2045,27,144,0
290,2045,0,0,0
291,2045,4,264,0
292,2045,10,49,0
293,2045,0,152,0
294,2045,6,0,0
295,2045,0,0,0
296,2045,0,0,0
297,2045,226,861,0
298,2045,0,432,0
299,2045,0,0,0
300,2045,0,0,0
301,2045,0,399,0
302,2045,0,0,0
303,2045,0,317,0
304,2045,0,0,0
305,2045,1,46,0
306,2045,0,0,0
307,2045,1,6,0
308,2045,0,367,0
309,2045,0,154,0
310,2045,0,392,0
311,2045,0,0,0
312,2045,0,630,0
313,2045,1,11,0
314,2045,0,357,0
315,2045,0,0,0
316,2045,0,356,0
317,2045,0,0,0
318,2045,8,6,0
319,2045,0,328,0
320,2045,0,398,0
321,2045,0,361,0
322,2045,386,467,0
323,2045,195,1122,0
324,2045,33,843,0
325,2045,0,198,0
326,2045,185,1575,0
327,2045,62,1305,0
328,2045,17,534,0
329,2045,63,712,0
330,2045,0,1018,0
331,2045,359,835,0
332,2045,289,916,0
333,2045,84,969,0
334,2045,801,682,0
335,2045,454,784,0
336,2045,328,195,0
337,2045,352,318,0
338,2045,156,100,0
339,2045,465,352,0
340,2045,159,352,0
341,2045,477,305,0
342,2045,137,315,0
343,2045,371,345,0
344,2045,83,703,0
345,2045,313,1040,0
346,2045,0,0,0
347,2045,451,1355,0
348,2045,0,490,0
349,2045,215,707,0
350,2045,253,630,0
351,2045,80,133,0
352,2045,190,840,0
353,2045,66,94,0
354,2045,0,599,0
355,2045,79,2291,0
356,2045,195,1681,0
357,2045,303,1396,0
358,2045,27,68,0
359,2045,328,777,0
360,2045,109,558,0
361,2045,215,1139,0
362,2045,108,197,0
363,2045,311,0,0
364,2045,464,144,0
365,2045,265,0,0
366,2045,296,3,0
367,2045,507,917,0
368,2045,149,761,0
369,2045,524,108,0
370,2045,351,422,0
371,2045,301,628,0
372,2045,0,0,0
373,2045,314,667,0
374,2045,34,2,0
375,2045,279,52,0
376,2045,107,10,0
377,2045,0,0,0
378,2045,151,988,0
379,2045,155,579,0
380,2045,35,2855,0
381,2045,136,1958,0
382,2045,9,443,0
383,2045,381,1725,0
384,2045,737,146,0
385,2045,169,1396,0
386,2045,2,0,0
387,2045,167,871,0
388,2045,304,319,0
389,2045,427,50,0
390,2045,269,662,0
391,2045,1091,1232,0
392,2045,569,351,0
393,2045,219,1513,0
394,2045,820,194,0
395,2045,756,172,0
396,2045,474,1437,0
397,2045,389,543,0
398,2045,82,34,0
399,2045,897,362,0
400,2045,487,495,0
401,2045,343,49,0
402,2045,576,476,0
403,2045,350,132,0
404,2045,109,67,0
405,2045,1094,195,0
406,2045,175,87,0
407,2045,244,340,0
408,2045,138,8,0
409,2045,433,261,0
410,2045,535,208,0
411,2045,892,990,0
412,2045,1088,105,0
413,2045,983,64,0
414,2045,1753,482,0
415,2045,1458,520,0
416,2045,96,369,0
417,2045,119,3489,0
418,2045,1268,265,0
419,2045,0,4442,0
420,2045,0,327,0
421,2045,0,0,0
422,2045,0,642,0
423,2045,529,3586,0
424,2045,284,647,0
425,2045,184,256,0
426,2045,1703,203,0
427,2045,185,84,0
428,2045,0,1551,0
429,2045,517,401,0
430,2045,31,2542,0
431,2045,368,794,0
432,2045,683,2246,0
433,2045,555,995,0
434,2045,531,937,0
435,2045,183,1527,0
436,2045,336,1636,0
437,2045,1731,1257,0
438,2045,1650,235,0
439,2045,314,155,0
440,2045,0,1339,0
441,2045,206,144,0
442,2045,3,247,0
443,2045,173,307,0
444,2045,11,0,0
445,2045,8,247,0
446,2045,0,0,0
447,2045,0,24,0
448,2045,0,0,0
449,2045,0,406,0
450,2045,56,666,0
451,2045,4,797,0
452,2045,0,350,0
453,2045,27,4,0
454,2045,165,53,0
455,2045,157,108,0
456,2045,237,391,0
457,2045,238,1111,0
458,2045,947,144,0
459,2045,180,71,0
460,2045,173,109,0
461,2045,427,152,0
462,2045,399,361,0
463,2045,221,68,0
464,2045,983,170,0
465,2045,1118,117,0
466,2045,169,83,0
467,2045,414,40,0
468,2045,42,0,0
469,2045,881,100,0
470,2045,181,22,0
471,2045,138,79,0
472,2045,347,60,0
473,2045,6,2,0
474,2045,0,649,0
475,2045,497,28,0
476,2045,952,24,0
477,2045,491,221,0
478,2045,20,0,0
479,2045,0,0,0
480,2045,338,13,0
481,2045,0,0,0
482,2045,308,14,0
483,2045,50,1,0
484,2045,582,46,0
485,2045,247,8,0
486,2045,10,7,0
487,2045,270,103,0
488,2045,0,0,0
489,2045,0,0,0
490,2045,59,2,0
491,2045,768,61,0
492,2045,1059,105,0
493,2045,1247,169,0
494,2045,689,183,0
495,2045,705,115,0
496,2045,295,111,0
497,2045,1238,157,0
498,2045,576,140,0
499,2045,433,317,0
500,2045,112,45,0
501,2045,460,44,0
502,2045,642,88,0
503,2045,491,189,0
504,2045,241,105,0
505,2045,441,193,0
506,2045,25,12,0
507,2045,298,239,0
508,2045,156,6,0
509,2045,0,0,0
510,2045,0,0,0
511,2045,41,0,0
512,2045,22,2,0
513,2045,0,0,0
514,2045,0,0,0
515,2045,0,0,0
516,2045,0,0,0
517,2045,1004,17,0
518,2045,326,29,0
519,2045,78,0,0
520,2045,58,0,0
521,2045,146,2,0
522,2045,0,0,0
523,2045,0,0,0
524,2045,67,245,0
525,2045,0,0,0
526,2045,22,0,0
527,2045,63,2,0
528,2045,194,12,0
529,2045,0,0,0
530,2045,9,0,0
531,2045,0,39,0
532,2045,0,6,0
533,2045,10,3,0
534,2045,0,0,0
535,2045,0,0,0
536,2045,75,39,0
537,2045,366,67,0
538,2045,153,122,0
539,2045,180,82,0
540,2045,220,43,0
541,2045,67,44,0
542,2045,122,101,0
543,2045,0,0,0
544,2045,107,63,0
545,2045,3,0,0
546,2045,0,0,0
547,2045,178,150,0
548,2045,0,190,0
549,2045,89,11,0
550,2045,163,180,0
551,2045,28,25,0
552,2045,0,0,0
553,2045,199,120,0
554,2045,72,107,0
555,2045,101,49,0
556,2045,93,34,0
557,2045,71,18,0
558,2045,0,0,0
559,2045,0,0,0
560,2045,0,0,0
561,2045,47,2,0
562,2045,38,7,0
563,2045,1,46,0
564,2045,588,273,0
565,2045,568,447,0
566,2045,319,115,0
567,2045,20,8,0
568,2045,404,580,0
569,2045,22,24,0
570,2045,436,170,0
571,2045,50,2,0
572,2045,517,199,0
573,2045,339,420,0
574,2045,312,165,0
575,2045,437,224,0
576,2045,494,151,0
577,2045,364,156,0
578,2045,323,59,0
579,2045,35,0,0
580,2045,731,141,0
581,2045,729,219,0
582,2045,602,122,0
583,2045,347,58,0
584,2045,1,24,0
585,2045,27,4,0
586,2045,59,274,0
587,2045,603,153,0
588,2045,377,134,0
589,2045,724,8,0
590,2045,684,61,0
591,2045,1086,112,0
592,2045,368,428,1502
593,2045,126,292,0
594,2045,214,72,0
595,2045,47,0,0
596,2045,212,45,0
597,2045,220,71,0
598,2045,180,88,0
599,2045,222,121,0
600,2045,142,94,0
601,2045,140,51,0
602,2045,490,214,0
603,2045,313,88,0
604,2045,264,411,0
605,2045,195,134,0
606,2045,520,233,0
607,2045,0,0,0
608,2045,106,252,0
609,2045,46,86,0
610,2045,0,396,0
611,2045,0,179,0
612,2045,7,2,0
613,2045,63,67,0
614,2045,0,0,0
615,2045,0,4,0
616,2045,0,151,0
617,2045,0,256,0
618,2045,26,32,0
619,2045,180,76,0
620,2045,55,30,0
621,2045,40,66,0
622,2045,6,18,0
623,2045,14,70,0
624,2045,157,156,0
625,2045,418,394,0
626,2045,17,807,0
627,2045,21,212,0
628,2045,4,199,0
629,2045,68,41,0
630,2045,102,420,0
631,2045,227,113,0
632,2045,258,673,0
633,2045,420,878,0
634,2045,114,73,0
635,2045,386,218,0
636,2045,322,230,0
637,2045,248,468,0
638,2045,0,0,0
639,2045,0,0,0
640,2045,0,0,0
641,2045,0,0,0
642,2045,0,0,0
643,2045,0,0,0
644,2045,619,159,0
645,2045,1,0,0
646,2045,0,0,0
647,2045,607,13,0
648,2045,0,0,0
649,2045,356,182,0
650,2045,300,2,0
651,2045,150,99,0
652,2045,273,244,0
653,2045,106,299,0
654,2045,0,0,0
655,2045,851,1177,38
656,2045,0,0,0
657,2045,316,376,0
658,2045,171,257,0
659,2045,684,814,0
660,2045,741,983,0
661,2045,647,112,0
662,2045,388,543,0
663,2045,25,120,0
664,2045,380,0,0
665,2045,0,0,0
666,2045,325,119,0
667,2045,494,102,0
668,2045,0,0,0
669,2045,283,30,0
670,2045,270,257,0
671,2045,47,294,528
672,2045,0,137,0
673,2045,0,0,0
674,2045,372,239,0
675,2045,786,1617,0
676,2045,103,122,0
677,2045,0,224,0
678,2045,0,0,0
679,2045,0,333,0
680,2045,2,0,0
681,2045,198,175,0
682,2045,416,417,0
683,2045,0,184,0
684,2045,0,0,0
685,2045,26,325,0
686,2045,0,0,0
687,2045,80,3635,0
688,2045,4,0,0
689,2045,0,4253,0
690,2045,2,4596,0
691,2045,0,4341,0
692,2045,0,1022,0
693,2045,0,342,0
694,2045,0,1073,0
695,2045,0,3322,0
696,2045,0,606,0
697,2045,0,2311,0
698,2045,0,0,0
699,2045,0,979,0
700,2045,0,1257,0
701,2045,0,0,0
702,2045,0,1401,0
703,2045,100,1396,1
704,2045,12,244,0
705,2045,396,205,0
706,2045,150,0,0
707,2045,354,398,0
708,2045,142,89,0
709,2045,83,629,0
710,2045,0,327,0
711,2045,1014,0,0
712,2045,1169,19,0
713,2045,1294,218,0
714,2045,809,35,0
715,2045,1237,29,0
716,2045,17,6,0
717,2045,302,772,0
718,2045,469,25,0
719,2045,384,89,0
720,2045,0,0,0
721,2045,532,275,0
722,2045,627,715,0
723,2045,79,374,0
724,2045,392,465,0
725,2045,0,0,0
726,2045,0,0,0
727,2045,0,392,0
728,2045,737,105,0
729,2045,1360,521,0
730,2045,168,4240,0
731,2045,1231,1055,0
732,2045,730,1347,0
733,2045,0,2369,0
734,2045,109,0,0
735,2045,498,846,0
736,2045,0,1072,0
737,2045,363,0,0
738,2045,570,152,0
739,2045,563,0,0
740,2045,158,146,0
741,2045,125,0,0
742,2045,34,286,0
743,2045,539,337,0
744,2045,173,0,0
745,2045,282,363,0
746,2045,482,768,0
747,2045,138,220,0
748,2045,0,2396,0
749,2045,0,1035,0
750,2045,577,36,0
751,2045,123,796,0
752,2045,164,592,0
753,2045,371,663,0
754,2045,108,892,0
755,2045,65,684,0
756,2045,148,359,0
757,2045,214,63,0
758,2045,109,0,0
759,2045,3,595,0
760,2045,50,588,0
761,2045,0,175,0
762,2045,24,361,0
763,2045,533,420,0
764,2045,449,46,0
765,2045,125,1789,0
766,2045,719,391,0
767,2045,232,3827,0
768,2045,0,5999,0
769,2045,1167,1664,0
770,2045,118,5951,0
771,2045,2,3462,0
772,2045,445,2791,0
773,2045,0,4954,0
774,2045,63,1200,0
775,2045,0,2048,0
776,2045,2,592,0
777,2045,0,1540,0
778,2045,0,612,0
779,2045,740,622,0
780,2045,137,2218,0
781,2045,100,2693,167
782,2045,454,1324,0
783,2045,52,2154,0
784,2045,70,2925,0
785,2045,13,3626,0
786,2045,204,106,0
787,2045,100,902,0
788,2045,403,0,0
789,2045,157,1,0
790,2045,88,5373,0
791,2045,42,583,0
792,2045,285,1453,0
793,2045,49,1692,0
794,2045,0,3569,0
795,2045,349,999,0
796,2045,306,3073,0
797,2045,0,1164,0
798,2045,0,2477,0
799,2045,0,1631,0
800,2045,0,224,0
801,2045,0,0,0
802,2045,0,960,0
803,2045,0,0,0
804,2045,0,0,0
805,2045,468,3992,0
806,2045,100,1710,0
807,2045,0,2480,0
808,2045,0,5089,0
809,2045,201,6763,0
810,2045,0,6037,0
811,2045,0,1144,0
812,2045,0,766,0
813,2045,0,1829,0
814,2045,0,1009,0
815,2045,1539,393,0
816,2045,0,2251,0
817,2045,1636,1504,0
818,2045,239,5238,0
819,2045,0,886,0
820,2045,327,1499,0
821,2045,1,3932,0
822,2045,844,580,0
823,2045,787,257,0
824,2045,37,4688,0
825,2045,116,1780,0
826,2045,13,400,0
827,2045,231,0,0
828,2045,78,584,0
829,2045,110,0,0
830,2045,429,0,0
831,2045,69,192,0
832,2045,490,1,0
833,2045,161,668,0
834,2045,142,0,0
835,2045,140,0,0
836,2045,334,0,0
837,2045,83,0,0
838,2045,155,0,0
839,2045,239,0,0
840,2045,38,193,0
841,2045,207,0,0
842,2045,439,0,0
843,2045,532,0,0
844,2045,489,422,0
845,2045,261,14,0
846,2045,148,647,0
847,2045,251,0,0
848,2045,60,1962,0
849,2045,105,0,0
850,2045,166,906,0
851,2045,808,1495,0
852,2045,380,1232,0
853,2045,37,3519,0
854,2045,197,205,0
855,2045,398,1173,0
856,2045,677,562,0
857,2045,811,0,0
858,2045,47,41,0
859,2045,452,567,0
860,2045,319,0,0
861,2045,156,1250,0
862,2045,294,993,0
863,2045,21,3412,0
864,2045,406,2,0
865,2045,0,1461,0
866,2045,296,1267,0
867,2045,79,2216,0
868,2045,131,3921,0
869,2045,477,1442,0
870,2045,0,0,0
871,2045,502,577,0
872,2045,494,1245,0
873,2045,419,528,0
874,2045,1072,553,0
875,2045,307,1026,234
876,2045,333,0,0
877,2045,0,2820,0
878,2045,253,2260,0
879,2045,752,1823,0
880,2045,455,64,0
881,2045,885,1010,0
882,2045,439,2085,0
883,2045,203,718,0
884,2045,1066,687,0
885,2045,751,81,0
886,2045,991,1164,0
887,2045,155,44,380
888,2045,1261,1999,552
889,2045,20,509,0
890,2045,1206,3142,0
891,2045,291,815,0
892,2045,244,1107,0
893,2045,146,345,216
894,2045,0,1233,0
895,2045,278,859,0
896,2045,208,659,0
897,2045,183,348,0
898,2045,199,973,0
899,2045,787,8020,0
900,2045,1075,380,0
901,2045,56,5604,0
902,2045,207,1075,0
903,2045,0,164,0
904,2045,2,4285,0
905,2045,18,316,0
906,2045,4,1132,0
907,2045,0,0,0
908,2045,0,322,0
909,2045,84,2506,0
910,2045,293,524,0
911,2045,643,1413,0
912,2045,230,1205,0
913,2045,810,3822,0
914,2045,0,2142,0
915,2045,133,1599,0
916,2045,0,3869,0
917,2045,55,5068,0
918,2045,2,2213,0
919,2045,14,1212,0
920,2045,185,3029,0
921,2045,0,487,0
922,2045,0,2399,0
923,2045,299,61,0
924,2045,636,48,0
925,2045,17,738,0
926,2045,342,1135,0
927,2045,0,2525,0
928,2045,0,3469,0
929,2045,465,3858,0
930,2045,329,376,0
931,2045,487,43,0
932,2045,364,20,0
933,2045,1761,456,0
934,2045,462,265,0
935,2045,188,115,0
936,2045,229,1123,0
937,2045,190,48,0
938,2045,1377,758,0
939,2045,444,386,0
940,2045,679,405,0
941,2045,1021,59,0
942,2045,16,5,0
943,2045,97,1235,137
944,2045,560,397,0
945,2045,327,409,0
946,2045,696,58,0
947,2045,483,4,0
948,2045,323,2040,0
949,2045,91,1063,0
950,2045,149,0,0
951,2045,950,224,0
952,2045,500,170,0
953,2045,877,31,0
954,2045,357,1,0
955,2045,795,20,0
956,2045,572,172,0
957,2045,476,54,0
958,2045,639,100,0
959,2045,1270,28,0
960,2045,1312,1105,0
961,2045,15,898,0
962,2045,127,352,0
963,2045,1018,57,0
964,2045,0,313,0
965,2045,697,413,0
966,2045,411,4,0
967,2045,425,0,0
968,2045,327,362,0
969,2045,88,3167,0
970,2045,23,1970,0
971,2045,111,573,0
972,2045,0,1083,0
973,2045,467,514,0
974,2045,219,2004,0
975,2045,0,2352,0
976,2045,11,3466,0
977,2045,0,212,0
978,2045,652,2181,0
979,2045,8,399,0
980,2045,182,725,0
981,2045,364,337,0
982,2045,180,437,0
983,2045,378,0,0
984,2045,174,11,0
985,2045,1304,4,0
986,2045,258,331,0
987,2045,441,186,0
988,2045,376,4,0
989,2045,1304,697,0
990,2045,375,186,0
991,2045,1118,914,0
992,2045,788,1113,0
993,2045,415,329,0
994,2045,954,485,0
995,2045,963,26,0
996,2045,1022,0,0
997,2045,605,0,0
998,2045,797,16,0
999,2045,981,390,0
1000,2045,237,831,0
1001,2045,1525,804,0
1002,2045,411,26,0
1003,2045,0,0,0
1004,2045,198,945,0
1005,2045,0,0,0
1006,2045,627,0,0
1007,2045,0,982,0
1008,2045,889,0,0
1009,2045,0,323,0
1010,2045,371,1283,0
1011,2045,462,282,0
1012,2045,144,1133,0
1013,2045,1,0,0
1014,2045,345,0,0
1015,2045,0,1016,0
1016,2045,114,665,0
1017,2045,304,275,0
1018,2045,424,0,0
1019,2045,6,0,0
1020,2045,512,0,0
1021,2045,188,303,152
1022,2045,2092,5,0
1023,2045,966,34,0
1024,2045,495,0,0
1025,2045,453,7,0
1026,2045,838,0,0
1027,2045,454,0,0
1028,2045,953,0,0
1029,2045,2,0,0
1030,2045,856,0,0
1031,2045,537,0,0
1032,2045,1454,4,0
1033,2045,1,1412,0
1034,2045,0,226,0
1035,2045,1381,366,0
1036,2045,2765,1095,0
1037,2045,1609,264,0
1038,2045,573,1373,0
1039,2045,964,317,0
1040,2045,522,363,0
1041,2045,0,180,0
1042,2045,57,0,0
1043,2045,25,2,0
1044,2045,518,180,0
1045,2045,301,26,0
1046,2045,283,176,0
1047,2045,235,5,0
1048,2045,161,180,0
1049,2045,399,122,0
1050,2045,3,0,0
1051,2045,267,71,0
1052,2045,640,58,0
1053,2045,503,61,0
1054,2045,570,51,0
1055,2045,474,20,0
1056,2045,562,185,0
1057,2045,425,10,0
1058,2045,423,5,0
1059,2045,429,431,0
1060,2045,663,447,0
1061,2045,658,9,0
1062,2045,680,28,0
1063,2045,307,85,0
1064,2045,613,5,0
1065,2045,923,42,0
1066,2045,134,2,0
1067,2045,133,270,0
1068,2045,566,12,0
1069,2045,612,2,0
1070,2045,347,24,0
1071,2045,115,5,0
1072,2045,375,20,0
1073,2045,830,25,0
1074,2045,0,0,0
1075,2045,1353,95,0
1076,2045,569,533,0
1077,2045,740,338,0
1078,2045,2,0,0
1079,2045,817,39,0
1080,2045,148,213,0
1081,2045,5,0,0
1082,2045,650,10,0
1083,2045,139,2,0
1084,2045,438,59,0
1085,2045,337,28,0
1086,2045,53,18,0
1087,2045,413,154,0
1088,2045,119,15,0
1089,2045,43,239,0
1090,2045,651,45,0
1091,2045,149,2,0
1092,2045,838,105,0
1093,2045,296,52,0
1094,2045,849,234,0
1095,2045,321,47,0
1096,2045,841,347,0
1097,2045,215,145,0
1098,2045,872,17,0
1099,2045,1003,60,0
1100,2045,880,316,0
1101,2045,326,677,0
1102,2045,763,94,0
1103,2045,1052,248,0
1104,2045,793,312,0
1105,2045,403,1082,0
1106,2045,1181,1546,0
1107,2045,481,499,0
1108,2045,1030,2045,0
1109,2045,0,2400,0
1110,2045,0,0,0
1111,2045,0,0,0
1112,2045,0,788,0
1113,2045,0,0,0
1114,2045,0,510,0
1115,2045,0,0,0
1116,2045,0,0,0
1117,2045,1016,650,164
1118,2045,621,0,0
1119,2045,441,175,0
1120,2045,724,235,0
1121,2045,1353,86,0
1122,2045,584,282,0
1123,2045,229,175,0
1124,2045,0,0,0
1125,2045,374,238,0
1126,2045,210,161,0
1127,2045,383,111,0
1128,2045,11,12,0
1129,2045,1497,23,0
1130,2045,1685,199,0
1131,2045,333,8,0
1132,2045,2066,34,0
1133,2045,147,16,0
1134,2045,779,64,0
1135,2045,221,15,0
1136,2045,489,0,0
1137,2045,240,35,0
1138,2045,322,75,0
1139,2045,205,106,0
1140,2045,205,80,0
1141,2045,752,83,0
1142,2045,581,27,0
1143,2045,189,4,0
1144,2045,161,40,0
1145,2045,178,58,8
1146,2045,155,38,0
1147,2045,358,405,0
1148,2045,761,40,0
1149,2045,51,0,0
1150,2045,0,0,0
1151,2045,397,15,0
1152,2045,278,0,0
1153,2045,242,2,0
1154,2045,1340,0,0
1155,2045,843,347,0
1156,2045,341,0,0
1157,2045,206,2,0
1158,2045,772,326,0
1159,2045,1302,0,0
1160,2045,1116,12,0
1161,2045,623,92,168
1162,2045,16,303,0
1163,2045,144,7,0
1164,2045,223,16,0
1165,2045,759,86,0
1166,2045,1532,2,0
1167,2045,1484,219,0
1168,2045,172,4,0
1169,2045,317,24,0
1170,2045,1124,0,144
1171,2045,822,0,0
1172,2045,77,0,0
1173,2045,1158,0,0
1174,2045,284,2,0
1175,2045,1349,16,0
1176,2045,3,0,0
1177,2045,517,0,0
1178,2045,0,0,0
1179,2045,7,0,0
1180,2045,1131,0,0
1181,2045,1825,257,0
1182,2045,780,0,0
1183,2045,490,0,0
1184,2045,367,2,0
1185,2045,265,0,0
1186,2045,21,0,0
1187,2045,2530,120,0
1188,2045,555,0,0
1189,2045,1130,52,0
1190,2045,1097,9,0
1191,2045,1379,1104,0
1192,2045,968,264,0
1193,2045,799,539,0
1194,2045,1,0,0
1195,2045,126,622,0
1196,2045,123,0,0
1197,2045,188,8,0
1198,2045,789,0,0
1199,2045,53,257,0
1200,2045,177,261,0
1201,2045,419,22,0
1202,2045,231,0,0
1203,2045,2530,0,0
1204,2045,179,0,0
1205,2045,142,0,0
1206,2045,726,42,0
1207,2045,664,40,0
1208,2045,959,144,0
1209,2045,1685,86,0
1210,2045,18,2,0
1211,2045,1074,262,0
1212,2045,579,48,0
1213,2045,810,20,0
1214,2045,0,0,0
1215,2045,11,45,0
1216,2045,42,146,0
1217,2045,517,24,0
1218,2045,90,1,0
1219,2045,160,0,0
1220,2045,10,0,0
1221,2045,0,0,0
1222,2045,0,0,0
1223,2045,862,1714,409
1224,2045,756,2,0
1225,2045,195,303,0
1226,2045,21,0,0
1227,2045,143,13,0
1228,2045,560,107,0
1229,2045,9,0,0
1230,2045,310,0,0
1231,2045,141,4,0
1232,2045,56,0,0
1233,2045,447,2,0
1234,2045,0,0,0
1235,2045,85,0,0
1236,2045,430,84,0
1237,2045,512,277,0
1238,2045,312,258,0
1239,2045,2385,318,0
1240,2045,804,26,0
1241,2045,1021,7,0
1242,2045,1161,1531,256
1243,2045,460,638,0
1244,2045,333,300,0
1245,2045,2513,219,0
1246,2045,952,226,0
1247,2045,1188,515,0
1248,2045,1409,262,0
1249,2045,1480,2,0
1250,2045,566,856,0
1251,2045,9,40,0
1252,2045,462,112,0
1253,2045,12,8,0
1254,2045,12,4,0
1255,2045,45,124,0
1256,2045,1,0,0
1257,2045,0,0,0
1258,2045,0,0,0
1259,2045,369,484,0
1260,2045,355,501,0
1261,2045,356,267,0
1262,2045,5,145,0
1263,2045,474,32,0
1264,2045,0,0,0
1265,2045,120,29,0
1266,2045,26,9,0
1267,2045,1220,0,0
1268,2045,21,2,0
1269,2045,1017,106,0
1270,2045,1326,626,0
1271,2045,570,294,0
1272,2045,210,367,0
1273,2045,0,0,0
1274,2045,804,421,0
1275,2045,128,51,0
1276,2045,13,0,0
1277,2045,255,111,0
1278,2045,1646,858,0
1279,2045,0,0,0
1280,2045,472,974,0
1281,2045,0,116,0
1282,2045,1226,8,0
1283,2045,164,700,0
1284,2045,1116,771,0
1285,2045,597,0,0
1286,2045,568,113,0
1287,2045,620,62,0
1288,2045,1576,464,0
1289,2045,0,742,0
1290,2045,32,174,0
1291,2045,152,0,0
1292,2045,349,41,0
1293,2045,210,68,0
1294,2045,261,267,0
1295,2045,960,112,0
1296,2045,193,114,0
1297,2045,188,0,0
1298,2045,795,336,0
1299,2045,491,0,0
1300,2045,0,0,0
1301,2045,145,61,0
1302,2045,329,157,0
1303,2045,92,0,0
1304,2045,93,472,0
1305,2045,417,1139,0
1306,2045,595,253,0
1307,2045,192,59,0
1308,2045,332,4,0
1309,2045,153,199,0
1310,2045,604,35,0
1311,2045,255,79,0
1312,2045,0,0,0
1313,2045,1072,48,0
1314,2045,1013,6,0
1315,2045,773,18,0
1316,2045,1,0,0
1317,2045,1530,146,0
1318,2045,1776,664,0
1319,2045,0,0,0
1320,2045,501,593,0
1321,2045,72,343,0
1322,2045,97,6,0
1323,2045,265,1277,0
1324,2045,224,650,0
1325,2045,111,8,0
1326,2045,1,888,0
1327,2045,715,98,0
1328,2045,744,205,0
1329,2045,180,564,0
1330,2045,291,224,0
1331,2045,825,333,0
1332,2045,1180,64,0
1333,2045,839,324,0
1334,2045,272,4,0
1335,2045,267,58,0
1336,2045,677,482,0
1337,2045,233,454,0
1338,2045,93,258,0
1339,2045,252,135,0
1340,2045,225,15,0
1341,2045,65,31,0
1342,2045,33,4,0
1343,2045,376,48,0
1344,2045,70,8,0
1345,2045,543,473,0
1346,2045,120,182,0
1347,2045,390,2,0
1348,2045,124,160,0
1349,2045,25,0,0
1350,2045,595,72,0
1351,2045,124,624,0
1352,2045,0,231,0
1353,2045,1070,20,0
1354,2045,310,126,0
1355,2045,240,0,0
1356,2045,379,6,0
1357,2045,59,4,0
1358,2045,229,0,0
1359,2045,86,0,0
1360,2045,400,248,0
1361,2045,9,229,0
1362,2045,515,896,0
1363,2045,35,559,0
1364,2045,602,664,0
1365,2045,414,0,0
1366,2045,363,8,0
1367,2045,497,150,0
1368,2045,4,316,0
1369,2045,205,12,0
1370,2045,325,558,0
1371,2045,1,134,0
1372,2045,655,300,0
1373,2045,1128,0,0
1374,2045,766,0,0
1375,2045,444,16,0
1376,2045,1075,4,0
1377,2045,333,2,0
1378,2045,472,2,0
1379,2045,540,2,0
1380,2045,414,37,0
1381,2045,41,270,0
1382,2045,83,258,0
1383,2045,147,282,0
1384,2045,415,729,0
1385,2045,563,41,0
1386,2045,248,48,0
1387,2045,609,93,0
1388,2045,17,56,0
1389,2045,199,827,0
1390,2045,170,0,0
1391,2045,0,64,140
1392,2045,31,2023,0
1393,2045,452,0,0
1394,2045,282,482,0
1395,2045,367,136,552
1396,2045,34,63,0
1397,2045,0,0,0
1398,2045,6,10,0
1399,2045,0,0,0
1400,2045,12,0,0
1401,2045,301,1042,0
1402,2045,432,659,0
1403,2045,220,0,0
1404,2045,118,36,0
1405,2045,192,72,0
1406,2045,213,8,0
1407,2045,412,85,0
1408,2045,1209,449,0
1409,2045,1135,40,0
1410,2045,379,6,0
1411,2045,849,102,0
1412,2045,678,0,0
1413,2045,621,0,0
1414,2045,1044,0,0
1415,2045,0,0,0
1416,2045,405,50,0
1417,2045,156,0,0
1418,2045,494,0,0
1419,2045,636,4,0
1420,2045,210,2,0
1421,2045,348,0,161
1422,2045,279,72,0
1423,2045,42,43,252
1424,2045,530,41,0
1425,2045,866,91,0
1426,2045,253,99,0
1427,2045,1062,102,0
1428,2045,890,336,0
1429,2045,0,1782,0
1430,2045,752,133,0
1431,2045,124,22,0
1432,2045,1055,282,0
1433,2045,379,0,0
1434,2045,2161,1039,0
1435,2045,351,790,0
1436,2045,12,80,0
1437,2045,1539,396,0
1438,2045,162,0,0
1439,2045,121,166,0
1440,2045,728,634,0
1441,2045,1754,406,0
1442,2045,2,0,0
1443,2045,1457,8,0
1444,2045,44,1374,0
1445,2045,1085,386,0
1446,2045,98,98,0
1447,2045,19,0,0
1448,2045,329,8,0
1449,2045,164,0,0
1450,2045,2,200,0
1451,2045,239,18,0
1452,2045,130,0,0
1453,2045,540,0,0
1454,2045,1913,788,0
1455,2045,367,30,0
1456,2045,109,0,0
1457,2045,819,196,0
1458,2045,1428,364,0
1459,2045,25,0,0
1460,2045,162,0,0
1461,2045,427,0,0
1462,2045,17,2,0
1463,2045,27,0,0
1464,2045,1,0,0
1465,2045,113,0,0
1466,2045,645,30,0
1467,2045,130,0,0
1468,2045,86,12,0
1469,2045,361,384,0
1470,2045,888,9,0
1471,2045,951,21,0
1472,2045,1432,0,0
1473,2045,729,0,0
1474,2045,1196,4,0
1475,2045,676,268,0
1476,2045,69,876,0
1477,2045,298,269,0
1478,2045,0,0,0
1479,2045,0,0,0
1480,2045,55,6,0
1481,2045,844,115,0
1482,2045,18,68,0
1483,2045,215,0,0
1484,2045,1,0,0
1485,2045,32,1327,0
1486,2045,0,0,0
1487,2045,147,422,0
1488,2045,0,2184,0
1489,2045,0,4802,0
1490,2045,1346,427,0
1491,2045,805,2078,0
1492,2045,567,460,0
1493,2045,295,2106,0
1494,2045,198,250,0
1495,2045,226,5131,0
1496,2045,26,1420,0
1497,2045,0,3768,0
1498,2045,0,4987,0
1499,2045,0,0,0
1500,2045,0,1939,0
1501,2045,166,118,0
1502,2045,0,884,0
1503,2045,428,445,0
1504,2045,2498,137,0
1505,2045,828,113,303
1506,2045,281,0,0
1507,2045,41,4,0
1508,2045,252,324,0
1509,2045,88,431,0
1510,2045,377,1,0
1511,2045,190,6,0
1512,2045,365,0,0
1513,2045,1410,23,0
1514,2045,2096,124,0
1515,2045,322,0,0
1516,2045,282,153,0
1517,2045,734,287,0
1518,2045,777,716,0
1519,2045,687,2,0
1520,2045,166,280,0
1521,2045,544,88,0
1522,2045,790,0,0
1523,2045,663,412,0
1524,2045,975,4,0
1525,2045,368,275,0
1526,2045,577,80,0
1527,2045,260,170,0
1528,2045,23,0,0
1529,2045,22,2177,0
1530,2045,2,751,0
1531,2045,134,760,0
1532,2045,620,2733,0
1533,2045,1674,736,0
1534,2045,1160,1264,0
1535,2045,37,1368,0
1536,2045,401,1923,0
1537,2045,0,0,0
1538,2045,201,88,0
1539,2045,366,0,0
1540,2045,52,1192,330
1541,2045,347,1814,0
1542,2045,522,23,0
1543,2045,261,0,162
1544,2045,31,922,0
1545,2045,0,181,0
1546,2045,1418,189,0
1547,2045,230,641,0
1548,2045,818,4,0
1549,2045,1,3486,0
1550,2045,7,1022,0
1551,2045,357,184,0
1552,2045,45,1182,0
1553,2045,731,189,0
1554,2045,557,2077,0
1555,2045,641,0,0
1556,2045,304,0,0
1557,2045,470,0,0
1558,2045,188,967,0
1559,2045,372,699,0
1560,2045,479,0,0
1561,2045,496,218,0
1562,2045,645,8,0
1563,2045,231,1458,0
1564,2045,1,196,0
1565,2045,302,2456,0
1566,2045,430,0,0
1567,2045,143,0,0
1568,2045,0,0,0
1569,2045,0,4254,0
1570,2045,0,2457,0
1571,2045,0,1398,0
1572,2045,68,3297,0
1573,2045,0,1713,0
1574,2045,0,4210,0
1575,2045,0,153,0
1576,2045,196,5709,0
1577,2045,380,1072,0
1578,2045,0,1360,0
1579,2045,524,1640,0
1580,2045,241,1704,0
1581,2045,0,265,0
1582,2045,1120,0,0
1583,2045,1129,60,0
1584,2045,0,1031,0
1585,2045,0,6058,220
1586,2045,274,2950,0
1587,2045,1499,982,0
1588,2045,126,199,0
1589,2045,806,2001,0
1590,2045,369,1842,80
1591,2045,454,0,0
1592,2045,1167,0,0
1593,2045,1040,32,0
1594,2045,1066,132,0
1595,2045,825,234,0
1596,2045,153,1076,0
1597,2045,1155,327,0
1598,2045,571,1,0
1599,2045,1617,3007,0
1600,2045,144,667,0
1601,2045,679,1368,288
1602,2045,782,1679,0
1603,2045,753,207,0
1604,2045,1663,951,0
1605,2045,143,0,0
1606,2045,261,0,0
1607,2045,1808,72,0
1608,2045,226,148,0
1609,2045,0,920,0
1610,2045,117,3764,0
1611,2045,0,1314,0
1612,2045,931,141,0
1613,2045,393,1477,0
1614,2045,3,0,0
1615,2045,0,2123,0
1616,2045,12,1005,0
1617,2045,113,544,0
1618,2045,750,947,0
1619,2045,120,629,0
1620,2045,639,199,0
1621,2045,180,470,0
1622,2045,436,185,0
1623,2045,1327,86,0
1624,2045,446,545,0
1625,2045,376,1754,0
1626,2045,360,390,0
1627,2045,1363,995,0
1628,2045,293,381,0
1629,2045,314,2006,0
1630,2045,0,1385,0
1631,2045,1063,194,0
1632,2045,727,824,0
1633,2045,554,25,0
1634,2045,381,556,0
1635,2045,269,293,0
1636,2045,383,1149,0
1637,2045,1256,6955,0
1638,2045,597,823,0
1639,2045,0,6982,0
1640,2045,0,5344,0
1641,2045,0,5710,0
1642,2045,0,1052,0
1643,2045,382,0,0
1644,2045,1773,3,0
1645,2045,968,2040,0
1646,2045,0,0,0
1647,2045,786,737,0
1648,2045,0,1192,0
1649,2045,297,0,0
1650,2045,4,872,0
1651,2045,265,54,0
1652,2045,529,0,0
1653,2045,633,0,0
1654,2045,532,23,0
1655,2045,371,0,0
1656,2045,515,1,0
1657,2045,626,0,0
1658,2045,837,28,0
1659,2045,480,0,0
1660,2045,479,316,0
1661,2045,566,0,0
1662,2045,1183,0,0
1663,2045,800,312,0
1664,2045,1520,2,0
1665,2045,719,0,0
1666,2045,390,896,0
1667,2045,226,625,0
1668,2045,238,672,0
1669,2045,932,191,0
1670,2045,306,1224,0
1671,2045,31,2774,0
1672,2045,0,1310,0
1673,2045,0,0,0
1674,2045,332,387,0
1675,2045,0,455,0
1676,2045,0,0,0
1677,2045,305,0,0
1678,2045,0,651,0
1679,2045,494,400,0
1680,2045,25,1431,0
1681,2045,0,2325,0
1682,2045,0,885,0
1683,2045,88,1663,0
1684,2045,0,506,0
1685,2045,0,0,0
1686,2045,0,586,0
1687,2045,0,1430,0
1688,2045,411,643,0
1689,2045,468,1180,0
1690,2045,178,332,0
1691,2045,85,0,0
1692,2045,308,312,0
1693,2045,281,0,0
1694,2045,772,0,0
1695,2045,699,1340,0
1696,2045,375,2489,0
1697,2045,59,0,0
1698,2045,281,0,0
1699,2045,52,0,0
1700,2045,53,1760,0
1701,2045,542,0,0
1702,2045,528,1172,0
1703,2045,722,874,0
1704,2045,1132,0,0
1705,2045,977,2832,0
1706,2045,603,1130,0
1707,2045,0,0,0
1708,2045,0,0,0
1709,2045,101,527,0
1710,2045,100,41,0
1711,2045,1901,1121,0
1712,2045,1866,2796,0
1713,2045,901,1375,0
1714,2045,824,941,0
1715,2045,0,730,0
1716,2045,1269,2631,0
1717,2045,399,382,0
1718,2045,0,260,0
1719,2045,614,345,0
1720,2045,0,2404,0
1721,2045,59,1884,0
1722,2045,464,1092,0
1723,2045,646,3310,0
1724,2045,871,3209,0
1725,2045,748,4745,0
1726,2045,2098,1242,0
1727,2045,728,860,0
1728,2045,252,1345,0
1729,2045,727,1165,0
1730,2045,1004,103,0
1731,2045,563,0,0
1732,2045,676,0,0
1733,2045,385,3602,0
1734,2045,1102,1437,0
1735,2045,630,3318,0
1736,2045,0,0,0
1737,2045,1580,0,0
1738,2045,669,353,0
1739,2045,585,0,0
1740,2045,339,1825,0
1741,2045,2866,272,0
1742,2045,700,266,0
1743,2045,1910,428,0
1744,2045,2236,275,0
1745,2045,152,702,0
1746,2045,0,1570,0
1747,2045,91,0,0
1748,2045,994,0,0
1749,2045,1061,448,0
1750,2045,840,0,0
1751,2045,881,139,0
1752,2045,1630,0,0
1753,2045,467,0,0
1754,2045,145,0,0
1755,2045,867,0,0
1756,2045,37,1034,0
1757,2045,0,0,0
1758,2045,0,293,0
1759,2045,0,0,0
1760,2045,446,235,0
1761,2045,0,1418,0
1762,2045,1042,748,0
1763,2045,0,2589,0
1764,2045,692,889,0
1765,2045,252,1198,0
1766,2045,1555,5586,0
1767,2045,123,4959,0
1768,2045,0,0,0
1769,2045,0,0,0
1770,2045,32,660,0
1771,2045,610,312,0
1772,2045,1862,10,0
1773,2045,53,296,0
1774,2045,770,650,0
1775,2045,15,0,0
1776,2045,231,1318,0
1777,2045,365,957,0
1778,2045,1286,8,0
1779,2045,131,373,0
1780,2045,0,0,0
1781,2045,0,1260,0
1782,2045,1233,0,0
1783,2045,212,0,0
1784,2045,1381,0,0
1785,2045,385,0,0
1786,2045,2739,0,0
1787,2045,850,0,0
1788,2045,2124,0,0
1789,2045,0,0,0
1790,2045,2042,665,0
1791,2045,2639,1,0
1792,2045,0,0,0
1793,2045,2656,0,0
1794,2045,2593,0,0
1795,2045,1000,0,0
1796,2045,1219,0,0
1797,2045,2032,0,0
1798,2045,1409,834,0
1799,2045,1484,142,0
1800,2045,4072,638,0
1801,2045,1358,1,0
1802,2045,2040,362,0
1803,2045,1790,0,0
1804,2045,420,0,0
1805,2045,568,0,0
1806,2045,848,0,0
1807,2045,1171,160,0
1808,2045,175,0,0
1809,2045,0,449,0
1810,2045,876,94,0
1811,2045,413,0,0
1812,2045,241,2,0
1813,2045,13,0,0
1814,2045,830,0,0
1815,2045,1212,0,0
1816,2045,502,0,0
1817,2045,246,0,0
1818,2045,1,0,0
1819,2045,21,0,0
1820,2045,620,0,0
1821,2045,1261,2,0
1822,2045,1412,0,0
1823,2045,1510,0,0
1824,2045,784,0,0
1825,2045,24,0,0
1826,2045,1374,0,0
1827,2045,1512,0,0
1828,2045,1262,0,0
1829,2045,202,0,0
1830,2045,947,262,0
1831,2045,1187,0,0
1832,2045,257,326,0
1833,2045,1516,0,0
1834,2045,160,0,0
1835,2045,1337,2,0
1836,2045,1809,0,0
1837,2045,0,661,0
1838,2045,1265,583,0
1839,2045,1306,0,0
1840,2045,3149,0,0
1841,2045,979,0,0
1842,2045,1888,437,0
1843,2045,2195,0,0
1844,2045,2391,4,0
1845,2045,72,0,0
1846,2045,751,294,0
1847,2045,0,349,0
1848,2045,1352,768,0
1849,2045,774,0,0
1850,2045,0,1540,0
1851,2045,682,5125,0
1852,2045,0,1487,0
1853,2045,2,2039,0
1854,2045,1593,255,0
1855,2045,0,779,0
1856,2045,598,1124,0
1857,2045,28,1328,0
1858,2045,0,1846,0
1859,2045,0,1113,0
1860,2045,24,1015,0
1861,2045,13,5288,0
1862,2045,0,2021,0
1863,2045,0,2050,0
1864,2045,1559,2243,0
1865,2045,1048,586,192
1866,2045,890,653,0
1867,2045,1806,0,0
1868,2045,2303,2232,0
1869,2045,1318,253,0
1870,2045,1135,1222,0
1871,2045,0,724,0
1872,2045,2639,1467,0
1873,2045,293,8196,0
1874,2045,6,1145,0
1875,2045,81,2072,0
1876,2045,0,1860,0
1877,2045,4,876,0
1878,2045,1032,331,0
1879,2045,1685,14,0
1880,2045,2512,228,0
1881,2045,998,0,0
1882,2045,0,0,0
1883,2045,349,221,0
1884,2045,1896,335,0
1885,2045,3788,235,0
1886,2045,878,0,0
1887,2045,2332,104,0
1888,2045,883,1417,0
1889,2045,617,0,0
1890,2045,0,1678,0
1891,2045,780,521,0
1892,2045,2,0,0
1893,2045,2600,0,0
1894,2045,2338,0,0
1895,2045,779,0,0
1896,2045,1770,0,0
1897,2045,4402,0,0
1898,2045,1683,0,0
1899,2045,1084,0,0
1900,2045,2350,1352,0
1901,2045,1601,0,0
1902,2045,1604,0,0
1903,2045,1000,0,0
1904,2045,1196,0,0
1905,2045,505,0,0
1906,2045,1886,0,0
1907,2045,920,0,0
1908,2045,754,0,0
1909,2045,1262,0,0
1910,2045,1080,0,0
1911,2045,1916,3,0
1912,2045,2996,1,0
1913,2045,3033,1,0
1914,2045,5828,0,0
1915,2045,1196,3,0
1916,2045,2211,439,0
1917,2045,1,0,0
1918,2045,1423,0,0
1919,2045,1340,0,0
1920,2045,2201,0,0
1921,2045,500,0,0
1922,2045,1780,0,0
1923,2045,954,0,0
1924,2045,600,0,0
1925,2045,7150,1288,0
1926,2045,1967,0,0
1927,2045,597,626,0
1928,2045,1338,0,0
1929,2045,723,382,0
1930,2045,1643,1,0
1931,2045,979,0,0
1932,2045,941,1,0
1933,2045,1311,674,0
1934,2045,444,0,0
1935,2045,13,0,0
1936,2045,566,0,0
1937,2045,309,0,0
1938,2045,12,0,0
1939,2045,506,0,0
1940,2045,84,0,0
1941,2045,51,0,0
1942,2045,1,0,0
1943,2045,1937,0,0
1944,2045,1806,0,0
1945,2045,1,0,0
1946,2045,1,0,0
1947,2045,352,0,0
1948,2045,0,0,0
1949,2045,2,0,0
1950,2045,58,0,0
1951,2045,2930,0,0
1952,2045,59,0,0
1953,2045,210,0,0
1954,2045,300,0,0
1955,2045,91,0,0
1956,2045,533,0,0
1957,2045,445,0,0
1958,2045,16,0,0
1959,2045,184,0,0
1960,2045,0,0,0
1961,2045,340,0,0
1962,2045,457,0,0
1963,2045,1272,0,0
1964,2045,8,0,0
1965,2045,382,0,0
1966,2045,17,0,0
1967,2045,1262,0,0
1968,2045,824,0,0
1969,2045,21,0,0
1970,2045,779,0,0
1971,2045,1274,0,0
1972,2045,256,246,0
1973,2045,457,0,0
1974,2045,875,2,0
1975,2045,7,1009,0
1976,2045,0,2576,0
1977,2045,241,368,0
1978,2045,1,688,0
1979,2045,641,144,0
1980,2045,145,129,0
1981,2045,0,0,0
1982,2045,17,314,0
1983,2045,5,0,0
1984,2045,574,142,0
1985,2045,1094,1427,0
1986,2045,1078,1201,0
1987,2045,1300,0,0
1988,2045,1571,1006,0
1989,2045,188,320,0
1990,2045,1960,1169,0
1991,2045,0,0,0
1992,2045,446,0,0
1993,2045,186,98,0
1994,2045,30,0,0
1995,2045,1059,275,0
1996,2045,94,1299,0
1997,2045,862,0,0
1998,2045,393,80,0
1999,2045,0,527,0
2000,2045,453,81,0
2001,2045,0,1236,0
2002,2045,15,310,0
2003,2045,0,2698,0
2004,2045,485,822,0
2005,2045,504,0,0
2006,2045,281,0,0
2007,2045,1649,413,0
2008,2045,0,523,0
2009,2045,186,2015,0
2010,2045,276,78,0
2011,2045,3,849,0
2012,2045,317,2691,0
2013,2045,0,3993,0
2014,2045,2032,1912,0
2015,2045,158,1224,0
2016,2045,0,1226,0
2017,2045,1,534,0
2018,2045,0,0,0
2019,2045,161,0,0
2020,2045,978,0,0
2021,2045,292,0,0
2022,2045,1250,0,0
2023,2045,1939,1,0
2024,2045,2242,0,0
2025,2045,1317,0,0
2026,2045,469,0,0
2027,2045,376,0,0
2028,2045,832,324,0
2029,2045,1569,0,0
2030,2045,2627,0,0
2031,2045,810,0,0
2032,2045,527,0,0
2033,2045,712,0,0
2034,2045,1179,2,0
2035,2045,1171,813,0
2036,2045,1003,178,0
2037,2045,1,507,0
2038,2045,0,235,0
2039,2045,0,0,0
2040,2045,533,46,0
2041,2045,304,350,0
2042,2045,2371,0,0
2043,2045,507,0,0
2044,2045,502,250,0
2045,2045,473,0,0
2046,2045,804,0,0
2047,2045,0,0,0
2048,2045,0,2468,0
2049,2045,341,374,0
2050,2045,350,837,0
2051,2045,258,497,0
2052,2045,1123,102,0
2053,2045,1497,81,0
2054,2045,1129,1296,0
2055,2045,2030,655,0
2056,2045,0,127,0
2057,2045,1923,1120,0
2058,2045,1072,230,0
2059,2045,316,1172,0
2060,2045,508,930,0
2061,2045,166,0,0
2062,2045,2583,0,0
2063,2045,724,0,0
2064,2045,2007,0,0
2065,2045,19,0,0
2066,2045,8,0,0
2067,2045,33,0,0
2068,2045,138,8,0
2069,2045,190,0,0
2070,2045,442,224,0
2071,2045,351,0,0
2072,2045,1,0,0
2073,2045,2509,0,0
2074,2045,5330,0,0
2075,2045,6,0,0
2076,2045,5,0,0
2077,2045,2220,0,0
2078,2045,30,0,0
2079,2045,272,0,0
2080,2045,1342,0,0
2081,2045,3242,0,0
2082,2045,1312,0,0
2083,2045,1114,2,0
2084,2045,1049,0,0
2085,2045,2373,0,0
2086,2045,1447,0,0
2087,2045,1811,0,0
2088,2045,5,0,0
2089,2045,1627,0,0
2090,2045,2042,0,0
2091,2045,671,0,0
2092,2045,1766,2,0
2093,2045,428,0,0
2094,2045,2391,0,0
2095,2045,275,0,0
2096,2045,367,0,0
2097,2045,528,0,0
2098,2045,393,0,0
2099,2045,766,0,0
2100,2045,1654,2,0
2101,2045,117,0,0
2102,2045,2382,0,0
2103,2045,847,0,0
2104,2045,786,0,0
2105,2045,521,2,0
2106,2045,395,0,0
2107,2045,715,0,0
2108,2045,452,0,0
2109,2045,935,0,0
2110,2045,1309,0,0
2111,2045,169,0,0
2112,2045,741,0,0
2113,2045,846,0,0
2114,2045,2298,376,0
2115,2045,0,308,0
2116,2045,501,0,0
2117,2045,670,30,0
2118,2045,441,530,0
2119,2045,2578,0,0
2120,2045,87,220,0
2121,2045,531,0,0
2122,2045,1118,1606,0
2123,2045,527,547,0
2124,2045,1841,634,0
2125,2045,710,161,0
2126,2045,322,914,0
2127,2045,144,3016,136
2128,2045,854,1650,0
2129,2045,1130,165,0
2130,2045,1501,0,0
2131,2045,150,0,0
2132,2045,1845,0,0
2133,2045,1932,0,0
2134,2045,2110,0,0
2135,2045,2182,366,0
2136,2045,946,1178,0
2137,2045,2360,285,0
2138,2045,402,0,0
2139,2045,10,0,0
2140,2045,310,284,0
2141,2045,83,0,0
2142,2045,200,0,0
2143,2045,118,1098,0
2144,2045,161,657,0
2145,2045,170,1221,0
2146,2045,1,404,0
2147,2045,421,258,0
2148,2045,764,1120,0
2149,2045,19,1261,0
2150,2045,782,746,0
2151,2045,17,1717,0
2152,2045,944,1893,0
2153,2045,1737,1512,0
2154,2045,877,852,0
2155,2045,154,3732,0
2156,2045,1825,865,0
2157,2045,1441,1,0
2158,2045,1,696,0
2159,2045,2570,1195,0
2160,2045,1560,1142,0
2161,2045,920,860,0
2162,2045,846,598,0
2163,2045,1259,641,0
2164,2045,0,1152,0
2165,2045,167,0,0
2166,2045,77,1374,0
2167,2045,831,0,0
2168,2045,1859,0,0
2169,2045,1172,0,0
2170,2045,558,1294,0
2171,2045,832,6,0
2172,2045,53,2683,0
2173,2045,491,606,0
2174,2045,984,1162,0
2175,2045,4,1873,0
2176,2045,0,1259,0
2177,2045,629,0,0
2178,2045,389,1986,0
2179,2045,565,451,0
2180,2045,762,744,0
2181,2045,1613,1345,0
2182,2045,940,78,0
2183,2045,1737,1657,0
2184,2045,2623,1039,0
2185,2045,772,305,0
2186,2045,761,109,0
2187,2045,2582,2125,0
2188,2045,35,485,0
2189,2045,7,144,0
2190,2045,181,59,0
2191,2045,106,487,0
2192,2045,126,0,0
2193,2045,98,153,0
2194,2045,203,8,0
2195,2045,996,0,0
2196,2045,364,4,0
2197,2045,441,1128,0
2198,2045,0,1466,0
2199,2045,10,1358,0
2200,2045,309,819,0
2201,2045,684,876,0
2202,2045,305,3532,0
2203,2045,183,404,0
2204,2045,360,519,0
2205,2045,33,709,0
2206,2045,201,194,0
2207,2045,964,0,0
2208,2045,69,508,0
2209,2045,1062,385,0
2210,2045,1413,1399,0
2211,2045,717,631,0
2212,2045,135,1952,0
2213,2045,1949,343,0
2214,2045,2616,0,0
2215,2045,1574,21,0
2216,2045,750,6,0
2217,2045,697,42,0
2218,2045,168,639,0
2219,2045,1337,0,0
2220,2045,1835,0,0
2221,2045,90,1862,0
2222,2045,1,0,0
2223,2045,1781,1243,0
2224,2045,3814,0,0
2225,2045,2632,138,0
2226,2045,1606,330,0
2227,2045,766,454,0
2228,2045,1169,384,0
2229,2045,560,0,0
2230,2045,2252,0,0
2231,2045,223,0,0
2232,2045,2082,346,0
2233,2045,2034,617,0
2234,2045,742,30,0
2235,2045,22,432,0
2236,2045,3446,0,0
2237,2045,48,247,0
2238,2045,863,3,0
2239,2045,500,485,0
2240,2045,3100,1096,0
2241,2045,668,2,0
2242,2045,1733,396,0
2243,2045,1211,855,0
2244,2045,574,0,0
2245,2045,3349,648,0
2246,2045,636,0,0
2247,2045,2337,77,0
2248,2045,4026,593,0
2249,2045,3141,510,0
2250,2045,2866,399,0
2251,2045,103,469,0
2252,2045,3824,1414,0
2253,2045,2170,308,0
2254,2045,612,268,0
2255,2045,1687,652,0
2256,2045,1844,401,0
2257,2045,1079,12,0
2258,2045,534,0,0
2259,2045,219,757,0
2260,2045,1039,231,0
2261,2045,148,2095,0
2262,2045,848,0,0
2263,2045,466,241,0
2264,2045,744,1624,0
2265,2045,730,0,0
2266,2045,2115,81,0
2267,2045,602,1361,0
2268,2045,0,560,0
2269,2045,201,578,0
2270,2045,891,359,0
2271,2045,594,0,0
2272,2045,1619,510,0
2273,2045,42,289,0
2274,2045,3,701,0
2275,2045,0,0,0
2276,2045,0,0,0
2277,2045,156,304,0
2278,2045,175,0,0
2279,2045,11,0,0
2280,2045,228,4,0
2281,2045,9,0,0
2282,2045,352,0,0
2283,2045,20,128,0
2284,2045,531,443,0
2285,2045,14,358,0
2286,2045,288,2,0
2287,2045,56,2,0
2288,2045,2,0,0
2289,2045,629,54,0
2290,2045,9,0,0
2291,2045,13,0,0
2292,2045,14,2,0
2293,2045,0,0,0
2294,2045,0,0,0
2295,2045,0,0,0
2296,2045,29,0,0
2297,2045,0,0,0
2298,2045,2,0,0
2299,2045,0,0,0
2300,2045,0,0,0
2301,2045,3,0,0
2302,2045,2,0,0
2303,2045,226,165,216
2304,2045,750,7,0
2305,2045,5,0,0
2306,2045,14,1117,0
2307,2045,680,2484,0
2308,2045,1097,140,0
2309,2045,530,10,0
2310,2045,948,376,0
2311,2045,579,0,0
2312,2045,3735,384,0
2313,2045,2566,0,0
2314,2045,1692,553,0
2315,2045,420,475,0
2316,2045,210,0,0
2317,2045,1934,899,0
2318,2045,1894,2,0
2319,2045,0,0,0
2320,2045,835,208,0
2321,2045,1765,0,0
2322,2045,1757,171,0
2323,2045,1108,451,0
2324,2045,369,2001,0
2325,2045,0,0,0
2326,2045,160,2147,0
2327,2045,380,99,0
2328,2045,399,147,0
2329,2045,29,216,0
2330,2045,25,0,0
2331,2045,487,0,0
2332,2045,89,81,0
2333,2045,2,0,0
2334,2045,152,0,0
2335,2045,398,914,0
2336,2045,60,1131,0
2337,2045,969,845,0
2338,2045,447,0,0
2339,2045,59,0,0
2340,2045,13,295,0
2341,2045,1181,390,0
2342,2045,0,0,0
2343,2045,2539,285,246
2344,2045,43,795,0
2345,2045,1040,0,0
2346,2045,1606,89,0
2347,2045,1132,1081,0
2348,2045,3150,204,0
2349,2045,1380,0,0
2350,2045,4456,0,0
2351,2045,1880,0,0
2352,2045,1141,208,0
2353,2045,1403,0,0
2354,2045,1457,1,0
2355,2045,2910,0,0
2356,2045,5,0,0
2357,2045,263,314,0
2358,2045,4,0,0
2359,2045,923,0,0
2360,2045,1434,502,0
2361,2045,909,0,0
2362,2045,1265,0,0
2363,2045,19,0,0
2364,2045,467,0,0
2365,2045,294,6,0
2366,2045,0,1001,0
2367,2045,0,0,0
2368,2045,171,31,0
2369,2045,0,0,0
2370,2045,7,408,0
2371,2045,280,328,1
2372,2045,0,839,0
2373,2045,647,659,0
2374,2045,207,166,0
2375,2045,124,0,0
2376,2045,381,198,0
2377,2045,943,0,0
2378,2045,59,0,0
2379,2045,90,237,0
2380,2045,45,0,0
2381,2045,1301,0,0
2382,2045,1550,519,0
2383,2045,1011,1,0
2384,2045,0,0,0
2385,2045,503,236,0
2386,2045,586,0,0
2387,2045,1304,116,0
2388,2045,1,0,0
2389,2045,0,0,0
2390,2045,1185,0,0
2391,2045,798,256,0
2392,2045,1895,522,0
2393,2045,1109,288,0
2394,2045,2555,0,0
2395,2045,2740,452,0
2396,2045,1105,0,0
2397,2045,2563,308,0
2398,2045,1060,134,0
2399,2045,2417,0,0
2400,2045,3495,1017,0
2401,2045,160,238,0
2402,2045,0,0,0
2403,2045,191,2,0
2404,2045,482,0,0
2405,2045,212,0,0
2406,2045,1771,0,0
2407,2045,767,0,0
2408,2045,2298,1,0
2409,2045,1212,0,0
2410,2045,149,0,0
2411,2045,328,0,0
2412,2045,3290,204,0
2413,2045,1991,418,0
2414,2045,0,0,0
2415,2045,2477,249,0
2416,2045,77,0,0
2417,2045,364,0,0
2418,2045,0,15,0
2419,2045,2596,330,0
2420,2045,1877,1,0
2421,2045,1682,0,0
2422,2045,396,0,0
2423,2045,3267,62,0
2424,2045,1214,0,0
2425,2045,1127,1014,0
2426,2045,1835,0,0
2427,2045,980,0,0
2428,2045,1551,153,0
2429,2045,777,923,0
2430,2045,1778,1,0
2431,2045,905,0,0
2432,2045,197,0,0
2433,2045,498,0,0
2434,2045,127,5,0
2435,2045,196,0,0
2436,2045,895,0,0
2437,2045,913,0,0
2438,2045,2411,46,0
2439,2045,807,0,0
2440,2045,254,4,0
2441,2045,468,0,0
2442,2045,1475,2,0
2443,2045,2838,4,0
2444,2045,5227,0,0
2445,2045,1138,0,0
2446,2045,678,0,0
2447,2045,1167,0,0
2448,2045,81,11,0
2449,2045,127,1,0
2450,2045,1694,0,0
2451,2045,2118,0,0
2452,2045,1551,0,0
2453,2045,768,0,0
2454,2045,3382,4,0
2455,2045,0,0,0
2456,2045,0,0,0
2457,2045,270,0,0
2458,2045,803,91,0
2459,2045,447,0,0
2460,2045,12,1,0
2461,2045,1709,78,0
2462,2045,272,0,0
2463,2045,1371,0,0
2464,2045,292,4,0
2465,2045,678,0,0
2466,2045,2,0,0
2467,2045,467,0,0
2468,2045,28,0,0
2469,2045,752,0,0
2470,2045,926,8,0
2471,2045,93,0,0
2472,2045,52,0,0
2473,2045,9,0,0
2474,2045,586,622,0
2475,2045,776,1244,0
2476,2045,34,0,0
2477,2045,447,16,0
2478,2045,1748,0,0
2479,2045,1087,0,0
2480,2045,1662,60,0
2481,2045,1792,242,0
2482,2045,1274,24,0
2483,2045,793,54,0
2484,2045,0,0,0
2485,2045,184,0,0
2486,2045,265,282,0
2487,2045,0,0,0
2488,2045,0,0,0
2489,2045,0,0,0
2490,2045,0,0,0
2491,2045,610,42,0
2492,2045,128,19,0
2493,2045,30,2,0
2494,2045,17,6,0
2495,2045,409,0,0
2496,2045,2,0,0
2497,2045,102,0,0
2498,2045,1656,91,0
2499,2045,204,0,0
2500,2045,78,10,0
2501,2045,54,0,0
2502,2045,255,9,0
2503,2045,244,104,0
2504,2045,373,0,0
2505,2045,1151,0,0
2506,2045,1799,0,0
2507,2045,230,0,0
2508,2045,839,0,0
2509,2045,2457,0,0
2510,2045,2282,0,0
2511,2045,3169,0,0
2512,2045,54,0,0
2513,2045,453,1,0
2514,2045,1108,19,0
2515,2045,781,3,0
2516,2045,3412,24,0
2517,2045,1566,28,0
2518,2045,710,10,0
2519,2045,508,0,0
2520,2045,418,0,0
2521,2045,1151,19,0
2522,2045,1016,315,0
2523,2045,415,21,0
2524,2045,419,89,80
2525,2045,590,0,32
2526,2045,1011,681,0
2527,2045,1309,0,0
2528,2045,1859,1000,0
2529,2045,1221,0,0
2530,2045,1578,911,0
2531,2045,1077,0,0
2532,2045,1420,0,0
2533,2045,2,0,0
2534,2045,297,1053,0
2535,2045,103,1664,0
2536,2045,1152,712,0
2537,2045,42,518,0
2538,2045,257,118,0
2539,2045,581,0,0
2540,2045,323,0,0
2541,2045,504,265,0
2542,2045,739,0,0
2543,2045,30,0,0
2544,2045,69,0,0
2545,2045,774,776,0
2546,2045,97,396,0
2547,2045,531,3754,0
2548,2045,0,0,0
2549,2045,0,0,0
2550,2045,34,2,0
2551,2045,194,27,0
2552,2045,2,0,0
2553,2045,196,12,0
2554,2045,50,18,0
2555,2045,34,2,0
2556,2045,128,23,0
2557,2045,11,0,0
2558,2045,0,0,0
2559,2045,0,301,0
2560,2045,6,100,0
2561,2045,0,0,0
2562,2045,0,44,0
2563,2045,242,66,0
2564,2045,74,0,0
2565,2045,98,6,0
2566,2045,153,77,0
2567,2045,540,90,0
2568,2045,240,0,0
2569,2045,88,135,0
2570,2045,1328,1685,0
2571,2045,502,2129,0
2572,2045,62,1213,0
2573,2045,327,1072,0
2574,2045,642,769,0
2575,2045,293,1576,0
2576,2045,599,322,0
2577,2045,109,638,0
2578,2045,264,2249,0
2579,2045,170,0,0
2580,2045,1462,1567,0
2581,2045,757,562,0
2582,2045,425,632,0
2583,2045,480,202,0
2584,2045,485,233,0
2585,2045,6,124,0
2586,2045,140,0,0
2587,2045,261,3,0
2588,2045,94,356,0
2589,2045,33,0,0
2590,2045,20,0,0
2591,2045,20,0,0
2592,2045,186,28,0
2593,2045,732,780,0
2594,2045,12,0,0
2595,2045,76,4,0
2596,2045,362,93,0
2597,2045,220,8,0
2598,2045,649,46,0
2599,2045,300,32,0
2600,2045,629,8,0
2601,2045,0,0,0
2602,2045,246,14,0
2603,2045,46,20,0
2604,2045,220,22,0
2605,2045,89,20,0
2606,2045,168,2,0
2607,2045,0,0,0
2608,2045,1532,12,0
2609,2045,1113,130,0
2610,2045,0,0,0
2611,2045,79,148,0
2612,2045,50,0,0
2613,2045,445,32,0
2614,2045,0,298,0
2615,2045,141,0,0
2616,2045,155,0,0
2617,2045,508,0,0
2618,2045,502,0,0
2619,2045,0,0,0
2620,2045,408,76,0
2621,2045,834,0,0
2622,2045,24,369,0
2623,2045,879,0,0
2624,2045,656,25,0
2625,2045,450,94,0
2626,2045,617,280,0
2627,2045,1184,1,0
2628,2045,434,0,0
2629,2045,947,0,0
2630,2045,138,0,0
2631,2045,0,0,0
2632,2045,85,0,0
2633,2045,0,0,0
2634,2045,1104,60,0
2635,2045,1045,0,0
2636,2045,287,0,0
2637,2045,1461,653,0
2638,2045,0,0,0
2639,2045,0,0,0
2640,2045,0,0,0
2641,2045,0,0,0
2642,2045,0,0,0
2643,2045,0,0,0
2644,2045,0,0,0
2645,2045,0,0,0
2646,2045,0,0,0
2647,2045,0,0,0
2648,2045,0,0,0
2649,2045,2,0,0
2650,2045,330,8,0
2651,2045,0,0,0
2652,2045,1287,198,0
2653,2045,392,0,0
2654,2045,417,0,0
2655,2045,420,0,0
2656,2045,194,0,0
2657,2045,257,0,0
2658,2045,17,0,0
2659,2045,0,0,0
2660,2045,36,0,0
2661,2045,284,6,0
2662,2045,140,4,0
2663,2045,288,107,0
2664,2045,13,0,0
2665,2045,85,0,0
2666,2045,262,63,0
2667,2045,841,56,0
2668,2045,74,0,0
2669,2045,627,149,0
2670,2045,1046,309,0
2671,2045,90,248,0
2672,2045,121,2,0
2673,2045,701,331,0
2674,2045,704,184,0
2675,2045,1488,0,0
2676,2045,1646,14,0
2677,2045,0,0,0
2678,2045,0,0,0
2679,2045,0,0,0
2680,2045,0,0,0
2681,2045,0,0,0
2682,2045,0,0,0
2683,2045,1,0,0
2684,2045,0,0,0
2685,2045,0,0,0
2686,2045,0,0,0
2687,2045,0,0,0
2688,2045,138,90,0
2689,2045,798,56,0
2690,2045,63,0,0
2691,2045,1,0,0
2692,2045,0,0,0
2693,2045,0,0,0
2694,2045,160,0,0
2695,2045,492,10,0
2696,2045,42,697,0
2697,2045,1793,1229,0
2698,2045,829,623,0
2699,2045,3,46,0
2700,2045,990,122,0
2701,2045,895,832,0
2702,2045,178,0,0
2703,2045,107,6,0
2704,2045,962,0,0
2705,2045,7,398,0
2706,2045,1,0,0
2707,2045,962,7,0
2708,2045,536,502,0
2709,2045,26,698,0
2710,2045,857,0,0
2711,2045,0,0,0
2712,2045,425,200,0
2713,2045,260,742,0
2714,2045,1488,0,0
2715,2045,36,207,0
2716,2045,1039,0,0
2717,2045,6,2,0
2718,2045,502,259,0
2719,2045,563,0,0
2720,2045,670,0,0
2721,2045,1390,0,0
2722,2045,2500,1,0
2723,2045,538,0,0
2724,2045,1057,0,0
2725,2045,2307,342,0
2726,2045,350,292,0
2727,2045,1515,354,0
2728,2045,1866,553,0
2729,2045,2185,0,0
2730,2045,67,0,0
2731,2045,781,328,0
2732,2045,294,0,0
2733,2045,99,763,0
2734,2045,706,536,0
2735,2045,0,824,0
2736,2045,0,372,0
2737,2045,366,0,0
2738,2045,743,299,0
2739,2045,689,0,0
2740,2045,1658,1,0
2741,2045,1112,0,0
2742,2045,1993,76,0
2743,2045,1483,0,0
2744,2045,901,0,0
2745,2045,2551,219,0
2746,2045,1538,225,128
2747,2045,600,108,0
2748,2045,0,0,0
2749,2045,0,0,0
2750,2045,240,322,0
2751,2045,994,0,0
2752,2045,1026,806,0
2753,2045,112,1137,0
2754,2045,525,1468,0
2755,2045,0,240,0
2756,2045,93,820,0
2757,2045,0,862,0
2758,2045,0,0,0
2759,2045,0,0,0
2760,2045,733,1035,0
2761,2045,10,1301,0
2762,2045,0,0,0
2763,2045,2,0,0
2764,2045,0,0,0
2765,2045,247,335,0
2766,2045,1,0,0
2767,2045,856,1714,0
2768,2045,0,347,0
2769,2045,0,360,0
2770,2045,931,1853,0
2771,2045,922,202,0
2772,2045,1222,347,0
2773,2045,283,0,0
2774,2045,0,0,0
2775,2045,109,443,0
2776,2045,0,0,0
2777,2045,335,420,0
2778,2045,158,1197,0
2779,2045,1246,1133,0
2780,2045,884,141,0
2781,2045,220,212,0
2782,2045,2039,360,0
2783,2045,755,320,408
2784,2045,2,0,0
2785,2045,631,0,0
2786,2045,37,0,0
2787,2045,326,0,0
2788,2045,31,0,0
2789,2045,88,0,0
2790,2045,274,0,0
2791,2045,98,0,0
2792,2045,29,245,0
2793,2045,41,0,0
2794,2045,51,0,0
2795,2045,143,0,0
2796,2045,193,0,0
2797,2045,297,0,0
2798,2045,350,0,0
2799,2045,23,0,0
2800,2045,38,0,0
2801,2045,144,0,0
2802,2045,389,0,0
2803,2045,27,0,0
2804,2045,259,0,0
2805,2045,281,0,0
2806,2045,331,2,0
2807,2045,5,0,0
2808,2045,2,0,0
2809,2045,11,0,0
2810,2045,9,0,0
2811,2045,194,0,0
2812,2045,219,158,0
2813,2045,372,0,0
2814,2045,158,0,0
2815,2045,236,0,0
2816,2045,523,609,0
2817,2045,507,0,0
2818,2045,894,0,0
2819,2045,153,0,0
2820,2045,977,0,0
2821,2045,698,0,0
2822,2045,1367,0,0
2823,2045,1927,828,0
2824,2045,1261,0,0
2825,2045,727,0,0
2826,2045,308,0,0
2827,2045,1823,2422,0
2828,2045,875,0,0
2829,2045,2727,362,0
2830,2045,437,1136,0
2831,2045,2460,0,0
2832,2045,1216,0,0
2833,2045,1,234,0
2834,2045,1991,300,0
2835,2045,488,1066,0
2836,2045,1,382,0
2837,2045,1,1028,0
2838,2045,0,0,0
2839,2045,1510,0,0
2840,2045,0,0,0
2841,2045,845,0,0
2842,2045,114,0,0
2843,2045,491,0,0
2844,2045,81,96,0
2845,2045,0,0,0
2846,2045,350,0,0
2847,2045,602,0,0
2848,2045,204,0,0
2849,2045,157,25,0
2850,2045,89,0,0
2851,2045,2,0,0
2852,2045,166,0,0
2853,2045,676,0,0
2854,2045,1092,0,0
2855,2045,660,0,0
2856,2045,113,0,0
2857,2045,299,265,0
2858,2045,203,0,0
2859,2045,357,0,0
2860,2045,244,0,0
2861,2045,416,0,0
2862,2045,500,0,0
2863,2045,517,0,0
2864,2045,758,0,0
2865,2045,439,0,0
2866,2045,775,2,0
2867,2045,984,82,0
2868,2045,1918,750,0
2869,2045,1098,884,0
2870,2045,6147,2821,0
2871,2045,368,0,0
2872,2045,110,501,0
2873,2045,220,933,0
2874,2045,1159,0,0
2875,2045,640,0,0
2876,2045,1561,0,0
2877,2045,111,0,0
2878,2045,177,1066,0
2879,2045,87,0,0
2880,2045,462,0,0
2881,2045,1365,0,0
2882,2045,32,958,0
2883,2045,1416,404,0
2884,2045,242,0,0
2885,2045,26,305,0
2886,2045,10,0,0
2887,2045,242,0,0
2888,2045,140,0,0
2889,2045,155,0,0
2890,2045,249,531,0
2891,2045,227,127,0
2892,2045,245,0,0
2893,2045,1015,0,0
2894,2045,792,0,0
2895,2045,75,0,0
2896,2045,454,2,0
2897,2045,642,0,0
2898,2045,638,298,0
2899,2045,678,0,0
2900,2045,6115,0,0
2901,2045,2039,0,0
2902,2045,2289,0,0
2903,2045,173,0,0
2904,2045,415,0,0
2905,2045,184,1,0
2906,2045,2987,0,0
2907,2045,1255,0,0
2908,2045,455,0,0
2909,2045,41,0,0
2910,2045,567,0,0
2911,2045,7,0,0
2912,2045,451,0,0
2913,2045,0,0,0
2914,2045,1221,2110,0
2915,2045,6986,1704,0
2916,2045,348,0,0
2917,2045,978,6,0
2918,2045,2274,0,0
2919,2045,614,0,0
2920,2045,19,0,0
2921,2045,709,0,0
2922,2045,284,0,0
2923,2045,22,0,0
2924,2045,24,0,0
2925,2045,121,0,0
2926,2045,7,0,0
2927,2045,177,0,0
2928,2045,432,0,0
2929,2045,396,0,0
2930,2045,73,0,0
2931,2045,1,0,0
2932,2045,132,0,0
2933,2045,100,579,0
2934,2045,167,0,0
2935,2045,59,0,0
2936,2045,17,0,0
2937,2045,82,0,0
2938,2045,167,0,0
2939,2045,12,0,0
2940,2045,19,0,0
2941,2045,4304,964,0
2942,2045,1072,583,0
2943,2045,818,589,0
2944,2045,515,1300,0
2945,2045,3888,0,0
2946,2045,1428,0,0
2947,2045,776,0,0
2948,2045,859,0,0
2949,2045,4129,0,0
2950,2045,5036,1038,0
2951,2045,143,0,0
2952,2045,1064,0,0
2953,2045,316,0,0
2954,2045,23,0,0
2955,2045,187,0,0
2956,2045,910,0,0
2957,2045,932,142,0
2958,2045,598,0,0
2959,2045,467,0,0
2960,2045,139,0,0
2961,2045,123,0,0
2962,2045,216,0,0
2963,2045,9,0,0
2964,2045,53,0,0
2965,2045,29,0,0
2966,2045,127,0,0
2967,2045,154,2,0
2968,2045,260,4,0
2969,2045,164,70,0
2970,2045,60,0,0
2971,2045,243,0,0
2972,2045,335,0,0
2973,2045,157,4,0
2974,2045,165,12,0
2975,2045,48,0,0
2976,2045,175,0,0
2977,2045,160,7,0
2978,2045,135,0,0
2979,2045,24,0,0
2980,2045,325,115,0
2981,2045,71,0,0
2982,2045,270,0,0
2983,2045,273,0,0
2984,2045,171,55,0
2985,2045,223,119,0
2986,2045,26,2,0
2987,2045,158,538,0
2988,2045,448,39,0
2989,2045,86,0,0
2990,2045,42,0,0
2991,2045,99,0,0
2992,2045,177,45,0
2993,2045,49,279,0
2994,2045,343,0,0
2995,2045,1159,0,0
2996,2045,3372,0,0
2997,2045,147,433,0
2998,2045,41,0,0
2999,2045,15,0,0
3000,2045,1333,117,0
3001,2045,692,0,0
3002,2045,724,449,0
3003,2045,366,0,0
3004,2045,154,0,0
3005,2045,311,0,0
3006,2045,18,0,0
3007,2045,278,0,0
3008,2045,179,0,0
3009,2045,58,0,0
3010,2045,454,0,0
3011,2045,386,0,0
3012,2045,38,0,0
3013,2045,0,0,0
3014,2045,315,0,0
3015,2045,91,0,0
3016,2045,46,0,0
3017,2045,6,0,0
3018,2045,2339,0,0
3019,2045,0,0,0
3020,2045,5000,0,0
3021,2045,2244,0,0
3022,2045,814,0,0
3023,2045,5093,0,0
3024,2045,1196,0,0
3025,2045,3470,0,0
3026,2045,3281,0,0
3027,2045,1491,0,0
3028,2045,1737,0,0
3029,2045,2486,0,0
3030,2045,654,0,0
3031,2045,1577,0,0
3032,2045,2215,0,0
3033,2045,1737,218,0
3034,2045,2291,88,0
3035,2045,1861,995,0
3036,2045,1085,334,0
3037,2045,1455,0,0
3038,2045,1441,394,0
3039,2045,85,2170,0
3040,2045,894,419,0
3041,2045,554,2561,0
3042,2045,1524,0,0
3043,2045,3406,0,0
3044,2045,221,0,0
3045,2045,282,0,0
3046,2045,5436,0,0
3047,2045,375,0,0
3048,2045,0,0,0
3049,2045,603,0,0
3050,2045,1492,0,0
3051,2045,889,0,0
3052,2045,592,0,0
3053,2045,1598,0,0
3054,2045,1853,0,0
3055,2045,1057,0,0
3056,2045,1502,0,0
3057,2045,3356,0,0
3058,2045,5509,0,0
3059,2045,1311,0,0
3060,2045,904,0,0
3061,2045,1631,0,0
3062,2045,3275,0,0
3063,2045,3797,195,0
3064,2045,463,100,0
3065,2045,3548,2244,0
3066,2045,782,4119,0
3067,2045,152,1466,0
3068,2045,286,0,0
3069,2045,124,0,0
3070,2045,43,0,0
3071,2045,378,0,0
3072,2045,162,0,0
3073,2045,26,0,0
3074,2045,30,0,0
3075,2045,13,0,0
3076,2045,60,120,0
3077,2045,493,0,0
3078,2045,2,265,0
3079,2045,222,0,0
3080,2045,156,320,0
3081,2045,202,159,0
3082,2045,9,125,0
3083,2045,445,0,0
3084,2045,53,0,0
3085,2045,296,0,0
3086,2045,7,0,0
3087,2045,144,12,0
3088,2045,151,16,0
3089,2045,82,0,0
3090,2045,266,0,0
3091,2045,172,2,0
3092,2045,677,0,0
3093,2045,72,0,0
3094,2045,110,0,0
3095,2045,227,137,0
3096,2045,290,80,0
3097,2045,39,0,0
3098,2045,715,0,0
3099,2045,72,0,0
3100,2045,31,0,0
3101,2045,60,0,0
3102,2045,6,0,0
3103,2045,13,0,0
3104,2045,99,0,0
3105,2045,386,0,0
3106,2045,27,0,0
3107,2045,6,0,0
3108,2045,129,0,0
3109,2045,20,0,0
3110,2045,5,0,0
3111,2045,54,0,0
3112,2045,47,0,0
3113,2045,200,0,0
3114,2045,57,17,0
3115,2045,4,0,0
3116,2045,4,0,0
3117,2045,1,0,0
3118,2045,4,192,0
3119,2045,231,0,0
3120,2045,169,41,0
3121,2045,158,0,0
3122,2045,18,0,0
3123,2045,56,0,0
3124,2045,162,0,0
3125,2045,4,0,0
3126,2045,219,108,0
3127,2045,120,0,0
3128,2045,363,13,0
3129,2045,98,0,0
3130,2045,184,0,0
3131,2045,261,0,0
3132,2045,270,0,0
3133,2045,520,0,0
3134,2045,299,0,0
3135,2045,23,0,0
3136,2045,4,0,0
3137,2045,130,0,0
3138,2045,1859,0,0
3139,2045,522,0,0
3140,2045,376,307,0
3141,2045,1311,0,0
3142,2045,1450,0,0
3143,2045,977,0,0
3144,2045,831,0,0
3145,2045,1,0,0
3146,2045,24,0,0
3147,2045,636,0,0
3148,2045,325,1,0
3149,2045,10,0,0
3150,2045,265,0,0
3151,2045,1332,0,0
3152,2045,41,0,0
3153,2045,26,0,0
3154,2045,2919,0,0
3155,2045,10,0,0
3156,2045,436,0,0
3157,2045,351,0,0
3158,2045,3,0,0
3159,2045,53,0,0
3160,2045,61,92,0
3161,2045,93,0,0
3162,2045,1,0,0
3163,2045,69,0,0
3164,2045,15,0,0
3165,2045,751,0,0
3166,2045,91,0,0
3167,2045,257,0,0
3168,2045,2,0,0
3169,2045,2048,0,0
3170,2045,120,0,0
3171,2045,63,0,0
3172,2045,17,0,0
3173,2045,42,0,0
3174,2045,3,160,0
3175,2045,232,0,0
3176,2045,1,0,0
3177,2045,5,0,0
3178,2045,1159,0,0
3179,2045,399,0,0
3180,2045,289,0,0
3181,2045,0,0,0
3182,2045,4,0,0
3183,2045,0,0,0
3184,2045,11,0,0
3185,2045,51,0,0
3186,2045,201,0,0
3187,2045,48,0,0
3188,2045,2,0,0
3189,2045,547,10,0
3190,2045,1,0,0
3191,2045,6,0,0
3192,2045,406,0,0
3193,2045,231,545,0
3194,2045,2147,36,0
3195,2045,370,344,0
3196,2045,443,336,3
3197,2045,842,0,0
3198,2045,693,189,0
3199,2045,0,0,0
3200,2045,207,488,0
3201,2045,1224,1055,0
3202,2045,0,0,0
3203,2045,1249,150,0
3204,2045,346,0,0
3205,2045,336,24,0
3206,2045,390,0,0
3207,2045,5,0,0
3208,2045,274,0,0
3209,2045,46,703,0
3210,2045,1359,2,0
3211,2045,526,0,0
3212,2045,622,576,0
3213,2045,934,476,0
3214,2045,135,252,0
3215,2045,162,2,0
3216,2045,529,0,0
3217,2045,85,0,0
3218,2045,1680,824,0
3219,2045,1972,0,0
3220,2045,889,0,0
3221,2045,485,0,0
3222,2045,398,0,0
3223,2045,544,678,0
3224,2045,416,3,0
3225,2045,87,0,0
3226,2045,83,0,0
3227,2045,252,2,0
3228,2045,61,0,0
3229,2045,13,0,0
3230,2045,0,0,0
3231,2045,1045,69,0
3232,2045,349,75,0
3233,2045,431,6,0
3234,2045,235,2,0
3235,2045,861,0,0
3236,2045,943,0,0
3237,2045,647,3,0
3238,2045,0,0,0
3239,2045,1212,0,0
3240,2045,299,0,0
3241,2045,516,0,0
3242,2045,586,0,0
3243,2045,3,0,0
3244,2045,97,0,0
3245,2045,113,0,0
3246,2045,37,0,0
3247,2045,12,0,0
3248,2045,83,0,0
3249,2045,118,0,0
3250,2045,497,0,0
3251,2045,629,0,0
3252,2045,143,0,0
3253,2045,324,0,0
3254,2045,512,43,0
3255,2045,139,220,0
3256,2045,223,26,0
3257,2045,1525,0,0
3258,2045,25,0,0
3259,2045,225,13,0
3260,2045,80,0,0
3261,2045,3,68,0
3262,2045,13,0,0
3263,2045,59,0,0
3264,2045,52,0,0
3265,2045,38,0,0
3266,2045,222,0,0
3267,2045,220,0,0
3268,2045,223,0,0
3269,2045,14,0,0
3270,2045,130,0,0
3271,2045,432,0,0
3272,2045,131,0,0
3273,2045,320,1,0
3274,2045,206,0,0
3275,2045,254,30,0
3276,2045,269,0,0
3277,2045,23,0,0
3278,2045,292,121,0
3279,2045,235,0,0
3280,2045,192,83,0
3281,2045,320,0,0
3282,2045,876,0,0
3283,2045,134,362,0
3284,2045,703,0,0
3285,2045,136,0,0
3286,2045,415,0,0
3287,2045,1135,96,1
3288,2045,335,0,0
3289,2045,339,0,0
3290,2045,694,0,0
3291,2045,234,0,0
3292,2045,19,0,0
3293,2045,54,0,0
3294,2045,224,0,0
3295,2045,202,84,0
3296,2045,662,112,0
3297,2045,232,0,0
3298,2045,384,0,0
3299,2045,762,160,0
3300,2045,2,0,0
3301,2045,57,0,0
3302,2045,304,0,0
3303,2045,991,0,0
3304,2045,157,0,0
3305,2045,852,0,0
3306,2045,1248,0,0
3307,2045,1,659,0
3308,2045,1,0,0
3309,2045,0,1320,0
3310,2045,2,0,0
3311,2045,0,0,0
3312,2045,0,0,0
3313,2045,0,0,0
3314,2045,202,1439,0
3315,2045,21,0,0
3316,2045,2,2,0
3317,2045,15,0,0
3318,2045,12,0,0
3319,2045,19,0,0
3320,2045,6,0,0
3321,2045,446,1,0
3322,2045,19,0,0
3323,2045,622,0,0
3324,2045,649,0,0
3325,2045,438,0,0
3326,2045,358,0,0
3327,2045,131,0,0
3328,2045,297,0,0
3329,2045,805,0,0
3330,2045,141,0,0
3331,2045,156,0,0
3332,2045,217,0,0
3333,2045,298,240,0
3334,2045,6,772,0
3335,2045,10,132,0
3336,2045,1591,148,0
3337,2045,316,0,0
3338,2045,2393,0,0
3339,2045,673,0,0
3340,2045,1406,0,0
3341,2045,529,0,0
3342,2045,2151,0,0
3343,2045,978,0,0
3344,2045,2164,0,0
3345,2045,144,0,0
3346,2045,1166,0,0
3347,2045,857,0,0
3348,2045,2465,0,0
3349,2045,4363,0,0
3350,2045,948,0,0
3351,2045,765,0,0
3352,2045,294,484,0
3353,2045,392,0,0
3354,2045,142,0,0
3355,2045,1124,24,0
3356,2045,3,0,0
3357,2045,1002,0,0
3358,2045,409,100,0
3359,2045,858,0,0
3360,2045,210,0,0
3361,2045,2,0,0
3362,2045,213,0,0
3363,2045,1191,303,0
3364,2045,661,0,0
3365,2045,48,0,0
3366,2045,1555,102,0
3367,2045,308,0,0
3368,2045,888,266,0
3369,2045,188,0,0
3370,2045,500,0,0
3371,2045,367,0,0
3372,2045,485,82,0
3373,2045,1362,0,0
3374,2045,129,268,0
3375,2045,467,0,0
3376,2045,295,0,0
3377,2045,449,0,0
3378,2045,292,0,0
3379,2045,415,233,0
3380,2045,7,0,0
3381,2045,428,4,0
3382,2045,1007,3,0
3383,2045,237,0,0
3384,2045,305,38,0
3385,2045,665,0,0
3386,2045,775,261,0
3387,2045,978,0,0
3388,2045,187,3,0
3389,2045,844,0,0
3390,2045,585,0,0
3391,2045,659,0,0
3392,2045,1734,0,0
3393,2045,1070,281,0
3394,2045,444,0,0
3395,2045,466,0,0
3396,2045,1,0,0
3397,2045,1350,0,0
3398,2045,764,0,0
3399,2045,2164,0,0
3400,2045,1534,0,0
3401,2045,353,0,0
3402,2045,628,0,0
3403,2045,382,0,0
3404,2045,340,0,0
3405,2045,2662,0,0
3406,2045,357,0,0
3407,2045,2155,0,0
3408,2045,0,0,0
3409,2045,607,0,0
3410,2045,1888,0,0
3411,2045,1579,0,0
3412,2045,1038,0,0
3413,2045,834,0,0
3414,2045,312,0,0
3415,2045,398,0,0
3416,2045,500,0,0
3417,2045,803,0,0
3418,2045,257,0,0
3419,2045,1260,2,0
3420,2045,660,0,0
3421,2045,1296,1,0
3422,2045,333,0,0
3423,2045,236,0,0
3424,2045,669,0,0
3425,2045,292,0,0
3426,2045,597,0,0
3427,2045,560,0,0
3428,2045,617,0,0
3429,2045,1131,216,0
3430,2045,0,0,0
3431,2045,19,0,0
3432,2045,634,82,0
3433,2045,377,0,0
3434,2045,588,0,0
3435,2045,0,0,0
3436,2045,2,0,0
3437,2045,40,0,0
3438,2045,247,324,0
3439,2045,1117,0,0
3440,2045,206,317,0
3441,2045,782,0,0
3442,2045,476,0,0
3443,2045,1,0,0
3444,2045,959,0,0
3445,2045,1695,0,0
3446,2045,1203,0,0
3447,2045,184,252,0
3448,2045,0,0,0
3449,2045,1829,252,0
3450,2045,989,6,0
3451,2045,190,499,0
3452,2045,1064,684,0
3453,2045,158,1050,0
3454,2045,198,34,0
3455,2045,274,0,0
3456,2045,884,61,0
3457,2045,0,0,0
3458,2045,625,0,0
3459,2045,781,0,0
3460,2045,239,0,0
3461,2045,79,0,0
3462,2045,0,236,0
3463,2045,41,439,0
3464,2045,725,160,0
3465,2045,0,441,0
3466,2045,4,0,0
3467,2045,202,0,0
3468,2045,0,0,0
3469,2045,412,0,0
3470,2045,697,0,0
3471,2045,1011,0,0
3472,2045,32,472,0
3473,2045,621,22,0
3474,2045,427,0,0
3475,2045,264,0,0
3476,2045,492,0,0
3477,2045,0,294,0
3478,2045,592,0,0
3479,2045,380,0,0
3480,2045,0,0,0
3481,2045,594,0,0
3482,2045,108,1355,0
3483,2045,116,0,0
3484,2045,275,0,0
3485,2045,1408,0,0
3486,2045,747,0,0
3487,2045,0,0,0
3488,2045,261,0,0
3489,2045,1070,0,0
3490,2045,739,0,0
3491,2045,428,0,0
3492,2045,824,0,0
3493,2045,259,0,0
3494,2045,25,72,0
3495,2045,0,0,0
3496,2045,272,0,0
3497,2045,0,0,0
3498,2045,232,0,0
3499,2045,654,0,0
3500,2045,226,106,0
3501,2045,322,0,0
3502,2045,96,0,0
3503,2045,241,0,0
3504,2045,211,0,0
3505,2045,1882,0,0
3506,2045,175,0,0
3507,2045,262,0,0
3508,2045,329,0,0
3509,2045,0,0,0
3510,2045,355,0,0
3511,2045,315,0,0
3512,2045,921,0,0
3513,2045,554,0,0
3514,2045,263,0,0
3515,2045,467,0,0
3516,2045,85,851,0
3517,2045,474,0,0
3518,2045,530,0,0
3519,2045,306,0,0
3520,2045,434,0,0
3521,2045,701,0,0
3522,2045,1482,0,0
3523,2045,3660,583,0
3524,2045,3716,0,0
3525,2045,1449,0,0
3526,2045,48,312,0
3527,2045,15,0,0
3528,2045,981,160,0
3529,2045,182,0,0
3530,2045,1314,0,0
3531,2045,547,0,0
3532,2045,312,573,0
3533,2045,2,0,0
3534,2045,0,0,0
3535,2045,0,0,0
3536,2045,2,0,0
3537,2045,2,0,0
3538,2045,1,924,0
3539,2045,669,294,0
3540,2045,0,1609,0
3541,2045,1,1175,0
3542,2045,3818,0,0
3543,2045,1706,0,0
3544,2045,655,0,0
3545,2045,1560,0,0
3546,2045,1571,0,0
3547,2045,1045,0,0
3548,2045,57,0,0
3549,2045,858,0,0
3550,2045,628,0,0
3551,2045,1095,0,0
3552,2045,1910,0,0
3553,2045,363,0,0
3554,2045,1539,432,0
3555,2045,861,0,0
3556,2045,0,0,0
3557,2045,392,239,0
3558,2045,2584,0,0
3559,2045,242,347,0
3560,2045,541,287,0
3561,2045,509,0,0
3562,2045,769,0,0
3563,2045,223,0,0
3564,2045,1300,37,0
3565,2045,2156,0,0
3566,2045,1763,0,0
3567,2045,972,78,0
3568,2045,422,0,0
3569,2045,968,2,0
3570,2045,432,0,0
3571,2045,257,533,0
3572,2045,16,0,0
3573,2045,2175,0,0
3574,2045,553,0,0
3575,2045,1832,0,0
3576,2045,1334,120,0
3577,2045,196,240,0
3578,2045,635,2,0
3579,2045,478,0,0
3580,2045,457,132,0
3581,2045,604,0,0
3582,2045,2444,0,0
3583,2045,2096,0,0
3584,2045,1890,0,0
3585,2045,1779,0,0
3586,2045,2606,0,0
3587,2045,6944,143,0
3588,2045,866,0,0
3589,2045,1938,242,0
3590,2045,622,342,0
3591,2045,650,0,0
3592,2045,1373,336,0
3593,2045,337,0,0
3594,2045,2759,997,0
3595,2045,308,0,0
3596,2045,710,0,0
3597,2045,1137,0,0
3598,2045,1658,0,0
3599,2045,1871,640,0
3600,2045,82,0,0
3601,2045,1668,0,0
3602,2045,632,0,0
3603,2045,1658,442,0
3604,2045,953,0,0
3605,2045,117,0,0
3606,2045,766,0,0
3607,2045,1063,0,0
3608,2045,3000,0,0
3609,2045,2,0,0
3610,2045,172,1,0
3611,2045,935,0,0
3612,2045,720,0,0
3613,2045,147,205,0
3614,2045,94,0,0
3615,2045,3114,0,0
3616,2045,638,0,0
3617,2045,1440,0,0
3618,2045,951,0,0
3619,2045,546,0,0
3620,2045,2140,0,0
3621,2045,1511,160,0
3622,2045,745,422,0
3623,2045,243,0,0
3624,2045,382,584,0
3625,2045,855,300,0
3626,2045,799,0,0
3627,2045,482,0,0
3628,2045,844,291,0
3629,2045,1024,0,0
3630,2045,1728,223,0
3631,2045,771,0,0
3632,2045,313,0,0
3633,2045,713,0,0
3634,2045,1410,336,0
3635,2045,657,0,0
3636,2045,1230,650,0
3637,2045,0,0,0
3638,2045,1128,0,0
3639,2045,339,0,0
3640,2045,359,0,0
3641,2045,254,0,0
3642,2045,404,0,0
3643,2045,888,386,0
3644,2045,440,0,0
3645,2045,1,489,0
3646,2045,647,545,0
3647,2045,0,0,0
3648,2045,1712,299,0
3649,2045,302,260,0
3650,2045,722,206,0
3651,2045,326,0,0
3652,2045,786,0,0
3653,2045,520,228,0
3654,2045,384,0,0
3655,2045,458,318,0
3656,2045,444,0,0
3657,2045,640,0,0
3658,2045,548,0,0
3659,2045,720,0,0
3660,2045,95,0,0
3661,2045,1949,0,0
3662,2045,2145,0,0
3663,2045,37,0,0
3664,2045,1364,0,0
3665,2045,692,0,0
3666,2045,182,0,0
3667,2045,2087,0,0
3668,2045,2840,0,0
3669,2045,3329,0,0
3670,2045,3857,325,0
3671,2045,1841,0,0
3672,2045,5451,380,0
3673,2045,1382,0,0
3674,2045,830,0,0
3675,2045,1060,0,0
3676,2045,1664,0,0
3677,2045,621,0,0
3678,2045,2356,0,0
3679,2045,250,0,0
3680,2045,1977,0,0
3681,2045,830,0,0
3682,2045,722,0,0
3683,2045,907,0,0
3684,2045,2123,0,0
3685,2045,1154,0,0
3686,2045,901,0,0
3687,2045,1178,0,0
3688,2045,92,0,0
3689,2045,3520,0,0
3690,2045,703,0,0
3691,2045,713,0,0
3692,2045,567,0,0
3693,2045,1310,0,0
3694,2045,24,0,0
3695,2045,1820,0,0
3696,2045,49,0,0
3697,2045,6073,0,0
3698,2045,6744,0,0
3699,2045,61,5,0
3700,2045,450,97,0
3701,2045,158,2,0
3702,2045,515,0,0
3703,2045,1817,191,0
3704,2045,2904,298,0
3705,2045,1866,0,0
3706,2045,654,252,0
3707,2045,207,0,0
3708,2045,636,0,0
3709,2045,679,0,0
3710,2045,678,229,0
3711,2045,1046,2,0
3712,2045,986,0,0
3713,2045,2486,0,0
3714,2045,3092,0,0
3715,2045,306,116,0
3716,2045,1200,0,0
3717,2045,893,73,0
3718,2045,1003,73,0
3719,2045,11,0,0
3720,2045,69,0,0
3721,2045,289,0,0
3722,2045,1740,3,0
3723,2045,2193,202,0
3724,2045,49,482,0
3725,2045,433,509,0
3726,2045,205,31,0
3727,2045,17,193,0
3728,2045,142,96,0
3729,2045,29,0,0
3730,2045,31,40,0
3731,2045,4952,0,0
3732,2045,4150,0,0
3733,2045,230,0,0
3734,2045,1566,0,0
3735,2045,5144,0,0
3736,2045,5392,0,0
3737,2045,3079,0,0
3738,2045,6157,0,0
3739,2045,261,0,0
3740,2045,0,0,0
3741,2045,3151,0,0
3742,2045,593,0,0
3743,2045,8579,0,0
3744,2045,243,12,0
3745,2045,929,214,0
3746,2045,49,5,0
3747,2045,478,22,0
3748,2045,27,38,0
3749,2045,906,0,0
3750,2045,527,184,0
3751,2045,0,0,0
3752,2045,188,0,0
3753,2045,1970,0,0
3754,2045,4537,1,0
3755,2045,1334,226,0
3756,2045,404,0,0
3757,2045,736,445,0
3758,2045,0,324,0
3759,2045,6752,0,0
3760,2045,6231,0,0
3761,2045,2219,5,0
3762,2045,1548,0,0
3763,2045,846,0,0
3764,2045,1779,0,0
3765,2045,3001,0,0
3766,2045,20352,0,0
3767,2045,543,65,0
3768,2045,350,38,0
3769,2045,7,0,0
3770,2045,77,112,0
3771,2045,233,147,0
3772,2045,117,22,0
3773,2045,86,0,0
3774,2045,547,0,0
3775,2045,352,0,0
3776,2045,270,261,0
3777,2045,905,0,0
3778,2045,208,251,0
3779,2045,404,0,0
3780,2045,294,0,0
3781,2045,0,510,0
3782,2045,642,213,0
3783,2045,883,29,0
3784,2045,0,0,0
3785,2045,20,0,0
3786,2045,669,2,0
3787,2045,550,8,0
3788,2045,18,0,0
3789,2045,9,0,0
3790,2045,636,17,0
3791,2045,91,0,0
3792,2045,227,25,0
3793,2045,317,106,0
3794,2045,9,0,0
3795,2045,29,0,0
3796,2045,2081,0,0
3797,2045,13,0,0
3798,2045,478,0,0
3799,2045,340,9,0
3800,2045,124,2,0
3801,2045,174,1,0
3802,2045,1217,0,0
3803,2045,155,0,0
3804,2045,999,0,0
3805,2045,305,0,0
3806,2045,113,0,0
3807,2045,3373,0,0
3808,2045,5436,0,0
3809,2045,1035,0,0
3810,2045,4054,0,0
3811,2045,23,0,0
3812,2045,229,0,0
3813,2045,47,0,0
3814,2045,149,0,0
3815,2045,186,0,0
3816,2045,77,0,0
3817,2045,421,0,0
3818,2045,133,1,0
3819,2045,115,0,0
3820,2045,279,0,0
3821,2045,295,0,0
3822,2045,94,0,0
3823,2045,25,0,0
3824,2045,37,0,0
3825,2045,109,0,0
3826,2045,75,0,0
3827,2045,326,0,0
3828,2045,49,0,0
3829,2045,291,3,0
3830,2045,235,0,0
3831,2045,41,0,0
3832,2045,584,0,0
3833,2045,149,0,0
3834,2045,766,5,0
3835,2045,246,0,0
3836,2045,13,0,0
3837,2045,91,0,0
3838,2045,110,0,0
3839,2045,3429,0,0
3840,2045,6466,0,0
3841,2045,432,1,0
3842,2045,145,0,0
3843,2045,49,0,0
3844,2045,771,0,0
3845,2045,217,0,0
3846,2045,508,0,0
3847,2045,274,0,0
3848,2045,180,0,0
3849,2045,3616,0,0
3850,2045,140,0,0
3851,2045,44,0,0
3852,2045,106,0,0
3853,2045,4,0,0
3854,2045,458,0,0
3855,2045,37,0,0
3856,2045,869,0,0
3857,2045,17,0,0
3858,2045,524,0,0
3859,2045,179,0,0
3860,2045,60,0,0
3861,2045,1265,0,0
3862,2045,0,0,0
3863,2045,1,0,0
3864,2045,149,0,0
3865,2045,10,0,0
3866,2045,804,0,0
3867,2045,245,0,0
3868,2045,1147,0,0
3869,2045,903,4,0
3870,2045,0,0,0
3871,2045,3,64,0
3872,2045,3,0,0
3873,2045,2,0,0
3874,2045,105,0,0
3875,2045,1082,0,0
3876,2045,100,0,0
3877,2045,107,0,0
3878,2045,25,0,0
3879,2045,51,0,0
3880,2045,198,0,0
3881,2045,11,0,0
3882,2045,56,0,0
3883,2045,4,0,0
3884,2045,16,0,0
3885,2045,47,0,0
3886,2045,3,0,0
3887,2045,205,0,0
3888,2045,384,0,0
3889,2045,271,0,0
3890,2045,718,0,0
3891,2045,1,0,0
3892,2045,0,0,0
3893,2045,2,0,0
3894,2045,0,0,0
3895,2045,366,0,0
3896,2045,479,0,0
3897,2045,2326,0,0
3898,2045,0,0,0
3899,2045,9,0,0
3900,2045,0,0,0
3901,2045,5,0,0
3902,2045,1193,86,0
3903,2045,10,0,0
3904,2045,1,0,0
3905,2045,0,0,0
3906,2045,34,0,0
3907,2045,1091,0,0
3908,2045,1041,0,0
3909,2045,2,0,0
3910,2045,41,0,0
3911,2045,52,0,0
3912,2045,1278,0,0
3913,2045,53,0,0
3914,2045,16,0,0
3915,2045,97,0,0
3916,2045,168,0,0
3917,2045,35,0,0
3918,2045,20,0,0
3919,2045,131,0,0
3920,2045,649,0,0
3921,2045,3702,0,0
3922,2045,182,0,0
3923,2045,7,0,0
3924,2045,210,76,0
3925,2045,268,136,0
3926,2045,0,0,0
3927,2045,317,0,0
3928,2045,61,0,0
3929,2045,152,0,0
3930,2045,309,2,0
3931,2045,1498,0,0
3932,2045,3017,0,0
3933,2045,941,0,0
3934,2045,5,0,0
3935,2045,34,0,0
3936,2045,33,0,0
3937,2045,80,0,0
3938,2045,24,0,0
3939,2045,1099,3,0
3940,2045,52,0,0
3941,2045,48,0,0
3942,2045,34,0,0
3943,2045,26,0,0
3944,2045,19,0,0
3945,2045,6,0,0
3946,2045,239,249,0
3947,2045,36,0,0
3948,2045,41,0,0
3949,2045,152,216,0
3950,2045,37,0,0
3951,2045,104,107,0
3952,2045,487,2,0
3953,2045,414,24,0
3954,2045,274,0,0
3955,2045,714,126,0
3956,2045,18,0,0
3957,2045,429,60,0
3958,2045,419,8,0
3959,2045,20,0,0
3960,2045,8,0,0
3961,2045,33,0,0
3962,2045,23,0,0
3963,2045,42,0,0
3964,2045,20,0,0
3965,2045,163,0,0
3966,2045,104,0,0
3967,2045,27,0,0
3968,2045,14,0,0
3969,2045,9,0,0
3970,2045,74,0,0
3971,2045,1,0,0
3972,2045,38,0,0
3973,2045,130,0,0
3974,2045,84,0,0
3975,2045,304,2,0
3976,2045,10,0,0
3977,2045,504,0,0
3978,2045,108,0,0
3979,2045,25,0,0
3980,2045,104,0,0
3981,2045,104,0,0
3982,2045,35,0,0
3983,2045,329,196,0
3984,2045,211,28,0
3985,2045,2,0,0
3986,2045,0,0,0
3987,2045,128,0,0
3988,2045,0,0,0
3989,2045,7,0,0
3990,2045,23,0,0
3991,2045,1,0,0
3992,2045,52,0,0
3993,2045,15,0,0
3994,2045,62,0,0
3995,2045,152,0,0
3996,2045,107,0,0
3997,2045,71,0,0
3998,2045,153,0,0
3999,2045,336,0,0
4000,2045,577,4,0
4001,2045,153,0,0
4002,2045,89,0,0
4003,2045,73,0,0
4004,2045,330,4,0
4005,2045,1007,0,0
4006,2045,644,0,0
4007,2045,162,0,0
4008,2045,211,0,0
4009,2045,1247,0,0
4010,2045,86,0,0
4011,2045,684,0,0
4012,2045,2316,0,0
4013,2045,2956,0,0
4014,2045,425,0,0
4015,2045,46,0,0
4016,2045,0,0,0
4017,2045,95,0,0
4018,2045,19,0,0
4019,2045,337,0,0
4020,2045,42,0,0
4021,2045,17,0,0
4022,2045,47,0,0
4023,2045,80,0,0
4024,2045,110,0,0
4025,2045,50,0,0
4026,2045,1328,0,0
4027,2045,856,0,0
4028,2045,52,0,0
4029,2045,55,0,0
4030,2045,46,0,0
4031,2045,26,0,0
4032,2045,69,0,0
4033,2045,81,0,0
4034,2045,9,0,0
4035,2045,73,0,0
4036,2045,109,0,0
4037,2045,33,0,0
4038,2045,5,0,0
4039,2045,10,0,0
4040,2045,45,0,0
4041,2045,304,0,0
4042,2045,49,0,0
4043,2045,12,0,0
4044,2045,401,2,0
4045,2045,69,2,0
4046,2045,54,0,0
4047,2045,372,87,0
4048,2045,13,119,0
4049,2045,940,102,0
4050,2045,20,23,0
4051,2045,401,128,0
4052,2045,905,2,0
4053,2045,51,0,0
4054,2045,4,0,0
4055,2045,257,4,0
4056,2045,29,0,0
4057,2045,35,0,0
4058,2045,32,0,0
4059,2045,222,0,0
4060,2045,35,0,0
4061,2045,48,0,0
4062,2045,9,0,0
4063,2045,10,0,0
4064,2045,15,0,0
4065,2045,55,0,0
4066,2045,65,0,0
4067,2045,34,0,0
4068,2045,8,0,0
4069,2045,9,0,0
4070,2045,7,0,0
4071,2045,15,0,0
4072,2045,39,0,0
4073,2045,32,0,0
4074,2045,14,0,0
4075,2045,29,0,0
4076,2045,31,0,0
4077,2045,37,0,0
4078,2045,31,0,0
4079,2045,36,0,0
4080,2045,2496,0,0
4081,2045,3758,506,0
4082,2045,1183,453,0
4083,2045,510,0,0
4084,2045,773,0,0
4085,2045,128,1542,0
4086,2045,847,868,0
4087,2045,1305,390,0
4088,2045,1294,0,0
4089,2045,1396,0,0
4090,2045,3013,0,0
4091,2045,1927,0,0
4092,2045,4177,1,0
4093,2045,2394,0,0
4094,2045,527,0,0
4095,2045,1650,0,0
4096,2045,1447,175,0
4097,2045,1577,0,0
4098,2045,5317,577,0
4099,2045,1924,0,0
4100,2045,5610,0,0
4101,2045,4223,0,0
4102,2045,2491,0,0
4103,2045,9040,0,0
4104,2045,311,959,0
4105,2045,1934,649,0
4106,2045,24,501,0
4107,2045,386,271,0
4108,2045,1273,298,0
4109,2045,1937,1746,0
4110,2045,1301,1829,0
4111,2045,1328,0,0
4112,2045,752,412,0
4113,2045,1638,928,0
4114,2045,2143,22,0
4115,2045,243,321,0
4116,2045,1633,340,0
4117,2045,1364,264,0
4118,2045,1720,310,0
4119,2045,1471,0,0
4120,2045,4354,828,0
4121,2045,1514,91,0
4122,2045,227,540,0
4123,2045,1331,419,0
4124,2045,1322,0,0
4125,2045,547,357,0
4126,2045,2150,2490,0
4127,2045,1836,231,0
4128,2045,513,0,0
4129,2045,637,169,0
4130,2045,385,0,0
4131,2045,1173,369,0
4132,2045,569,0,0
4133,2045,1703,13,0
4134,2045,879,381,0
4135,2045,414,257,0
4136,2045,577,0,0
4137,2045,951,0,0
4138,2045,1435,130,0
4139,2045,1632,299,0
4140,2045,1039,0,0
4141,2045,1176,1060,0
4142,2045,2,0,0
4143,2045,215,0,0
4144,2045,0,390,0
4145,2045,33,3289,0
4146,2045,1,400,0
4147,2045,3931,0,0
4148,2045,4175,0,0
4149,2045,720,0,0
4150,2045,5270,770,0
4151,2045,1661,0,0
4152,2045,2361,571,0
4153,2045,1949,0,0
4154,2045,1407,0,0
4155,2045,3249,145,0
4156,2045,3105,0,0
4157,2045,5254,0,0
4158,2045,2474,540,0
4159,2045,1998,372,0
4160,2045,371,2668,0
4161,2045,223,0,0
4162,2045,62,1109,0
4163,2045,130,2,0
4164,2045,1779,266,0
4165,2045,275,0,0
4166,2045,1405,0,0
4167,2045,471,385,0
4168,2045,2325,198,0
4169,2045,1665,0,0
4170,2045,2800,0,0
4171,2045,57,697,0
4172,2045,487,283,0
4173,2045,773,657,0
4174,2045,80,0,0
4175,2045,1071,0,0
4176,2045,2,1612,0
4177,2045,800,366,0
4178,2045,892,140,0
4179,2045,27,126,0
4180,2045,33,312,0
4181,2045,569,0,0
4182,2045,1040,0,0
4183,2045,879,0,0
4184,2045,1318,0,0
4185,2045,383,0,0
4186,2045,232,0,0
4187,2045,1250,0,0
4188,2045,1574,0,0
4189,2045,720,116,0
4190,2045,182,0,0
4191,2045,967,0,0
4192,2045,83,0,0
4193,2045,88,0,0
4194,2045,346,0,0
4195,2045,38,0,0
4196,2045,56,0,0
4197,2045,1624,0,0
4198,2045,2148,0,0
4199,2045,1458,0,0
4200,2045,5513,0,0
4201,2045,1315,0,0
4202,2045,2005,0,0
4203,2045,2087,287,0
4204,2045,4397,289,0
4205,2045,2416,12,0
4206,2045,1444,0,0
4207,2045,4514,0,0
4208,2045,2647,140,0
4209,2045,2780,0,0
4210,2045,2634,0,0
4211,2045,8493,5,0
4212,2045,1397,0,0
4213,2045,2902,42,0
4214,2045,2692,0,0
4215,2045,2125,247,0
4216,2045,1575,0,0
4217,2045,3043,0,0
4218,2045,2367,0,0
4219,2045,963,0,0
4220,2045,1911,0,0
4221,2045,1047,0,0
4222,2045,2456,0,0
4223,2045,2986,0,0
4224,2045,2176,411,0
4225,2045,1373,0,0
4226,2045,3360,2,0
4227,2045,2546,0,0
4228,2045,2944,1200,0
4229,2045,4507,0,0
4230,2045,140,152,0
4231,2045,1056,0,0
4232,2045,167,0,0
4233,2045,294,0,0
4234,2045,124,0,0
4235,2045,2897,0,0
4236,2045,788,0,0
4237,2045,1199,0,0
4238,2045,872,0,0
4239,2045,465,0,0
4240,2045,105,0,0
4241,2045,571,0,0
4242,2045,1321,0,0
4243,2045,1527,0,0
4244,2045,2638,0,0
4245,2045,5669,38,0
4246,2045,1984,20,0
4247,2045,2980,168,0
4248,2045,936,0,0
4249,2045,3230,0,0
4250,2045,6349,0,0
4251,2045,5971,0,0
4252,2045,4732,0,0
4253,2045,1198,360,0
4254,2045,1231,0,0
4255,2045,688,0,0
4256,2045,5370,0,0
4257,2045,972,0,0
4258,2045,873,80,0
4259,2045,26,0,0
4260,2045,82,0,0
4261,2045,202,0,0
4262,2045,65,0,0
4263,2045,250,0,0
4264,2045,98,0,0
4265,2045,447,0,0
4266,2045,573,0,0
4267,2045,703,0,0
4268,2045,422,0,0
4269,2045,379,0,0
4270,2045,65,0,0
4271,2045,107,256,0
4272,2045,285,0,0
4273,2045,1237,55,0
4274,2045,623,0,0
4275,2045,162,0,0
4276,2045,4708,114,0
4277,2045,1307,144,0
4278,2045,3322,0,0
4279,2045,2793,547,0
4280,2045,246,971,0
4281,2045,223,496,0
4282,2045,100,137,0
4283,2045,21,0,0
4284,2045,161,3,0
4285,2045,771,622,0
4286,2045,1030,1763,0
4287,2045,3555,265,0
4288,2045,1555,0,0
4289,2045,1541,0,0
4290,2045,414,1603,0
4291,2045,250,582,0
4292,2045,4075,1416,0
4293,2045,6,822,0
4294,2045,585,193,0
4295,2045,431,614,0
4296,2045,657,0,0
4297,2045,1701,474,0
4298,2045,225,338,0
4299,2045,319,2021,0
4300,2045,29,1468,0
4301,2045,5,1171,0
4302,2045,12,0,0
4303,2045,79,53,0
4304,2045,337,76,0
4305,2045,3,33,0
4306,2045,63,541,0
4307,2045,836,1056,0
4308,2045,121,923,0
4309,2045,2,140,0
4310,2045,32,466,0
4311,2045,86,205,0
4312,2045,39,1895,0
4313,2045,55,0,0
4314,2045,251,48,0
4315,2045,455,12,0
4316,2045,527,2,0
4317,2045,202,149,0
4318,2045,274,16,0
4319,2045,107,0,0
4320,2045,268,420,0
4321,2045,77,0,0
4322,2045,167,0,0
4323,2045,661,0,0
4324,2045,753,280,0
4325,2045,426,0,0
4326,2045,611,0,0
4327,2045,120,0,0
4328,2045,3702,0,0
4329,2045,4164,0,0
4330,2045,1199,0,0
4331,2045,954,0,0
4332,2045,2966,0,0
4333,2045,2813,0,0
4334,2045,3345,0,0
4335,2045,3376,0,0
4336,2045,62,0,0
4337,2045,227,0,0
4338,2045,118,0,0
4339,2045,22,0,0
4340,2045,2126,0,0
4341,2045,540,0,0
4342,2045,491,0,0
4343,2045,2453,25,0
4344,2045,99,0,0
4345,2045,11,0,0
4346,2045,937,0,0
4347,2045,2894,0,0
4348,2045,369,0,0
4349,2045,1740,0,0
4350,2045,253,0,0
4351,2045,445,0,0
4352,2045,406,0,0
4353,2045,94,0,0
4354,2045,240,0,0
4355,2045,343,0,0
4356,2045,36,6,0
4357,2045,2120,235,0
4358,2045,127,830,0
4359,2045,29,0,0
4360,2045,497,1339,0
4361,2045,411,1855,0
4362,2045,198,1293,0
4363,2045,400,640,0
4364,2045,502,281,0
4365,2045,52,0,0
4366,2045,35,317,0
4367,2045,661,202,0
4368,2045,102,403,0
4369,2045,78,157,0
4370,2045,588,89,0
4371,2045,394,284,0
4372,2045,1154,0,0
4373,2045,855,0,0
4374,2045,335,0,0
4375,2045,472,0,0
4376,2045,365,0,0
4377,2045,468,0,0
4378,2045,3435,0,0
4379,2045,536,0,0
4380,2045,394,0,0
4381,2045,1711,0,0
4382,2045,1241,174,0
4383,2045,3229,3,0
4384,2045,2344,44,0
4385,2045,2866,21,0
4386,2045,1857,129,0
4387,2045,704,0,0
4388,2045,1407,0,0
4389,2045,4008,0,0
4390,2045,973,316,0
4391,2045,3062,11,0
4392,2045,648,0,0
4393,2045,85,0,0
4394,2045,814,0,0
4395,2045,791,0,0
4396,2045,152,0,0
4397,2045,331,0,0
4398,2045,528,0,0
4399,2045,1454,0,0
4400,2045,599,0,0
4401,2045,19,0,0
4402,2045,360,0,0
4403,2045,1849,15,0
4404,2045,80,0,0
4405,2045,1436,0,0
4406,2045,6917,0,0
4407,2045,1726,0,0
4408,2045,1742,18,0
4409,2045,263,30,0
4410,2045,111,17,0
4411,2045,46,0,0
4412,2045,301,0,0
4413,2045,112,0,0
4414,2045,246,0,0
4415,2045,68,0,0
4416,2045,32,0,0
4417,2045,202,0,0
4418,2045,78,0,0
4419,2045,337,0,0
4420,2045,0,0,0
4421,2045,19,0,0
4422,2045,129,0,0
4423,2045,24,0,0
4424,2045,55,0,0
4425,2045,220,19,0
4426,2045,179,2,0
4427,2045,145,0,0
4428,2045,0,0,0
4429,2045,101,0,0
4430,2045,6,0,0
4431,2045,672,202,0
4432,2045,153,154,0
4433,2045,377,0,0
4434,2045,1155,0,0
4435,2045,480,20,0
4436,2045,0,0,0
4437,2045,151,0,0
4438,2045,163,8,0
4439,2045,929,0,0
4440,2045,1346,0,0
4441,2045,2807,0,0
4442,2045,4015,0,0
4443,2045,688,0,0
4444,2045,597,0,0
4445,2045,63,0,0
4446,2045,61,0,0
4447,2045,8536,0,0
4448,2045,5,0,0
4449,2045,3270,0,0
4450,2045,1480,672,0
4451,2045,400,0,0
4452,2045,162,0,0
4453,2045,320,0,0
4454,2045,961,0,0
4455,2045,99,0,0
4456,2045,141,0,0
4457,2045,468,0,0
4458,2045,194,0,0
4459,2045,60,0,0
4460,2045,251,0,0
4461,2045,450,0,0
4462,2045,29,0,0
4463,2045,191,0,0
4464,2045,40,0,0
4465,2045,350,0,0
4466,2045,427,0,0
4467,2045,320,0,0
4468,2045,642,2,0
4469,2045,26,0,0
4470,2045,448,0,0
4471,2045,357,0,0
4472,2045,341,4,0
4473,2045,2992,0,0
4474,2045,8674,0,0
4475,2045,740,0,0
4476,2045,1623,0,0
4477,2045,470,0,0
4478,2045,30,0,0
4479,2045,53,0,0
4480,2045,50,0,0
4481,2045,371,2,0
4482,2045,775,0,0
4483,2045,281,0,0
4484,2045,741,0,0
4485,2045,0,0,0
4486,2045,1,0,0
4487,2045,155,0,0
4488,2045,4,0,0
4489,2045,148,0,0
4490,2045,308,0,0
4491,2045,10,0,0
4492,2045,8,0,0
4493,2045,116,0,0
4494,2045,753,0,0
4495,2045,60,0,0
4496,2045,11,0,0
4497,2045,66,0,0
4498,2045,1021,2,0
4499,2045,2498,0,0
4500,2045,1648,860,0
4501,2045,509,0,0
4502,2045,0,0,0
4503,2045,1181,0,0
4504,2045,209,0,0
4505,2045,298,0,0
4506,2045,195,0,0
4507,2045,56,0,0
4508,2045,188,0,0
4509,2045,295,0,0
4510,2045,365,0,0
4511,2045,24,0,0
4512,2045,205,0,0
4513,2045,122,0,0
4514,2045,483,17,0
4515,2045,205,4,0
4516,2045,57,0,0
4517,2045,421,19,0
4518,2045,0,0,0
4519,2045,231,0,0
4520,2045,17,0,0
4521,2045,26,0,0
4522,2045,691,0,0
4523,2045,581,74,0
4524,2045,0,0,0
4525,2045,182,0,0
4526,2045,615,16,0
4527,2045,244,0,0
4528,2045,70,0,0
4529,2045,71,0,0
4530,2045,69,0,0
4531,2045,20,0,0
4532,2045,328,8,0
4533,2045,1518,213,0
4534,2045,4,0,0
4535,2045,64,0,0
4536,2045,134,4,0
4537,2045,392,0,0
4538,2045,173,0,0
4539,2045,2735,0,0
4540,2045,6,0,0
4541,2045,1,0,0
4542,2045,33,144,0
4543,2045,0,0,0
4544,2045,4,0,0
4545,2045,18,54,0
4546,2045,28,0,0
4547,2045,2350,0,0
4548,2045,3151,0,0
4549,2045,901,0,0
4550,2045,333,0,0
4551,2045,1856,152,0
4552,2045,587,0,0
4553,2045,3195,0,0
4554,2045,4792,240,0
4555,2045,1160,0,0
4556,2045,1500,4,0
4557,2045,454,0,0
4558,2045,2508,0,0
4559,2045,4098,0,0
4560,2045,256,0,0
4561,2045,401,0,0
4562,2045,55,0,0
4563,2045,1,0,0
4564,2045,6640,0,0
4565,2045,292,0,0
4566,2045,4,0,0
4567,2045,1132,156,0
4568,2045,951,0,0
4569,2045,219,4,0
4570,2045,0,0,0
4571,2045,139,0,0
4572,2045,106,0,0
4573,2045,166,0,0
4574,2045,12,0,0
4575,2045,113,0,0
4576,2045,30,0,0
4577,2045,6,0,0
4578,2045,205,0,0
4579,2045,16,0,0
4580,2045,76,0,0
4581,2045,63,0,0
4582,2045,44,0,0
4583,2045,67,0,0
4584,2045,24,0,0
4585,2045,6,0,0
4586,2045,63,0,0
4587,2045,7,0,0
4588,2045,29,0,0
4589,2045,49,0,0
4590,2045,27,0,0
4591,2045,32,0,0
4592,2045,46,0,0
4593,2045,242,0,0
4594,2045,289,2,0
4595,2045,174,0,0
4596,2045,89,0,0
4597,2045,0,0,0
4598,2045,0,0,0
4599,2045,0,0,0
4600,2045,2,0,0
4601,2045,1,0,0
4602,2045,1,0,0
4603,2045,86,0,0
4604,2045,112,4,0
4605,2045,234,4,0
4606,2045,119,52,0
4607,2045,4,0,0
4608,2045,172,8,0
4609,2045,47,0,0
4610,2045,3,0,0
4611,2045,7,0,0
4612,2045,11,0,0
4613,2045,4,0,0
4614,2045,8,0,0
4615,2045,53,0,0
4616,2045,33,0,0
4617,2045,16,0,0
4618,2045,237,28,0
4619,2045,91,2,0
4620,2045,211,4,0
4621,2045,285,0,0
4622,2045,63,0,0
4623,2045,14,0,0
4624,2045,45,0,0
4625,2045,135,0,0
4626,2045,143,0,0
4627,2045,9,0,0
4628,2045,1,0,0
4629,2045,25,0,0
4630,2045,0,0,0
4631,2045,0,0,0
4632,2045,35,0,0
4633,2045,5,0,0
4634,2045,2277,311,0
4635,2045,1020,0,0
4636,2045,824,277,0
4637,2045,376,0,0
4638,2045,1666,0,0
4639,2045,576,87,0
4640,2045,1522,0,0
4641,2045,559,0,0
4642,2045,1123,0,0
4643,2045,3041,0,0
4644,2045,2467,114,0
4645,2045,574,0,0
4646,2045,764,0,0
4647,2045,1053,0,0
4648,2045,286,0,0
4649,2045,1400,0,0
4650,2045,609,0,0
4651,2045,2007,0,0
4652,2045,2034,0,0
4653,2045,2932,0,0
4654,2045,99,0,0
4655,2045,1556,0,0
4656,2045,1158,0,0
4657,2045,948,0,0
4658,2045,1081,0,0
4659,2045,1936,0,0
4660,2045,1871,108,0
4661,2045,468,0,0
4662,2045,218,0,0
4663,2045,950,0,0
4664,2045,1667,0,0
4665,2045,910,528,0
4666,2045,634,0,0
4667,2045,365,0,0
4668,2045,359,0,0
4669,2045,690,0,0
4670,2045,62,204,0
4671,2045,644,0,0
4672,2045,44,392,0
4673,2045,117,0,0
4674,2045,258,164,0
4675,2045,872,0,0
4676,2045,417,352,0
4677,2045,0,0,0
4678,2045,1355,746,0
4679,2045,47,0,0
4680,2045,793,745,0
4681,2045,831,60,0
4682,2045,875,128,0
4683,2045,1008,658,0
4684,2045,605,200,0
4685,2045,694,0,0
4686,2045,0,0,0
4687,2045,911,0,0
4688,2045,1282,760,0
4689,2045,189,704,0
4690,2045,1162,244,0
4691,2045,2266,0,0
4692,2045,888,324,0
4693,2045,311,0,0
4694,2045,535,1490,0
4695,2045,210,0,0
4696,2045,517,206,0
4697,2045,328,0,0
4698,2045,1174,124,0
4699,2045,2401,0,0
4700,2045,305,342,0
4701,2045,628,0,0
4702,2045,422,0,0
4703,2045,387,567,0
4704,2045,391,284,0
4705,2045,948,18,0
4706,2045,271,771,0
4707,2045,296,1232,0
4708,2045,1947,776,0
4709,2045,1203,428,0
4710,2045,1154,0,0
4711,2045,819,0,0
4712,2045,212,33,0
4713,2045,625,271,0
4714,2045,1632,0,0
4715,2045,1388,26,0
4716,2045,21,0,0
4717,2045,227,0,0
4718,2045,345,0,0
4719,2045,811,0,0
4720,2045,502,0,0
4721,2045,329,0,0
4722,2045,387,0,0
4723,2045,55,0,0
4724,2045,1721,199,0
4725,2045,298,3,0
4726,2045,60,0,0
4727,2045,147,214,0
4728,2045,361,60,0
4729,2045,478,810,0
4730,2045,979,692,0
4731,2045,576,632,0
4732,2045,340,260,0
4733,2045,938,0,0
4734,2045,1622,0,0
4735,2045,833,0,0
4736,2045,235,0,0
4737,2045,1156,0,0
4738,2045,2060,0,0
4739,2045,710,0,0
4740,2045,1375,0,0
4741,2045,213,0,0
4742,2045,1485,0,0
4743,2045,327,0,0
4744,2045,628,102,0
4745,2045,758,0,0
4746,2045,280,0,0
4747,2045,2582,230,0
4748,2045,262,0,0
4749,2045,696,0,0
4750,2045,2195,0,0
4751,2045,353,0,0
4752,2045,491,153,0
4753,2045,152,0,0
4754,2045,455,0,0
4755,2045,336,0,0
4756,2045,1,0,0
4757,2045,792,398,0
4758,2045,2593,0,0
4759,2045,1969,0,0
4760,2045,1100,0,0
4761,2045,542,0,0
4762,2045,1950,0,0
4763,2045,58,0,0
4764,2045,855,131,0
4765,2045,14,0,0
4766,2045,1240,0,0
4767,2045,1155,0,0
4768,2045,3220,0,0
4769,2045,0,0,0
4770,2045,346,0,0
4771,2045,310,0,0
4772,2045,134,728,0
4773,2045,330,92,0
4774,2045,203,80,0
4775,2045,184,297,0
4776,2045,565,0,0
4777,2045,1,0,0
4778,2045,94,0,0
4779,2045,1278,302,0
4780,2045,965,421,0
4781,2045,522,0,0
4782,2045,378,0,0
4783,2045,559,0,0
4784,2045,715,171,0
4785,2045,213,10,0
4786,2045,860,0,0
4787,2045,691,18,0
4788,2045,126,457,0
4789,2045,343,0,0
4790,2045,777,439,0
4791,2045,611,435,0
4792,2045,0,84,0
4793,2045,1412,0,0
4794,2045,928,78,0
4795,2045,451,0,0
4796,2045,786,60,0
4797,2045,518,0,0
4798,2045,0,0,0
4799,2045,0,128,0
4800,2045,451,0,0
4801,2045,287,64,0
4802,2045,786,0,0
4803,2045,946,0,0
4804,2045,638,0,0
4805,2045,201,86,0
4806,2045,467,65,0
4807,2045,319,0,0
4808,2045,0,0,0
4809,2045,1393,0,0
4810,2045,1392,0,0
4811,2045,166,0,0
4812,2045,713,0,0
4813,2045,264,0,0
4814,2045,85,0,0
4815,2045,237,0,0
4816,2045,539,0,0
4817,2045,145,0,0
4818,2045,1486,0,0
4819,2045,95,0,0
4820,2045,143,0,0
4821,2045,130,0,0
4822,2045,362,0,0
4823,2045,77,0,0
4824,2045,231,0,0
4825,2045,299,0,0
4826,2045,245,0,0
4827,2045,200,0,0
4828,2045,405,0,0
4829,2045,180,0,0
4830,2045,295,0,0
4831,2045,465,40,0
4832,2045,145,0,0
4833,2045,201,0,0
4834,2045,62,0,0
4835,2045,4,0,0
4836,2045,128,0,0
4837,2045,115,0,0
4838,2045,89,0,0
4839,2045,948,0,0
4840,2045,164,0,0
4841,2045,382,303,0
4842,2045,428,0,0
4843,2045,533,0,0
4844,2045,157,170,0
4845,2045,1236,22,0
4846,2045,849,51,0
4847,2045,168,17,0
4848,2045,933,44,0
4849,2045,1096,131,0
4850,2045,242,5,0
4851,2045,184,85,0
4852,2045,1,0,0
4853,2045,1274,0,0
4854,2045,1021,1,0
4855,2045,0,0,0
4856,2045,84,0,0
4857,2045,0,0,0
4858,2045,0,0,0
4859,2045,0,0,0
4860,2045,36,0,0
4861,2045,163,0,0
4862,2045,7,0,0
4863,2045,1,0,0
4864,2045,450,0,0
4865,2045,179,0,0
4866,2045,1627,0,0
4867,2045,1962,10,0
4868,2045,4,0,0
4869,2045,107,0,0
4870,2045,107,0,0
4871,2045,50,0,0
4872,2045,174,0,0
4873,2045,0,0,0
4874,2045,0,0,0
4875,2045,435,0,0
4876,2045,11,1,0
4877,2045,0,251,0
4878,2045,156,480,0
4879,2045,100,0,0
4880,2045,220,0,0
4881,2045,262,0,0
4882,2045,168,0,0
4883,2045,198,0,0
4884,2045,11,0,0
4885,2045,0,0,0
4886,2045,191,0,0
4887,2045,123,0,0
4888,2045,0,69,0
4889,2045,69,0,0
4890,2045,87,0,0
4891,2045,40,0,0
4892,2045,152,0,0
4893,2045,52,0,0
4894,2045,67,0,0
4895,2045,366,0,0
4896,2045,260,0,0
4897,2045,398,0,0
4898,2045,71,0,0
4899,2045,0,248,0
4900,2045,49,0,0
4901,2045,1,0,0
4902,2045,405,0,0
4903,2045,92,0,0
4904,2045,14,0,0
4905,2045,0,0,0
4906,2045,68,1,0
4907,2045,0,72,0
4908,2045,0,23,0
4909,2045,126,0,0
4910,2045,5,108,0
4911,2045,0,0,0
4912,2045,151,0,0
4913,2045,122,0,0
4914,2045,145,0,0
4915,2045,36,10,0
4916,2045,47,20,0
4917,2045,67,0,0
4918,2045,115,0,0
4919,2045,227,0,0
4920,2045,224,0,0
4921,2045,164,15,0
4922,2045,175,12,0
4923,2045,5,0,0
4924,2045,0,0,0
4925,2045,1,0,0
4926,2045,0,0,0
4927,2045,14,0,0
4928,2045,1,0,0
4929,2045,8,1,0
4930,2045,14,0,0
4931,2045,0,83,0
4932,2045,0,0,0
4933,2045,12,0,0
4934,2045,13,0,0
4935,2045,17,0,0
4936,2045,64,10,0
4937,2045,131,0,0
4938,2045,147,192,0
4939,2045,164,0,0
4940,2045,55,0,0
4941,2045,35,0,0
4942,2045,198,0,0
4943,2045,78,0,0
4944,2045,140,0,0
4945,2045,89,0,0
4946,2045,157,0,0
4947,2045,445,0,0
4948,2045,100,12,0
4949,2045,140,0,0
4950,2045,226,152,0
4951,2045,287,9,0
4952,2045,49,0,0
4953,2045,71,0,0
4954,2045,127,4,0
4955,2045,191,0,0
4956,2045,82,0,0
4957,2045,114,0,0
4958,2045,63,0,0
4959,2045,362,0,0
4960,2045,413,0,0
4961,2045,380,60,0
4962,2045,399,0,0
4963,2045,251,0,0
4964,2045,232,75,0
4965,2045,319,0,0
4966,2045,338,0,0
4967,2045,251,0,0
4968,2045,279,7,0
4969,2045,142,0,0
4970,2045,47,192,0
4971,2045,77,0,0
4972,2045,73,0,0
4973,2045,68,0,0
4974,2045,0,0,0
4975,2045,1,0,0
4976,2045,0,0,0
4977,2045,0,0,0
4978,2045,21,58,0
4979,2045,25,0,0
4980,2045,0,0,0
4981,2045,0,0,0
4982,2045,5,0,0
4983,2045,3,0,0
4984,2045,10,199,0
4985,2045,0,0,0
4986,2045,0,0,0
4987,2045,0,0,0
4988,2045,0,0,0
4989,2045,20,0,0
4990,2045,0,0,0
4991,2045,0,0,0
4992,2045,0,0,0
4993,2045,0,0,0
4994,2045,686,0,0
4995,2045,47,587,0
4996,2045,32,145,0
4997,2045,678,72,0
4998,2045,321,2,0
4999,2045,0,262,0
5000,2045,0,240,172
5001,2045,0,237,0
5002,2045,136,522,0
5003,2045,0,204,0
5004,2045,0,0,0
5005,2045,16,120,0
5006,2045,31,0,0
5007,2045,115,0,0
5008,2045,161,0,0
5009,2045,26,0,0
5010,2045,54,0,0
5011,2045,173,643,0
5012,2045,176,189,0
5013,2045,231,0,0
5014,2045,228,2,0
5015,2045,146,0,0
5016,2045,6,0,0
5017,2045,480,0,0
5018,2045,980,0,0
5019,2045,66,0,0
5020,2045,219,2,0
5021,2045,4,0,0
5022,2045,259,0,0
5023,2045,51,0,0
5024,2045,108,0,0
5025,2045,646,0,0
5026,2045,1253,20,0
5027,2045,166,0,0
5028,2045,425,0,0
5029,2045,1933,0,0
5030,2045,1371,0,0
5031,2045,0,0,0
5032,2045,0,0,0
5033,2045,0,769,0
5034,2045,0,0,0
5035,2045,0,1024,0
5036,2045,0,372,0
5037,2045,0,511,0
5038,2045,0,411,0
5039,2045,0,805,0
5040,2045,0,1487,0
5041,2045,66,0,0
5042,2045,1,1426,0
5043,2045,93,1518,0
5044,2045,15,2306,0
5045,2045,0,1093,0
5046,2045,0,1340,0
5047,2045,133,1783,0
5048,2045,46,0,0
5049,2045,0,686,0
5050,2045,0,1988,0
5051,2045,227,233,0
5052,2045,99,30,0
5053,2045,81,536,0
5054,2045,0,899,0
5055,2045,0,12,0
5056,2045,0,705,0
5057,2045,0,728,0
5058,2045,0,1017,0
5059,2045,0,0,0
5060,2045,0,448,0
5061,2045,0,616,0
5062,2045,0,0,0
5063,2045,49,1242,0
5064,2045,0,507,0
5065,2045,0,1684,0
5066,2045,58,700,0
5067,2045,305,749,0
5068,2045,94,1060,0
5069,2045,83,1379,0
5070,2045,0,78,0
5071,2045,0,1738,0
5072,2045,31,48,0
5073,2045,0,1151,0
5074,2045,0,1755,0
5075,2045,0,295,0
5076,2045,0,228,0
5077,2045,16,1619,0
5078,2045,165,514,0
5079,2045,0,1623,0
5080,2045,0,386,0
5081,2045,263,286,0
5082,2045,0,0,0
5083,2045,0,937,0
5084,2045,0,406,0
5085,2045,0,1160,0
5086,2045,0,381,0
5087,2045,205,999,0
5088,2045,78,453,0
5089,2045,654,1215,0
5090,2045,0,414,0
5091,2045,0,0,0
5092,2045,0,0,0
5093,2045,0,0,0
5094,2045,0,0,0
5095,2045,0,0,0
5096,2045,0,0,0
5097,2045,0,0,0
5098,2045,0,0,0
5099,2045,0,0,0
5100,2045,0,0,0
5101,2045,0,0,0
5102,2045,0,0,0
5103,2045,0,190,0
5104,2045,0,0,0
5105,2045,0,0,0
5106,2045,0,0,0
5107,2045,0,0,0
5108,2045,0,0,0
5109,2045,19,1629,0
5110,2045,0,107,0
5111,2045,0,124,0
5112,2045,182,1020,0
5113,2045,0,600,0
5114,2045,0,0,0
5115,2045,0,0,0
5116,2045,0,0,0
5117,2045,0,734,0
5118,2045,0,874,0
5119,2045,0,402,0
5120,2045,21,709,0
5121,2045,0,0,0
5122,2045,0,0,0
5123,2045,212,1177,0
5124,2045,5,801,0
5125,2045,0,170,0
5126,2045,67,8,0
5127,2045,0,0,0
5128,2045,1,360,0
5129,2045,21,18,0
5130,2045,42,11,0
5131,2045,6,0,0
5132,2045,0,0,0
5133,2045,124,23,0
5134,2045,0,201,0
5135,2045,66,60,0
5136,2045,124,46,0
5137,2045,96,67,0
5138,2045,77,15,0
5139,2045,35,285,0
5140,2045,113,59,0
5141,2045,151,100,0
5142,2045,80,91,0
5143,2045,142,123,0
5144,2045,129,120,0
5145,2045,67,81,0
5146,2045,122,638,0
5147,2045,111,72,0
5148,2045,184,8,0
5149,2045,45,171,0
5150,2045,0,0,0
5151,2045,0,0,0
5152,2045,33,0,0
5153,2045,11,3,0
5154,2045,0,375,0
5155,2045,0,52,0
5156,2045,11,0,0
5157,2045,0,29,0
5158,2045,0,0,0
5159,2045,0,0,0
5160,2045,0,0,0
5161,2045,18,0,0
5162,2045,0,0,0
5163,2045,0,80,0
5164,2045,6,0,0
5165,2045,8,336,0
5166,2045,8,3,0
5167,2045,37,0,0
5168,2045,0,0,0
5169,2045,146,14,0
5170,2045,61,127,0
5171,2045,95,30,0
5172,2045,114,14,0
5173,2045,60,31,0
5174,2045,76,205,0
5175,2045,192,0,0
5176,2045,179,8,0
5177,2045,11,0,0
5178,2045,34,208,0
5179,2045,0,0,0
5180,2045,10,1066,0
5181,2045,2,0,0
5182,2045,0,1200,0
5183,2045,169,564,0
5184,2045,0,0,0
5185,2045,0,0,0
5186,2045,442,0,0
5187,2045,809,329,0
5188,2045,1087,5255,0
5189,2045,472,0,0
5190,2045,0,0,0
5191,2045,0,0,0
5192,2045,260,0,0
5193,2045,231,0,0
5194,2045,0,0,0
5195,2045,34,562,0
5196,2045,131,93,0
5197,2045,13,2,0
5198,2045,37,0,0
5199,2045,44,0,0
5200,2045,33,0,0
5201,2045,339,3,0
5202,2045,104,0,0
5203,2045,101,0,0
5204,2045,4,0,0
5205,2045,4,0,0
5206,2045,232,0,0
5207,2045,89,0,0
5208,2045,0,0,0
5209,2045,393,0,0
5210,2045,219,0,0
5211,2045,280,0,0
5212,2045,1327,0,0
5213,2045,0,0,0
5214,2045,173,0,0
5215,2045,0,0,0
5216,2045,52,0,0
5217,2045,0,0,0
