"Geo","SFDU","MFDU","GQDU"
24,0,39,0
27,0,169,0
29,0,107,0
32,0,463,0
34,0,79,0
37,0,28,0
42,0,279,0
44,0,308,0
60,0,139,0
74,0,82,0
96,0,18,0
98,0,290,0
105,0,62,0
122,0,31,0
123,0,143,0
124,0,286,0
127,0,65,0
148,0,47,0
150,0,104,0
155,0,207,0
157,0,336,0
158,0,392,0
159,0,338,0
169,1,0,0
172,0,220,0
173,0,242,0
181,0,210,0
187,0,229,0
188,0,220,0
189,0,57,0
191,0,304,0
192,0,209,0
198,0,359,0
204,0,400,0
208,0,285,0
213,0,314,0
216,2,0,0
221,0,347,0
233,0,279,0
234,0,271,0
258,0,148,0
261,22,5,0
264,3,5,0
265,0,357,0
267,40,0,0
268,56,3,0
270,0,17,0
271,137,17,0
272,62,1,0
276,0,215,0
278,63,121,0
280,0,51,0
282,145,139,0
283,166,6,0
284,117,91,0
285,50,82,0
286,22,47,0
287,69,69,0
288,103,239,0
289,27,144,0
290,0,0,0
291,4,264,0
292,10,49,0
293,0,152,0
294,6,0,0
297,226,861,0
298,0,432,0
301,0,399,0
303,0,317,0
305,1,46,0
307,1,6,0
308,0,367,0
309,0,154,0
310,0,392,0
312,0,630,0
313,1,11,0
314,0,357,0
316,0,356,0
318,8,6,0
319,0,328,0
320,0,398,0
321,0,361,0
322,386,467,0
323,195,1122,0
324,33,843,0
325,0,198,0
326,185,1575,0
327,62,1305,0
328,17,534,0
329,63,712,0
330,0,1018,0
331,359,835,0
332,289,916,0
333,84,969,0
334,801,682,0
335,454,784,0
336,328,195,0
337,352,318,0
338,156,100,0
339,465,352,0
340,159,352,0
341,477,305,0
342,137,315,0
343,371,345,0
344,83,703,0
345,313,1040,0
347,451,1355,0
348,0,490,0
349,215,707,0
350,253,630,0
351,80,133,0
352,190,840,0
353,66,94,0
354,0,599,0
355,79,2291,0
356,195,1681,0
357,303,1396,0
358,27,68,0
359,328,777,0
360,109,558,0
361,215,1139,0
362,108,197,0
363,311,0,0
364,464,144,0
365,265,0,0
366,296,3,0
367,507,917,0
368,149,761,0
369,524,108,0
370,351,422,0
371,301,628,0
373,314,667,0
374,34,2,0
375,279,52,0
376,107,10,0
378,151,988,0
379,155,579,0
380,35,2855,0
381,136,1958,0
382,9,443,0
383,381,1725,0
384,737,146,0
385,169,1396,0
386,2,0,0
387,167,871,0
388,304,319,0
389,427,50,0
390,269,662,0
391,1091,1232,0
392,569,351,0
393,219,1513,0
394,820,194,0
395,756,172,0
396,474,1437,0
397,389,543,0
398,82,34,0
399,897,362,0
400,487,495,0
401,343,49,0
402,576,476,0
403,350,132,0
404,109,67,0
405,1094,195,0
406,175,87,0
407,244,340,0
408,138,8,0
409,433,261,0
410,535,208,0
411,892,990,0
412,1088,105,0
413,983,64,0
414,1753,482,0
415,1458,520,0
416,96,369,0
417,119,3489,0
418,1268,265,0
419,0,4442,0
420,0,327,0
422,0,642,0
423,529,3586,0
424,284,647,0
425,184,256,0
426,1703,203,0
427,185,84,0
428,0,1551,0
429,517,401,0
430,31,2542,0
431,368,794,0
432,683,2246,0
433,555,995,0
434,531,937,0
435,183,1527,0
436,336,1636,0
437,1731,1257,0
438,1650,235,0
439,314,155,0
440,0,1339,0
441,206,144,0
442,3,247,0
443,173,307,0
444,11,0,0
445,8,247,0
447,0,24,0
449,0,406,0
450,56,666,0
451,4,797,0
452,0,350,0
453,27,4,0
454,165,53,0
455,157,108,0
456,237,391,0
457,238,1111,0
458,947,144,0
459,180,71,0
460,173,109,0
461,427,152,0
462,399,361,0
463,221,68,0
464,983,170,0
465,1118,117,0
466,169,83,0
467,414,40,0
468,42,0,0
469,881,100,0
470,181,22,0
471,138,79,0
472,347,60,0
473,6,2,0
474,0,649,0
475,497,28,0
476,952,24,0
477,491,221,0
478,20,0,0
480,338,13,0
482,308,14,0
483,50,1,0
484,582,46,0
485,247,8,0
486,10,7,0
487,270,103,0
490,59,2,0
491,768,61,0
492,1059,105,0
493,1247,169,0
494,689,183,0
495,705,115,0
496,295,111,0
497,1238,157,0
498,576,140,0
499,433,317,0
500,112,45,0
501,460,44,0
502,642,88,0
503,491,189,0
504,241,105,0
505,441,193,0
506,25,12,0
507,298,239,0
508,156,6,0
511,41,0,0
512,22,2,0
517,1004,17,0
518,326,29,0
519,78,0,0
520,58,0,0
521,146,2,0
523,0,0,0
524,67,245,0
526,22,0,0
527,63,2,0
528,194,12,0
530,9,0,0
531,0,39,0
532,0,6,0
533,10,3,0
536,75,39,0
537,366,67,0
538,153,122,0
539,180,82,0
540,220,43,0
541,67,44,0
542,122,101,0
544,107,63,0
545,3,0,0
547,178,150,0
548,0,190,0
549,89,11,0
550,163,180,0
551,28,25,0
553,199,120,0
554,72,107,0
555,101,49,0
556,93,34,0
557,71,18,0
561,47,2,0
562,38,7,0
563,1,46,0
564,588,273,0
565,568,447,0
566,319,115,0
567,20,8,0
568,404,580,0
569,22,24,0
570,436,170,0
571,50,2,0
572,517,199,0
573,339,420,0
574,312,165,0
575,437,224,0
576,494,151,0
577,364,156,0
578,323,59,0
579,35,0,0
580,731,141,0
581,729,219,0
582,602,122,0
583,347,58,0
584,1,24,0
585,27,4,0
586,59,274,0
587,603,153,0
588,377,134,0
589,724,8,0
590,684,61,0
591,1086,112,0
592,368,428,1502
593,126,292,0
594,214,72,0
595,47,0,0
596,212,45,0
597,220,71,0
598,180,88,0
599,222,121,0
600,142,94,0
601,140,51,0
602,490,214,0
603,313,88,0
604,264,411,0
605,195,134,0
606,520,233,0
607,0,0,0
608,106,252,0
609,46,86,0
610,0,396,0
611,0,179,0
612,7,2,0
613,63,67,0
614,0,0,0
615,0,4,0
616,0,151,0
617,0,256,0
618,26,32,0
619,180,76,0
620,55,30,0
621,40,66,0
622,6,18,0
623,14,70,0
624,157,156,0
625,418,394,0
626,17,807,0
627,21,212,0
628,4,199,0
629,68,41,0
630,102,420,0
631,227,113,0
632,258,673,0
633,420,878,0
634,114,73,0
635,386,218,0
636,322,230,0
637,248,468,0
644,619,159,0
645,1,0,0
647,607,13,0
649,356,182,0
650,300,2,0
651,150,99,0
652,273,244,0
653,106,299,0
655,851,1177,38
657,316,376,0
658,171,257,0
659,684,814,0
660,741,983,0
661,647,112,0
662,388,543,0
663,25,120,0
664,380,0,0
666,325,119,0
667,494,102,0
669,283,30,0
670,270,257,0
671,47,294,528
672,0,137,0
674,372,239,0
675,786,1617,0
676,103,122,0
677,0,224,0
679,0,333,0
680,2,0,0
681,198,175,0
682,416,417,0
683,0,184,0
685,26,325,0
687,80,3635,0
688,4,0,0
689,0,4253,0
690,2,4596,0
691,0,4341,0
692,0,1022,0
693,0,342,0
694,0,1073,0
695,0,3322,0
696,0,606,0
697,0,2311,0
699,0,979,0
700,0,1257,0
702,0,1401,0
703,100,1396,1
704,12,244,0
705,396,205,0
706,150,0,0
707,354,398,0
708,142,89,0
709,83,629,0
710,0,327,0
711,1014,0,0
712,1169,19,0
713,1294,218,0
714,809,35,0
715,1237,29,0
716,17,6,0
717,302,772,0
718,469,25,0
719,384,89,0
721,532,275,0
722,627,715,0
723,79,374,0
724,392,465,0
727,0,392,0
728,737,105,0
729,1360,521,0
730,168,4240,0
731,1231,1055,0
732,730,1347,0
733,0,2369,0
734,109,0,0
735,498,846,0
736,0,1072,0
737,363,0,0
738,570,152,0
739,563,0,0
740,158,146,0
741,125,0,0
742,34,286,0
743,539,337,0
744,173,0,0
745,282,363,0
746,482,768,0
747,138,220,0
748,0,2396,0
749,0,1035,0
750,577,36,0
751,123,796,0
752,164,592,0
753,371,663,0
754,108,892,0
755,65,684,0
756,148,359,0
757,214,63,0
758,109,0,0
759,3,595,0
760,50,588,0
761,0,175,0
762,24,361,0
763,533,420,0
764,449,46,0
765,125,1789,0
766,719,391,0
767,232,3827,0
768,0,5999,0
769,1167,1664,0
770,118,5951,0
771,2,3462,0
772,445,2791,0
773,0,4954,0
774,63,1200,0
775,0,2048,0
776,2,592,0
777,0,1540,0
778,0,612,0
779,740,622,0
780,137,2218,0
781,100,2693,167
782,454,1324,0
783,52,2154,0
784,70,2925,0
785,13,3626,0
786,204,106,0
787,100,902,0
788,403,0,0
789,157,1,0
790,88,5373,0
791,42,583,0
792,285,1453,0
793,49,1692,0
794,0,3569,0
795,349,999,0
796,306,3073,0
797,0,1164,0
798,0,2477,0
799,0,1631,0
800,0,224,0
801,0,0,0
802,0,960,0
804,0,0,0
805,468,3992,0
806,100,1710,0
807,0,2480,0
808,0,5089,0
809,201,6763,0
810,0,6037,0
811,0,1144,0
812,0,766,0
813,0,1829,0
814,0,1009,0
815,1539,393,0
816,0,2251,0
817,1636,1504,0
818,239,5238,0
819,0,886,0
820,327,1499,0
821,1,3932,0
822,844,580,0
823,787,257,0
824,37,4688,0
825,116,1780,0
826,13,400,0
827,231,0,0
828,78,584,0
829,110,0,0
830,429,0,0
831,69,192,0
832,490,1,0
833,161,668,0
834,142,0,0
835,140,0,0
836,334,0,0
837,83,0,0
838,155,0,0
839,239,0,0
840,38,193,0
841,207,0,0
842,439,0,0
843,532,0,0
844,489,422,0
845,261,14,0
846,148,647,0
847,251,0,0
848,60,1962,0
849,105,0,0
850,166,906,0
851,808,1495,0
852,380,1232,0
853,37,3519,0
854,197,205,0
855,398,1173,0
856,677,562,0
857,811,0,0
858,47,41,0
859,452,567,0
860,319,0,0
861,156,1250,0
862,294,993,0
863,21,3412,0
864,406,2,0
865,0,1461,0
866,296,1267,0
867,79,2216,0
868,131,3921,0
869,477,1442,0
871,502,577,0
872,494,1245,0
873,419,528,0
874,1072,553,0
875,307,1026,234
876,333,0,0
877,0,2820,0
878,253,2260,0
879,752,1823,0
880,455,64,0
881,885,1010,0
882,439,2085,0
883,203,718,0
884,1066,687,0
885,751,81,0
886,991,1164,0
887,155,44,380
888,1261,1999,552
889,20,509,0
890,1206,3142,0
891,291,815,0
892,244,1107,0
893,146,345,216
894,0,1233,0
895,278,859,0
896,208,659,0
897,183,348,0
898,199,973,0
899,787,8020,0
900,1075,380,0
901,56,5604,0
902,207,1075,0
903,0,164,0
904,2,4285,0
905,18,316,0
906,4,1132,0
908,0,322,0
909,84,2506,0
910,293,524,0
911,643,1413,0
912,230,1205,0
913,810,3822,0
914,0,2142,0
915,133,1599,0
916,0,3869,0
917,55,5068,0
918,2,2213,0
919,14,1212,0
920,185,3029,0
921,0,487,0
922,0,2399,0
923,299,61,0
924,636,48,0
925,17,738,0
926,342,1135,0
927,0,2525,0
928,0,3469,0
929,465,3858,0
930,329,376,0
931,487,43,0
932,364,20,0
933,1761,456,0
934,462,265,0
935,188,115,0
936,229,1123,0
937,190,48,0
938,1377,758,0
939,444,386,0
940,679,405,0
941,1021,59,0
942,16,5,0
943,97,1235,137
944,560,397,0
945,327,409,0
946,696,58,0
947,483,4,0
948,323,2040,0
949,91,1063,0
950,149,0,0
951,950,224,0
952,500,170,0
953,877,31,0
954,357,1,0
955,795,20,0
956,572,172,0
957,476,54,0
958,639,100,0
959,1270,28,0
960,1312,1105,0
961,15,898,0
962,127,352,0
963,1018,57,0
964,0,313,0
965,697,413,0
966,411,4,0
967,425,0,0
968,327,362,0
969,88,3167,0
970,23,1970,0
971,111,573,0
972,0,1083,0
973,467,514,0
974,219,2004,0
975,0,2352,0
976,11,3466,0
977,0,212,0
978,652,2181,0
979,8,399,0
980,182,725,0
981,364,337,0
982,180,437,0
983,378,0,0
984,174,11,0
985,1304,4,0
986,258,331,0
987,441,186,0
988,376,4,0
989,1304,697,0
990,375,186,0
991,1118,914,0
992,788,1113,0
993,415,329,0
994,954,485,0
995,963,26,0
996,1022,0,0
997,605,0,0
998,797,16,0
999,981,390,0
1000,237,831,0
1001,1525,804,0
1002,411,26,0
1004,198,945,0
1006,627,0,0
1007,0,982,0
1008,889,0,0
1009,0,323,0
1010,371,1283,0
1011,462,282,0
1012,144,1133,0
1013,1,0,0
1014,345,0,0
1015,0,1016,0
1016,114,665,0
1017,304,275,0
1018,424,0,0
1019,6,0,0
1020,512,0,0
1021,188,303,152
1022,2092,5,0
1023,966,34,0
1024,495,0,0
1025,453,7,0
1026,838,0,0
1027,454,0,0
1028,953,0,0
1029,2,0,0
1030,856,0,0
1031,537,0,0
1032,1454,4,0
1033,1,1412,0
1034,0,226,0
1035,1381,366,0
1036,2765,1095,0
1037,1609,264,0
1038,573,1373,0
1039,964,317,0
1040,522,363,0
1041,0,180,0
1042,57,0,0
1043,25,2,0
1044,518,180,0
1045,301,26,0
1046,283,176,0
1047,235,5,0
1048,161,180,0
1049,399,122,0
1050,3,0,0
1051,267,71,0
1052,640,58,0
1053,503,61,0
1054,570,51,0
1055,474,20,0
1056,562,185,0
1057,425,10,0
1058,423,5,0
1059,429,431,0
1060,663,447,0
1061,658,9,0
1062,680,28,0
1063,307,85,0
1064,613,5,0
1065,923,42,0
1066,134,2,0
1067,133,270,0
1068,566,12,0
1069,612,2,0
1070,347,24,0
1071,115,5,0
1072,375,20,0
1073,830,25,0
1075,1353,95,0
1076,569,533,0
1077,740,338,0
1078,2,0,0
1079,817,39,0
1080,148,213,0
1081,5,0,0
1082,650,10,0
1083,139,2,0
1084,438,59,0
1085,337,28,0
1086,53,18,0
1087,413,154,0
1088,119,15,0
1089,43,239,0
1090,651,45,0
1091,149,2,0
1092,838,105,0
1093,296,52,0
1094,849,234,0
1095,321,47,0
1096,841,347,0
1097,215,145,0
1098,872,17,0
1099,1003,60,0
1100,880,316,0
1101,326,677,0
1102,763,94,0
1103,1052,248,0
1104,793,312,0
1105,403,1082,0
1106,1181,1546,0
1107,481,499,0
1108,1030,2045,0
1109,0,2400,0
1112,0,788,0
1114,0,510,0
1116,0,0,0
1117,1016,650,164
1118,621,0,0
1119,441,175,0
1120,724,235,0
1121,1353,86,0
1122,584,282,0
1123,229,175,0
1125,374,238,0
1126,210,161,0
1127,383,111,0
1128,11,12,0
1129,1497,23,0
1130,1685,199,0
1131,333,8,0
1132,2066,34,0
1133,147,16,0
1134,779,64,0
1135,221,15,0
1136,489,0,0
1137,240,35,0
1138,322,75,0
1139,205,106,0
1140,205,80,0
1141,752,83,0
1142,581,27,0
1143,189,4,0
1144,161,40,0
1145,178,58,8
1146,155,38,0
1147,358,405,0
1148,761,40,0
1149,51,0,0
1151,397,15,0
1152,278,0,0
1153,242,2,0
1154,1340,0,0
1155,843,347,0
1156,341,0,0
1157,206,2,0
1158,772,326,0
1159,1302,0,0
1160,1116,12,0
1161,623,92,168
1162,16,303,0
1163,144,7,0
1164,223,16,0
1165,759,86,0
1166,1532,2,0
1167,1484,219,0
1168,172,4,0
1169,317,24,0
1170,1124,0,144
1171,822,0,0
1172,77,0,0
1173,1158,0,0
1174,284,2,0
1175,1349,16,0
1176,3,0,0
1177,517,0,0
1179,7,0,0
1180,1131,0,0
1181,1825,257,0
1182,780,0,0
1183,490,0,0
1184,367,2,0
1185,265,0,0
1186,21,0,0
1187,2530,120,0
1188,555,0,0
1189,1130,52,0
1190,1097,9,0
1191,1379,1104,0
1192,968,264,0
1193,799,539,0
1194,1,0,0
1195,126,622,0
1196,123,0,0
1197,188,8,0
1198,789,0,0
1199,53,257,0
1200,177,261,0
1201,419,22,0
1202,231,0,0
1203,2530,0,0
1204,179,0,0
1205,142,0,0
1206,726,42,0
1207,664,40,0
1208,959,144,0
1209,1685,86,0
1210,18,2,0
1211,1074,262,0
1212,579,48,0
1213,810,20,0
1215,11,45,0
1216,42,146,0
1217,517,24,0
1218,90,1,0
1219,160,0,0
1220,10,0,0
1223,862,1714,409
1224,756,2,0
1225,195,303,0
1226,21,0,0
1227,143,13,0
1228,560,107,0
1229,9,0,0
1230,310,0,0
1231,141,4,0
1232,56,0,0
1233,447,2,0
1235,85,0,0
1236,430,84,0
1237,512,277,0
1238,312,258,0
1239,2385,318,0
1240,804,26,0
1241,1021,7,0
1242,1161,1531,256
1243,460,638,0
1244,333,300,0
1245,2513,219,0
1246,952,226,0
1247,1188,515,0
1248,1409,262,0
1249,1480,2,0
1250,566,856,0
1251,9,40,0
1252,462,112,0
1253,12,8,0
1254,12,4,0
1255,45,124,0
1256,1,0,0
1259,369,484,0
1260,355,501,0
1261,356,267,0
1262,5,145,0
1263,474,32,0
1265,120,29,0
1266,26,9,0
1267,1220,0,0
1268,21,2,0
1269,1017,106,0
1270,1326,626,0
1271,570,294,0
1272,210,367,0
1274,804,421,0
1275,128,51,0
1276,13,0,0
1277,255,111,0
1278,1646,858,0
1279,0,0,0
1280,472,974,0
1281,0,116,0
1282,1226,8,0
1283,164,700,0
1284,1116,771,0
1285,597,0,0
1286,568,113,0
1287,620,62,0
1288,1576,464,0
1289,0,742,0
1290,32,174,0
1291,152,0,0
1292,349,41,0
1293,210,68,0
1294,261,267,0
1295,960,112,0
1296,193,114,0
1297,188,0,0
1298,795,336,0
1299,491,0,0
1301,145,61,0
1302,329,157,0
1303,92,0,0
1304,93,472,0
1305,417,1139,0
1306,595,253,0
1307,192,59,0
1308,332,4,0
1309,153,199,0
1310,604,35,0
1311,255,79,0
1313,1072,48,0
1314,1013,6,0
1315,773,18,0
1316,1,0,0
1317,1530,146,0
1318,1776,664,0
1320,501,593,0
1321,72,343,0
1322,97,6,0
1323,265,1277,0
1324,224,650,0
1325,111,8,0
1326,1,888,0
1327,715,98,0
1328,744,205,0
1329,180,564,0
1330,291,224,0
1331,825,333,0
1332,1180,64,0
1333,839,324,0
1334,272,4,0
1335,267,58,0
1336,677,482,0
1337,233,454,0
1338,93,258,0
1339,252,135,0
1340,225,15,0
1341,65,31,0
1342,33,4,0
1343,376,48,0
1344,70,8,0
1345,543,473,0
1346,120,182,0
1347,390,2,0
1348,124,160,0
1349,25,0,0
1350,595,72,0
1351,124,624,0
1352,0,231,0
1353,1070,20,0
1354,310,126,0
1355,240,0,0
1356,379,6,0
1357,59,4,0
1358,229,0,0
1359,86,0,0
1360,400,248,0
1361,9,229,0
1362,515,896,0
1363,35,559,0
1364,602,664,0
1365,414,0,0
1366,363,8,0
1367,497,150,0
1368,4,316,0
1369,205,12,0
1370,325,558,0
1371,1,134,0
1372,655,300,0
1373,1128,0,0
1374,766,0,0
1375,444,16,0
1376,1075,4,0
1377,333,2,0
1378,472,2,0
1379,540,2,0
1380,414,37,0
1381,41,270,0
1382,83,258,0
1383,147,282,0
1384,415,729,0
1385,563,41,0
1386,248,48,0
1387,609,93,0
1388,17,56,0
1389,199,827,0
1390,170,0,0
1391,0,64,140
1392,31,2023,0
1393,452,0,0
1394,282,482,0
1395,367,136,552
1396,34,63,0
1398,6,10,0
1400,12,0,0
1401,301,1042,0
1402,432,659,0
1403,220,0,0
1404,118,36,0
1405,192,72,0
1406,213,8,0
1407,412,85,0
1408,1209,449,0
1409,1135,40,0
1410,379,6,0
1411,849,102,0
1412,678,0,0
1413,621,0,0
1414,1044,0,0
1416,405,50,0
1417,156,0,0
1418,494,0,0
1419,636,4,0
1420,210,2,0
1421,348,0,161
1422,279,72,0
1423,42,43,252
1424,530,41,0
1425,866,91,0
1426,253,99,0
1427,1062,102,0
1428,890,336,0
1429,0,1782,0
1430,752,133,0
1431,124,22,0
1432,1055,282,0
1433,379,0,0
1434,2161,1039,0
1435,351,790,0
1436,12,80,0
1437,1539,396,0
1438,162,0,0
1439,121,166,0
1440,728,634,0
1441,1754,406,0
1442,2,0,0
1443,1457,8,0
1444,44,1374,0
1445,1085,386,0
1446,98,98,0
1447,19,0,0
1448,329,8,0
1449,164,0,0
1450,2,200,0
1451,239,18,0
1452,130,0,0
1453,540,0,0
1454,1913,788,0
1455,367,30,0
1456,109,0,0
1457,819,196,0
1458,1428,364,0
1459,25,0,0
1460,162,0,0
1461,427,0,0
1462,17,2,0
1463,27,0,0
1464,1,0,0
1465,113,0,0
1466,645,30,0
1467,130,0,0
1468,86,12,0
1469,361,384,0
1470,888,9,0
1471,951,21,0
1472,1432,0,0
1473,729,0,0
1474,1196,4,0
1475,676,268,0
1476,69,876,0
1477,298,269,0
1480,55,6,0
1481,844,115,0
1482,18,68,0
1483,215,0,0
1484,1,0,0
1485,32,1327,0
1487,147,422,0
1488,0,2184,0
1489,0,4802,0
1490,1346,427,0
1491,805,2078,0
1492,567,460,0
1493,295,2106,0
1494,198,250,0
1495,226,5131,0
1496,26,1420,0
1497,0,3768,0
1498,0,4987,0
1500,0,1939,0
1501,166,118,0
1502,0,884,0
1503,428,445,0
1504,2498,137,0
1505,828,113,303
1506,281,0,0
1507,41,4,0
1508,252,324,0
1509,88,431,0
1510,377,1,0
1511,190,6,0
1512,365,0,0
1513,1410,23,0
1514,2096,124,0
1515,322,0,0
1516,282,153,0
1517,734,287,0
1518,777,716,0
1519,687,2,0
1520,166,280,0
1521,544,88,0
1522,790,0,0
1523,663,412,0
1524,975,4,0
1525,368,275,0
1526,577,80,0
1527,260,170,0
1528,23,0,0
1529,22,2177,0
1530,2,751,0
1531,134,760,0
1532,620,2733,0
1533,1674,736,0
1534,1160,1264,0
1535,37,1368,0
1536,401,1923,0
1538,201,88,0
1539,366,0,0
1540,52,1192,330
1541,347,1814,0
1542,522,23,0
1543,261,0,162
1544,31,922,0
1545,0,181,0
1546,1418,189,0
1547,230,641,0
1548,818,4,0
1549,1,3486,0
1550,7,1022,0
1551,357,184,0
1552,45,1182,0
1553,731,189,0
1554,557,2077,0
1555,641,0,0
1556,304,0,0
1557,470,0,0
1558,188,967,0
1559,372,699,0
1560,479,0,0
1561,496,218,0
1562,645,8,0
1563,231,1458,0
1564,1,196,0
1565,302,2456,0
1566,430,0,0
1567,143,0,0
1569,0,4254,0
1570,0,2457,0
1571,0,1398,0
1572,68,3297,0
1573,0,1713,0
1574,0,4210,0
1575,0,153,0
1576,196,5709,0
1577,380,1072,0
1578,0,1360,0
1579,524,1640,0
1580,241,1704,0
1581,0,265,0
1582,1120,0,0
1583,1129,60,0
1584,0,1031,0
1585,0,6058,220
1586,274,2950,0
1587,1499,982,0
1588,126,199,0
1589,806,2001,0
1590,369,1842,80
1591,454,0,0
1592,1167,0,0
1593,1040,32,0
1594,1066,132,0
1595,825,234,0
1596,153,1076,0
1597,1155,327,0
1598,571,1,0
1599,1617,3007,0
1600,144,667,0
1601,679,1368,288
1602,782,1679,0
1603,753,207,0
1604,1663,951,0
1605,143,0,0
1606,261,0,0
1607,1808,72,0
1608,226,148,0
1609,0,920,0
1610,117,3764,0
1611,0,1314,0
1612,931,141,0
1613,393,1477,0
1614,3,0,0
1615,0,2123,0
1616,12,1005,0
1617,113,544,0
1618,750,947,0
1619,120,629,0
1620,639,199,0
1621,180,470,0
1622,436,185,0
1623,1327,86,0
1624,446,545,0
1625,376,1754,0
1626,360,390,0
1627,1363,995,0
1628,293,381,0
1629,314,2006,0
1630,0,1385,0
1631,1063,194,0
1632,727,824,0
1633,554,25,0
1634,381,556,0
1635,269,293,0
1636,383,1149,0
1637,1256,6955,0
1638,597,823,0
1639,0,6982,0
1640,0,5344,0
1641,0,5710,0
1642,0,1052,0
1643,382,0,0
1644,1773,3,0
1645,968,2040,0
1647,786,737,0
1648,0,1192,0
1649,297,0,0
1650,4,872,0
1651,265,54,0
1652,529,0,0
1653,633,0,0
1654,532,23,0
1655,371,0,0
1656,515,1,0
1657,626,0,0
1658,837,28,0
1659,480,0,0
1660,479,316,0
1661,566,0,0
1662,1183,0,0
1663,800,312,0
1664,1520,2,0
1665,719,0,0
1666,390,896,0
1667,226,625,0
1668,238,672,0
1669,932,191,0
1670,306,1224,0
1671,31,2774,0
1672,0,1310,0
1674,332,387,0
1675,0,455,0
1677,305,0,0
1678,0,651,0
1679,494,400,0
1680,25,1431,0
1681,0,2325,0
1682,0,885,0
1683,88,1663,0
1684,0,506,0
1686,0,586,0
1687,0,1430,0
1688,411,643,0
1689,468,1180,0
1690,178,332,0
1691,85,0,0
1692,308,312,0
1693,281,0,0
1694,772,0,0
1695,699,1340,0
1696,375,2489,0
1697,59,0,0
1698,281,0,0
1699,52,0,0
1700,53,1760,0
1701,542,0,0
1702,528,1172,0
1703,722,874,0
1704,1132,0,0
1705,977,2832,0
1706,603,1130,0
1709,101,527,0
1710,100,41,0
1711,1901,1121,0
1712,1866,2796,0
1713,901,1375,0
1714,824,941,0
1715,0,730,0
1716,1269,2631,0
1717,399,382,0
1718,0,260,0
1719,614,345,0
1720,0,2404,0
1721,59,1884,0
1722,464,1092,0
1723,646,3310,0
1724,871,3209,0
1725,748,4745,0
1726,2098,1242,0
1727,728,860,0
1728,252,1345,0
1729,727,1165,0
1730,1004,103,0
1731,563,0,0
1732,676,0,0
1733,385,3602,0
1734,1102,1437,0
1735,630,3318,0
1737,1580,0,0
1738,669,353,0
1739,585,0,0
1740,339,1825,0
1741,2866,272,0
1742,700,266,0
1743,1910,428,0
1744,2236,275,0
1745,152,702,0
1746,0,1570,0
1747,91,0,0
1748,994,0,0
1749,1061,448,0
1750,840,0,0
1751,881,139,0
1752,1630,0,0
1753,467,0,0
1754,145,0,0
1755,867,0,0
1756,37,1034,0
1758,0,293,0
1760,446,235,0
1761,0,4007,0
1762,1042,748,0
1764,692,889,0
1765,252,1198,0
1766,1555,5586,0
1767,123,4959,0
1770,32,660,0
1771,610,312,0
1772,1862,10,0
1773,53,296,0
1774,770,650,0
1775,15,0,0
1776,231,1318,0
1777,365,957,0
1778,1286,8,0
1779,131,373,0
1781,0,1260,0
1782,1233,0,0
1783,212,0,0
1784,1381,0,0
1785,385,0,0
1786,2739,0,0
1787,850,0,0
1788,2124,0,0
1790,2042,665,0
1791,2639,1,0
1793,2656,0,0
1794,2593,0,0
1795,1000,0,0
1796,1219,0,0
1797,2032,0,0
1798,1409,834,0
1799,1484,142,0
1800,4072,638,0
1801,1358,1,0
1802,2040,362,0
1803,1790,0,0
1804,420,0,0
1805,568,0,0
1806,848,0,0
1807,1171,160,0
1808,175,0,0
1809,0,449,0
1810,876,94,0
1811,413,0,0
1812,241,2,0
1813,13,0,0
1814,830,0,0
1815,1212,0,0
1816,502,0,0
1817,246,0,0
1818,1,0,0
1819,21,0,0
1820,620,0,0
1821,1261,2,0
1822,1412,0,0
1823,1510,0,0
1824,784,0,0
1825,24,0,0
1826,1374,0,0
1827,1512,0,0
1828,1262,0,0
1829,202,0,0
1830,947,262,0
1831,1187,0,0
1832,257,326,0
1833,1516,0,0
1834,160,0,0
1835,1337,2,0
1836,1809,0,0
1837,0,661,0
1838,1265,583,0
1839,1306,0,0
1840,3149,0,0
1841,979,0,0
1842,1888,437,0
1843,2195,0,0
1844,2391,4,0
1845,72,0,0
1846,751,294,0
1847,0,349,0
1848,1352,768,0
1849,774,0,0
1850,0,3561,0
1851,682,5125,0
1852,0,1487,0
1853,2,2039,0
1854,1593,255,0
1856,598,1903,0
1857,28,1328,0
1858,0,1846,0
1860,24,1015,0
1861,13,6401,0
1864,1559,4293,0
1865,1048,586,192
1866,890,653,0
1867,1806,0,0
1868,2303,2232,0
1869,1318,253,0
1870,1135,1222,0
1871,0,724,0
1872,2639,1467,0
1873,293,8196,0
1874,6,1145,0
1875,81,2072,0
1876,0,1860,0
1877,4,876,0
1878,1032,331,0
1879,1685,14,0
1880,2512,228,0
1881,998,0,0
1883,349,221,0
1884,1896,335,0
1885,3788,235,0
1886,878,0,0
1887,2332,104,0
1888,883,1417,0
1889,617,0,0
1890,0,1678,0
1891,780,521,0
1892,2,0,0
1893,2600,0,0
1894,2338,0,0
1895,779,0,0
1896,1770,0,0
1897,4402,0,0
1898,1683,0,0
1899,1084,0,0
1900,2350,1352,0
1901,1601,0,0
1902,1604,0,0
1903,1000,0,0
1904,1196,0,0
1905,505,0,0
1906,1886,0,0
1907,920,0,0
1908,754,0,0
1909,1262,0,0
1910,1080,0,0
1911,1916,3,0
1912,2996,1,0
1913,3033,1,0
1914,5828,0,0
1915,1196,3,0
1916,2211,439,0
1917,1,0,0
1918,1423,0,0
1919,1340,0,0
1920,2201,0,0
1921,500,0,0
1922,1780,0,0
1923,954,0,0
1924,600,0,0
1925,7150,1288,0
1926,1967,0,0
1927,597,626,0
1928,1338,0,0
1929,723,382,0
1930,1643,1,0
1931,979,0,0
1932,941,1,0
1933,1311,674,0
1934,444,0,0
1935,13,0,0
1936,566,0,0
1937,309,0,0
1938,12,0,0
1939,506,0,0
1940,84,0,0
1941,51,0,0
1942,1,0,0
1943,1937,0,0
1944,1806,0,0
1945,1,0,0
1946,1,0,0
1947,352,0,0
1949,2,0,0
1950,58,0,0
1951,2930,0,0
1952,59,0,0
1953,210,0,0
1954,300,0,0
1955,91,0,0
1956,533,0,0
1957,445,0,0
1958,16,0,0
1959,184,0,0
1961,340,0,0
1962,457,0,0
1963,1272,0,0
1964,8,0,0
1965,382,0,0
1966,17,0,0
1967,1262,0,0
1968,824,0,0
1969,21,0,0
1970,779,0,0
1971,1274,0,0
1972,256,246,0
1973,457,0,0
1974,875,2,0
1975,7,1009,0
1976,0,2576,0
1977,241,368,0
1978,1,688,0
1979,641,144,0
1980,145,129,0
1982,17,314,0
1983,5,0,0
1984,574,142,0
1985,1094,1427,0
1986,1078,1201,0
1987,1300,0,0
1988,1571,1006,0
1989,188,320,0
1990,1960,1169,0
1992,446,0,0
1993,186,98,0
1994,30,0,0
1995,1059,275,0
1996,94,1299,0
1997,862,0,0
1998,393,1316,0
1999,0,527,0
2000,453,81,0
2002,15,310,0
2003,0,2698,0
2004,485,822,0
2005,504,0,0
2006,281,0,0
2007,1649,413,0
2008,0,523,0
2009,186,2015,0
2010,276,78,0
2011,3,849,0
2012,317,2691,0
2013,0,3993,0
2014,2032,1912,0
2015,158,1224,0
2016,0,1226,0
2017,1,534,0
2019,161,0,0
2020,978,0,0
2021,292,0,0
2022,1250,0,0
2023,1939,1,0
2024,2242,0,0
2025,1317,0,0
2026,469,0,0
2027,376,0,0
2028,832,324,0
2029,1569,0,0
2030,2627,0,0
2031,810,0,0
2032,527,0,0
2033,712,0,0
2034,1179,2,0
2035,1171,813,0
2036,1003,178,0
2037,1,507,0
2038,0,235,0
2040,533,46,0
2041,304,350,0
2042,2371,0,0
2043,507,0,0
2044,502,250,0
2045,473,0,0
2046,804,0,0
2048,0,2468,0
2049,341,374,0
2050,350,837,0
2051,258,497,0
2052,1123,102,0
2053,1497,81,0
2054,1129,1296,0
2055,2030,655,0
2056,0,127,0
2057,1923,1120,0
2058,1072,230,0
2059,316,1172,0
2060,508,930,0
2061,166,0,0
2062,2583,0,0
2063,724,0,0
2064,2007,0,0
2065,19,0,0
2066,8,0,0
2067,33,0,0
2068,138,8,0
2069,190,0,0
2070,442,224,0
2071,351,0,0
2072,1,0,0
2073,2509,0,0
2074,5330,0,0
2075,6,0,0
2076,5,0,0
2077,2220,0,0
2078,30,0,0
2079,272,0,0
2080,1342,0,0
2081,3242,0,0
2082,1312,0,0
2083,1114,2,0
2084,1049,0,0
2085,2373,0,0
2086,1447,0,0
2087,1811,0,0
2088,5,0,0
2089,1627,0,0
2090,2042,0,0
2091,671,0,0
2092,1766,2,0
2093,428,0,0
2094,2391,0,0
2095,275,0,0
2096,367,0,0
2097,528,0,0
2098,393,0,0
2099,766,0,0
2100,1654,2,0
2101,117,0,0
2102,2382,0,0
2103,847,0,0
2104,786,0,0
2105,521,2,0
2106,395,0,0
2107,715,0,0
2108,452,0,0
2109,935,0,0
2110,1309,0,0
2111,169,0,0
2112,741,0,0
2113,846,0,0
2114,2298,376,0
2115,0,308,0
2116,501,0,0
2117,670,30,0
2118,441,530,0
2119,2578,0,0
2120,87,220,0
2121,531,0,0
2122,1118,1606,0
2123,527,547,0
2124,1841,634,0
2125,710,161,0
2126,322,914,0
2127,144,3016,136
2128,854,1650,0
2129,1130,165,0
2130,1501,0,0
2131,150,0,0
2132,1845,0,0
2133,1932,0,0
2134,2110,0,0
2135,2182,366,0
2136,946,1178,0
2137,2360,285,0
2138,402,0,0
2139,10,0,0
2140,310,284,0
2141,83,0,0
2142,200,0,0
2143,118,1098,0
2144,161,657,0
2145,170,1221,0
2146,1,404,0
2147,421,258,0
2148,764,1120,0
2149,19,1261,0
2150,782,746,0
2151,17,1717,0
2152,944,1893,0
2153,1737,1512,0
2154,877,852,0
2155,154,3732,0
2156,1825,865,0
2157,1441,1,0
2158,1,696,0
2159,2570,1195,0
2160,1560,1142,0
2161,920,860,0
2162,846,598,0
2163,1259,641,0
2164,0,1152,0
2165,167,0,0
2166,77,1374,0
2167,831,0,0
2168,1859,0,0
2169,1172,0,0
2170,558,1294,0
2171,832,6,0
2172,53,2683,0
2173,491,606,0
2174,984,1162,0
2175,4,1873,0
2176,0,1259,0
2177,629,0,0
2178,389,1986,0
2179,565,451,0
2180,762,744,0
2181,1613,1345,0
2182,940,78,0
2183,1737,1657,0
2184,2623,1039,0
2185,772,305,0
2186,761,109,0
2187,2582,2125,0
2188,35,485,0
2189,7,144,0
2190,181,59,0
2191,106,487,0
2192,126,0,0
2193,98,153,0
2194,203,8,0
2195,996,0,0
2196,364,4,0
2197,441,1128,0
2198,0,1466,0
2199,10,1358,0
2200,309,819,0
2201,684,876,0
2202,305,3532,0
2203,183,404,0
2204,360,519,0
2205,33,709,0
2206,201,194,0
2207,964,0,0
2208,69,508,0
2209,1062,385,0
2210,1413,1399,0
2211,717,631,0
2212,135,1952,0
2213,1949,343,0
2214,2616,0,0
2215,1574,21,0
2216,750,6,0
2217,697,42,0
2218,168,639,0
2219,1337,0,0
2220,1835,0,0
2221,90,1862,0
2222,1,0,0
2223,1781,1243,0
2224,3814,0,0
2225,2632,138,0
2226,1606,330,0
2227,766,454,0
2228,1169,384,0
2229,560,0,0
2230,2252,0,0
2231,223,0,0
2232,2082,346,0
2233,2034,617,0
2234,742,30,0
2235,22,432,0
2236,3446,0,0
2237,48,247,0
2238,863,3,0
2239,500,485,0
2240,3100,1096,0
2241,668,2,0
2242,1733,396,0
2243,1211,855,0
2244,574,0,0
2245,3349,648,0
2246,636,0,0
2247,2337,77,0
2248,4026,593,0
2249,3141,510,0
2250,2866,399,0
2251,103,469,0
2252,3824,1414,0
2253,2170,308,0
2254,612,268,0
2255,1687,652,0
2256,1844,401,0
2257,1079,12,0
2258,534,0,0
2259,219,757,0
2260,1039,231,0
2261,148,2095,0
2262,848,0,0
2263,466,241,0
2264,744,1624,0
2265,730,0,0
2266,2115,81,0
2267,602,1361,0
2268,0,560,0
2269,201,578,0
2270,891,359,0
2271,594,0,0
2272,1619,510,0
2273,42,289,0
2274,3,701,0
2275,0,0,0
2277,156,304,0
2278,175,0,0
2279,11,0,0
2280,228,4,0
2281,9,0,0
2282,352,0,0
2283,20,128,0
2284,531,443,0
2285,14,358,0
2286,288,2,0
2287,56,2,0
2288,2,0,0
2289,629,54,0
2290,9,0,0
2291,13,0,0
2292,14,2,0
2296,29,0,0
2298,2,0,0
2301,3,0,0
2302,2,0,0
2303,226,165,216
2304,750,7,0
2305,5,0,0
2306,14,1117,0
2307,680,2484,0
2308,1097,140,0
2309,530,10,0
2310,948,376,0
2311,579,0,0
2312,3735,384,0
2313,2566,0,0
2314,1692,553,0
2315,420,475,0
2316,210,0,0
2317,1934,899,0
2318,1894,2,0
2320,835,208,0
2321,1765,0,0
2322,1757,171,0
2323,1108,451,0
2324,369,2001,0
2326,160,2147,0
2327,380,99,0
2328,399,147,0
2329,29,216,0
2330,25,0,0
2331,487,0,0
2332,89,81,0
2333,2,0,0
2334,152,0,0
2335,398,914,0
2336,60,1131,0
2337,969,845,0
2338,447,0,0
2339,59,0,0
2340,13,295,0
2341,1181,390,0
2343,2539,285,246
2344,43,795,0
2345,1040,0,0
2346,1606,89,0
2347,1132,1081,0
2348,3150,204,0
2349,1380,0,0
2350,4456,0,0
2351,1880,0,0
2352,1141,208,0
2353,1403,0,0
2354,1457,1,0
2355,2910,0,0
2356,5,0,0
2357,263,314,0
2358,4,0,0
2359,923,0,0
2360,1434,502,0
2361,909,0,0
2362,1265,0,0
2363,19,0,0
2364,467,0,0
2365,294,6,0
2366,0,1001,0
2368,171,31,0
2370,7,408,0
2371,280,328,1
2372,0,839,0
2373,647,659,0
2374,207,166,0
2375,124,0,0
2376,381,198,0
2377,943,0,0
2378,59,0,0
2379,90,237,0
2380,45,0,0
2381,1301,0,0
2382,1550,519,0
2383,1011,1,0
2385,503,236,0
2386,586,0,0
2387,1304,116,0
2388,1,0,0
2390,1185,0,0
2391,798,256,0
2392,1895,522,0
2393,1109,288,0
2394,2555,0,0
2395,2740,452,0
2396,1105,0,0
2397,2563,308,0
2398,1060,134,0
2399,2417,0,0
2400,3495,1017,0
2401,160,238,0
2403,191,2,0
2404,482,0,0
2405,212,0,0
2406,1771,0,0
2407,767,0,0
2408,2298,1,0
2409,1212,0,0
2410,149,0,0
2411,328,0,0
2412,3290,204,0
2413,1991,418,0
2415,2477,249,0
2416,77,0,0
2417,364,0,0
2418,0,15,0
2419,2596,330,0
2420,1877,1,0
2421,1682,0,0
2422,396,0,0
2423,3267,62,0
2424,1214,0,0
2425,1127,1014,0
2426,1835,0,0
2427,980,0,0
2428,1551,153,0
2429,777,923,0
2430,1778,1,0
2431,905,0,0
2432,197,0,0
2433,498,0,0
2434,127,5,0
2435,196,0,0
2436,895,0,0
2437,913,0,0
2438,2411,46,0
2439,807,0,0
2440,254,4,0
2441,468,0,0
2442,1475,2,0
2443,2838,4,0
2444,5227,0,0
2445,1138,0,0
2446,678,0,0
2447,1167,0,0
2448,81,11,0
2449,127,1,0
2450,1694,0,0
2451,2118,0,0
2452,1551,0,0
2453,768,0,0
2454,3382,4,0
2455,0,0,0
2457,270,0,0
2458,803,91,0
2459,447,0,0
2460,12,1,0
2461,1709,78,0
2462,272,0,0
2463,1371,0,0
2464,292,4,0
2465,678,0,0
2466,2,0,0
2467,467,0,0
2468,28,0,0
2469,752,0,0
2470,926,8,0
2471,93,0,0
2472,52,0,0
2473,9,0,0
2474,586,622,0
2475,776,1244,0
2476,34,0,0
2477,447,16,0
2478,1748,0,0
2479,1087,0,0
2480,1662,60,0
2481,1792,242,0
2482,1274,24,0
2483,793,54,0
2485,184,0,0
2486,265,282,0
2491,610,42,0
2492,128,19,0
2493,30,2,0
2494,17,6,0
2495,409,0,0
2496,2,0,0
2497,102,0,0
2498,1656,91,0
2499,204,0,0
2500,78,10,0
2501,54,0,0
2502,255,9,0
2503,244,104,0
2504,373,0,0
2505,1151,0,0
2506,1799,0,0
2507,230,0,0
2508,839,0,0
2509,2457,0,0
2510,2282,0,0
2511,3169,0,0
2512,54,0,0
2513,453,1,0
2514,1108,19,0
2515,781,3,0
2516,3412,24,0
2517,1566,28,0
2518,710,10,0
2519,508,0,0
2520,418,0,0
2521,1151,19,0
2522,1016,315,0
2523,415,21,0
2524,419,89,80
2525,590,0,32
2526,1011,681,0
2527,1309,0,0
2528,1859,1000,0
2529,1221,0,0
2530,1578,911,0
2531,1077,0,0
2532,1420,0,0
2533,2,0,0
2534,297,1053,0
2535,103,1664,0
2536,1152,712,0
2537,42,518,0
2538,257,118,0
2539,581,0,0
2540,323,0,0
2541,504,265,0
2542,739,0,0
2543,30,0,0
2544,69,0,0
2545,774,776,0
2546,97,396,0
2547,531,3754,0
2550,34,2,0
2551,194,27,0
2552,2,0,0
2553,196,12,0
2554,50,18,0
2555,34,2,0
2556,128,23,0
2557,11,0,0
2559,0,301,0
2560,6,100,0
2562,0,44,0
2563,242,66,0
2564,74,0,0
2565,98,6,0
2566,153,77,0
2567,540,90,0
2568,240,0,0
2569,88,135,0
2570,1328,1685,0
2571,502,2129,0
2572,62,1213,0
2573,327,1072,0
2574,642,769,0
2575,293,1576,0
2576,599,322,0
2577,109,638,0
2578,264,2249,0
2579,170,0,0
2580,1462,1567,0
2581,757,562,0
2582,425,632,0
2583,480,202,0
2584,485,233,0
2585,6,124,0
2586,140,0,0
2587,261,3,0
2588,94,356,0
2589,33,0,0
2590,20,0,0
2591,20,0,0
2592,186,28,0
2593,732,780,0
2594,12,0,0
2595,76,4,0
2596,362,93,0
2597,220,8,0
2598,649,46,0
2599,300,32,0
2600,629,8,0
2602,246,14,0
2603,46,20,0
2604,220,22,0
2605,89,20,0
2606,168,2,0
2608,1532,12,0
2609,1113,130,0
2611,79,148,0
2612,50,0,0
2613,445,32,0
2614,0,298,0
2615,141,0,0
2616,155,0,0
2617,508,0,0
2618,502,0,0
2620,408,76,0
2621,834,0,0
2622,24,369,0
2623,879,0,0
2624,656,25,0
2625,450,94,0
2626,617,280,0
2627,1184,1,0
2628,434,0,0
2629,947,0,0
2630,138,0,0
2632,85,0,0
2634,1104,60,0
2635,1045,0,0
2636,287,0,0
2637,1461,653,0
2649,2,0,0
2650,330,8,0
2652,1287,198,0
2653,392,0,0
2654,417,0,0
2655,420,0,0
2656,194,0,0
2657,257,0,0
2658,17,0,0
2660,36,0,0
2661,284,6,0
2662,140,4,0
2663,288,107,0
2664,13,0,0
2665,85,0,0
2666,262,63,0
2667,841,56,0
2668,74,0,0
2669,627,149,0
2670,1046,309,0
2671,90,248,0
2672,121,2,0
2673,701,331,0
2674,704,184,0
2675,1488,0,0
2676,1646,14,0
2683,1,0,0
2688,138,90,0
2689,798,56,0
2690,63,0,0
2691,1,0,0
2694,160,0,0
2695,492,10,0
2696,42,697,0
2697,1793,1229,0
2698,829,623,0
2699,3,46,0
2700,990,122,0
2701,895,832,0
2702,178,0,0
2703,107,6,0
2704,962,0,0
2705,7,398,0
2706,1,0,0
2707,962,7,0
2708,536,502,0
2709,26,698,0
2710,857,0,0
2712,425,200,0
2713,260,742,0
2714,1488,0,0
2715,36,207,0
2716,1039,0,0
2717,6,2,0
2718,502,259,0
2719,563,0,0
2720,670,0,0
2721,1390,0,0
2722,2500,1,0
2723,538,0,0
2724,1057,0,0
2725,2307,342,0
2726,350,292,0
2727,1515,354,0
2728,1866,553,0
2729,2185,0,0
2730,67,0,0
2731,781,328,0
2732,294,0,0
2733,99,763,0
2734,706,536,0
2735,0,824,0
2736,0,372,0
2737,366,0,0
2738,743,299,0
2739,689,0,0
2740,1658,1,0
2741,1112,0,0
2742,1993,76,0
2743,1483,0,0
2744,901,0,0
2745,2551,219,0
2746,1538,225,128
2747,600,108,0
2750,240,322,0
2751,994,0,0
2752,1026,806,0
2753,112,1137,0
2754,525,1468,0
2755,0,240,0
2756,93,820,0
2757,0,862,0
2760,733,1035,0
2761,10,1301,0
2763,2,0,0
2765,247,335,0
2766,1,0,0
2767,856,1714,0
2768,0,347,0
2769,0,360,0
2770,931,1853,0
2771,922,202,0
2772,1222,347,0
2773,283,0,0
2775,109,443,0
2777,335,420,0
2778,158,1197,0
2779,1246,1133,0
2780,884,141,0
2781,220,212,0
2782,2039,360,0
2783,755,320,408
2784,2,0,0
2785,631,0,0
2786,37,0,0
2787,326,0,0
2788,31,0,0
2789,88,0,0
2790,274,0,0
2791,98,0,0
2792,29,245,0
2793,41,0,0
2794,51,0,0
2795,143,0,0
2796,193,0,0
2797,297,0,0
2798,350,0,0
2799,23,0,0
2800,38,0,0
2801,144,0,0
2802,389,0,0
2803,27,0,0
2804,259,0,0
2805,281,0,0
2806,331,2,0
2807,5,0,0
2808,2,0,0
2809,11,0,0
2810,9,0,0
2811,194,0,0
2812,219,158,0
2813,372,0,0
2814,158,0,0
2815,236,0,0
2816,523,609,0
2817,507,0,0
2818,894,0,0
2819,153,0,0
2820,977,0,0
2821,698,0,0
2822,1367,0,0
2823,1927,828,0
2824,1261,0,0
2825,727,0,0
2826,308,0,0
2827,1823,2422,0
2828,875,0,0
2829,2727,362,0
2830,437,1136,0
2831,2460,0,0
2832,1216,0,0
2833,1,234,0
2834,1991,300,0
2835,488,1066,0
2836,1,382,0
2837,1,1028,0
2839,1510,0,0
2841,845,0,0
2842,114,0,0
2843,491,0,0
2844,81,96,0
2846,350,0,0
2847,602,0,0
2848,204,0,0
2849,157,25,0
2850,89,0,0
2851,2,0,0
2852,166,0,0
2853,676,0,0
2854,1092,0,0
2855,660,0,0
2856,113,0,0
2857,299,265,0
2858,203,0,0
2859,357,0,0
2860,244,0,0
2861,416,0,0
2862,500,0,0
2863,517,0,0
2864,758,0,0
2865,439,0,0
2866,775,2,0
2867,984,82,0
2868,1918,750,0
2869,1098,884,0
2870,6147,2821,0
2871,368,0,0
2872,110,501,0
2873,220,933,0
2874,1159,0,0
2875,640,0,0
2876,1561,0,0
2877,111,0,0
2878,177,1066,0
2879,87,0,0
2880,462,0,0
2881,1365,0,0
2882,32,958,0
2883,1416,404,0
2884,242,0,0
2885,26,305,0
2886,10,0,0
2887,242,0,0
2888,140,0,0
2889,155,0,0
2890,249,531,0
2891,227,127,0
2892,245,0,0
2893,1015,0,0
2894,792,0,0
2895,75,0,0
2896,454,2,0
2897,642,0,0
2898,638,298,0
2899,678,0,0
2900,6115,0,0
2901,2039,0,0
2902,2289,0,0
2903,173,0,0
2904,415,0,0
2905,184,1,0
2906,2987,0,0
2907,1255,0,0
2908,455,0,0
2909,41,0,0
2910,567,0,0
2911,7,0,0
2912,451,0,0
2914,1221,2110,0
2915,6986,1704,0
2916,348,0,0
2917,978,6,0
2918,2274,0,0
2919,614,0,0
2920,19,0,0
2921,709,0,0
2922,284,0,0
2923,22,0,0
2924,24,0,0
2925,121,0,0
2926,7,0,0
2927,177,0,0
2928,432,0,0
2929,396,0,0
2930,73,0,0
2931,1,0,0
2932,132,0,0
2933,100,579,0
2934,167,0,0
2935,59,0,0
2936,17,0,0
2937,82,0,0
2938,167,0,0
2939,12,0,0
2940,19,0,0
2941,4304,964,0
2942,1072,583,0
2943,818,589,0
2944,515,1300,0
2945,3888,0,0
2946,1428,0,0
2947,776,0,0
2948,859,0,0
2949,4129,0,0
2950,5036,1038,0
2951,143,0,0
2952,1064,0,0
2953,316,0,0
2954,23,0,0
2955,187,0,0
2956,910,0,0
2957,932,142,0
2958,598,0,0
2959,467,0,0
2960,139,0,0
2961,123,0,0
2962,216,0,0
2963,9,0,0
2964,53,0,0
2965,29,0,0
2966,127,0,0
2967,154,2,0
2968,260,4,0
2969,164,70,0
2970,60,0,0
2971,243,0,0
2972,335,0,0
2973,157,4,0
2974,165,12,0
2975,48,0,0
2976,175,0,0
2977,160,7,0
2978,135,0,0
2979,24,0,0
2980,325,115,0
2981,71,0,0
2982,270,0,0
2983,273,0,0
2984,171,55,0
2985,223,119,0
2986,26,2,0
2987,158,538,0
2988,448,39,0
2989,86,0,0
2990,42,0,0
2991,99,0,0
2992,177,45,0
2993,49,279,0
2994,343,0,0
2995,1159,0,0
2996,3372,0,0
2997,147,433,0
2998,41,0,0
2999,15,0,0
3000,1333,117,0
3001,692,0,0
3002,724,449,0
3003,366,0,0
3004,154,0,0
3005,311,0,0
3006,18,0,0
3007,278,0,0
3008,179,0,0
3009,58,0,0
3010,454,0,0
3011,386,0,0
3012,38,0,0
3014,315,0,0
3015,91,0,0
3016,46,0,0
3017,6,0,0
3018,2339,0,0
3020,5000,0,0
3021,2244,0,0
3022,814,0,0
3023,5093,0,0
3024,1196,0,0
3025,3470,0,0
3026,3281,0,0
3027,1491,0,0
3028,1737,0,0
3029,2486,0,0
3030,654,0,0
3031,1577,0,0
3032,2215,0,0
3033,1737,218,0
3034,2291,88,0
3035,1861,995,0
3036,1085,334,0
3037,1455,0,0
3038,1441,394,0
3039,85,2170,0
3040,894,419,0
3041,554,2561,0
3042,1524,0,0
3043,3406,0,0
3044,221,0,0
3045,282,0,0
3046,5811,0,0
3049,603,0,0
3050,1492,0,0
3051,889,0,0
3052,592,0,0
3053,1598,0,0
3054,1853,0,0
3055,1057,0,0
3056,1502,0,0
3057,3356,0,0
3058,5509,0,0
3059,1311,0,0
3060,904,0,0
3061,1631,0,0
3062,3275,0,0
3063,3797,195,0
3064,463,100,0
3065,3548,2244,0
3066,782,4119,0
3067,152,1466,0
3068,286,0,0
3069,124,0,0
3070,43,0,0
3071,378,0,0
3072,162,0,0
3073,26,0,0
3074,30,0,0
3075,13,0,0
3076,60,120,0
3077,493,0,0
3078,2,265,0
3079,222,0,0
3080,156,320,0
3081,202,159,0
3082,9,125,0
3083,445,0,0
3084,53,0,0
3085,296,0,0
3086,7,0,0
3087,144,12,0
3088,151,16,0
3089,82,0,0
3090,266,0,0
3091,172,2,0
3092,677,0,0
3093,72,0,0
3094,110,0,0
3095,227,137,0
3096,290,80,0
3097,39,0,0
3098,715,0,0
3099,72,0,0
3100,31,0,0
3101,60,0,0
3102,6,0,0
3103,13,0,0
3104,99,0,0
3105,386,0,0
3106,27,0,0
3107,6,0,0
3108,129,0,0
3109,20,0,0
3110,5,0,0
3111,54,0,0
3112,47,0,0
3113,200,0,0
3114,57,17,0
3115,4,0,0
3116,4,0,0
3117,1,0,0
3118,4,192,0
3119,231,0,0
3120,169,41,0
3121,158,0,0
3122,18,0,0
3123,56,0,0
3124,162,0,0
3125,4,0,0
3126,219,108,0
3127,120,0,0
3128,363,13,0
3129,98,0,0
3130,184,0,0
3131,261,0,0
3132,270,0,0
3133,520,0,0
3134,299,0,0
3135,23,0,0
3136,4,0,0
3137,130,0,0
3138,1859,0,0
3139,522,0,0
3140,376,307,0
3141,1311,0,0
3142,1450,0,0
3143,977,0,0
3144,831,0,0
3145,1,0,0
3146,24,0,0
3147,636,0,0
3148,325,1,0
3149,10,0,0
3150,265,0,0
3151,1332,0,0
3152,41,0,0
3153,26,0,0
3154,2919,0,0
3155,10,0,0
3156,436,0,0
3157,351,0,0
3158,3,0,0
3159,53,0,0
3160,61,92,0
3161,93,0,0
3162,1,0,0
3163,69,0,0
3164,15,0,0
3165,751,0,0
3166,91,0,0
3167,257,0,0
3168,2,0,0
3169,2048,0,0
3170,120,0,0
3171,63,0,0
3172,17,0,0
3173,42,0,0
3174,3,160,0
3175,232,0,0
3176,1,0,0
3177,5,0,0
3178,1159,0,0
3179,399,0,0
3180,289,0,0
3182,4,0,0
3184,11,0,0
3185,51,0,0
3186,201,0,0
3187,48,0,0
3188,2,0,0
3189,547,10,0
3190,1,0,0
3191,6,0,0
3192,406,0,0
3193,231,545,0
3194,2147,36,0
3195,370,344,0
3196,443,336,3
3197,842,0,0
3198,693,189,0
3200,207,488,0
3201,1224,1055,0
3203,1249,150,0
3204,346,0,0
3205,336,24,0
3206,390,0,0
3207,5,0,0
3208,274,0,0
3209,46,703,0
3210,1359,2,0
3211,526,0,0
3212,622,576,0
3213,934,476,0
3214,135,252,0
3215,162,2,0
3216,529,0,0
3217,85,0,0
3218,1680,824,0
3219,1972,0,0
3220,889,0,0
3221,485,0,0
3222,398,0,0
3223,544,678,0
3224,416,3,0
3225,87,0,0
3226,83,0,0
3227,252,2,0
3228,61,0,0
3229,13,0,0
3231,1045,69,0
3232,349,75,0
3233,431,6,0
3234,235,2,0
3235,861,0,0
3236,943,0,0
3237,647,3,0
3239,1212,0,0
3240,299,0,0
3241,516,0,0
3242,586,0,0
3243,3,0,0
3244,97,0,0
3245,113,0,0
3246,37,0,0
3247,12,0,0
3248,83,0,0
3249,118,0,0
3250,497,0,0
3251,629,0,0
3252,143,0,0
3253,324,0,0
3254,512,43,0
3255,139,220,0
3256,223,26,0
3257,1525,0,0
3258,25,0,0
3259,225,13,0
3260,80,0,0
3261,3,68,0
3262,13,0,0
3263,59,0,0
3264,52,0,0
3265,38,0,0
3266,222,0,0
3267,220,0,0
3268,223,0,0
3269,14,0,0
3270,130,0,0
3271,432,0,0
3272,131,0,0
3273,320,1,0
3274,206,0,0
3275,254,30,0
3276,269,0,0
3277,23,0,0
3278,292,121,0
3279,235,0,0
3280,192,83,0
3281,320,0,0
3282,876,0,0
3283,134,362,0
3284,703,0,0
3285,136,0,0
3286,415,0,0
3287,1135,96,1
3288,335,0,0
3289,339,0,0
3290,694,0,0
3291,234,0,0
3292,19,0,0
3293,54,0,0
3294,224,0,0
3295,202,84,0
3296,662,112,0
3297,232,0,0
3298,384,0,0
3299,762,160,0
3300,2,0,0
3301,57,0,0
3302,304,0,0
3303,991,0,0
3304,157,0,0
3305,852,0,0
3306,1248,0,0
3307,1,659,0
3308,1,0,0
3309,0,1320,0
3310,2,0,0
3314,202,1439,0
3315,21,0,0
3316,2,2,0
3317,15,0,0
3318,12,0,0
3319,19,0,0
3320,6,0,0
3321,446,1,0
3322,19,0,0
3323,622,0,0
3324,649,0,0
3325,438,0,0
3326,358,0,0
3327,131,0,0
3328,297,0,0
3329,805,0,0
3330,141,0,0
3331,156,0,0
3332,217,0,0
3333,298,240,0
3334,6,772,0
3335,10,132,0
3336,1591,148,0
3337,316,0,0
3338,2393,0,0
3339,673,0,0
3340,1406,0,0
3341,529,0,0
3342,2151,0,0
3343,978,0,0
3344,2164,0,0
3345,144,0,0
3346,1166,0,0
3347,857,0,0
3348,2465,0,0
3349,4363,0,0
3350,948,0,0
3351,765,0,0
3352,294,484,0
3353,392,0,0
3354,142,0,0
3355,1124,24,0
3356,3,0,0
3357,1002,0,0
3358,409,100,0
3359,858,0,0
3360,210,0,0
3361,2,0,0
3362,213,0,0
3363,1191,303,0
3364,661,0,0
3365,48,0,0
3366,1555,102,0
3367,308,0,0
3368,888,266,0
3369,188,0,0
3370,500,0,0
3371,367,0,0
3372,485,82,0
3373,1362,0,0
3374,129,268,0
3375,467,0,0
3376,295,0,0
3377,449,0,0
3378,292,0,0
3379,415,233,0
3380,7,0,0
3381,428,4,0
3382,1007,3,0
3383,237,0,0
3384,305,38,0
3385,665,0,0
3386,775,261,0
3387,978,0,0
3388,187,3,0
3389,844,0,0
3390,585,0,0
3391,659,0,0
3392,1734,0,0
3393,1070,281,0
3394,444,0,0
3395,466,0,0
3396,1,0,0
3397,1350,0,0
3398,764,0,0
3399,2164,0,0
3400,1534,0,0
3401,353,0,0
3402,628,0,0
3403,382,0,0
3404,340,0,0
3405,2662,0,0
3406,357,0,0
3407,2155,0,0
3409,607,0,0
3410,1888,0,0
3411,1579,0,0
3412,1038,0,0
3413,834,0,0
3414,312,0,0
3415,398,0,0
3416,500,0,0
3417,803,0,0
3418,257,0,0
3419,1260,2,0
3420,660,0,0
3421,1296,1,0
3422,333,0,0
3423,236,0,0
3424,669,0,0
3425,292,0,0
3426,597,0,0
3427,560,0,0
3428,617,0,0
3429,1131,216,0
3431,19,0,0
3432,634,82,0
3433,377,0,0
3434,588,0,0
3436,2,0,0
3437,40,0,0
3438,247,324,0
3439,1117,0,0
3440,206,317,0
3441,782,0,0
3442,476,0,0
3443,1,0,0
3444,959,0,0
3445,1695,0,0
3446,1203,0,0
3447,184,252,0
3449,1829,252,0
3450,989,6,0
3451,190,499,0
3452,1064,684,0
3453,158,1050,0
3454,198,34,0
3455,274,0,0
3456,884,61,0
3458,625,0,0
3459,781,0,0
3460,239,0,0
3461,79,0,0
3462,0,236,0
3463,41,439,0
3464,725,160,0
3465,0,441,0
3466,4,0,0
3467,202,0,0
3469,412,0,0
3470,697,0,0
3471,1011,0,0
3472,32,472,0
3473,621,22,0
3474,427,0,0
3475,264,0,0
3476,492,0,0
3477,0,294,0
3478,592,0,0
3479,380,0,0
3481,594,0,0
3482,108,1355,0
3483,116,0,0
3484,275,0,0
3485,1408,0,0
3486,747,0,0
3488,261,0,0
3489,1070,0,0
3490,739,0,0
3491,428,0,0
3492,824,0,0
3493,259,0,0
3494,25,72,0
3496,272,0,0
3498,232,0,0
3499,654,0,0
3500,226,106,0
3501,322,0,0
3502,96,0,0
3503,241,0,0
3504,211,0,0
3505,1882,0,0
3506,175,0,0
3507,262,0,0
3508,329,0,0
3510,355,0,0
3511,315,0,0
3512,921,0,0
3513,554,0,0
3514,263,0,0
3515,467,0,0
3516,85,851,0
3517,474,0,0
3518,530,0,0
3519,306,0,0
3520,434,0,0
3521,701,0,0
3522,1482,0,0
3523,3660,583,0
3524,3716,0,0
3525,1449,0,0
3526,48,312,0
3527,15,0,0
3528,981,160,0
3529,182,0,0
3530,1314,0,0
3531,547,0,0
3532,312,573,0
3533,2,0,0
3536,2,0,0
3537,2,0,0
3538,1,924,0
3539,669,294,0
3540,0,1609,0
3541,1,1175,0
3542,3818,0,0
3543,1706,0,0
3544,655,0,0
3545,1560,0,0
3546,1571,0,0
3547,1045,0,0
3548,57,0,0
3549,858,0,0
3550,628,0,0
3551,1095,0,0
3552,1910,0,0
3553,363,0,0
3554,1539,432,0
3555,861,0,0
3557,392,239,0
3558,2584,0,0
3559,242,347,0
3560,541,287,0
3561,509,0,0
3562,769,0,0
3563,223,0,0
3564,1300,37,0
3565,2156,0,0
3566,1763,0,0
3567,972,78,0
3568,422,0,0
3569,968,2,0
3570,432,0,0
3571,257,533,0
3572,16,0,0
3573,2175,0,0
3574,553,0,0
3575,1832,0,0
3576,1334,120,0
3577,196,240,0
3578,635,2,0
3579,478,0,0
3580,457,132,0
3581,604,0,0
3582,2444,0,0
3583,2096,0,0
3584,1890,0,0
3585,1779,0,0
3586,2606,0,0
3587,6944,143,0
3588,866,0,0
3589,1938,242,0
3590,622,342,0
3591,650,0,0
3592,1373,336,0
3593,337,0,0
3594,2759,997,0
3595,308,0,0
3596,710,0,0
3597,1137,0,0
3598,1658,0,0
3599,1871,640,0
3600,82,0,0
3601,1668,0,0
3602,632,0,0
3603,1658,442,0
3604,953,0,0
3605,117,0,0
3606,766,0,0
3607,1063,0,0
3608,3000,0,0
3609,2,0,0
3610,172,1,0
3611,935,0,0
3612,720,0,0
3613,147,205,0
3614,94,0,0
3615,3114,0,0
3616,638,0,0
3617,1440,0,0
3618,951,0,0
3619,546,0,0
3620,2140,0,0
3621,1511,160,0
3622,745,422,0
3623,243,0,0
3624,382,584,0
3625,855,300,0
3626,799,0,0
3627,482,0,0
3628,844,291,0
3629,1024,0,0
3630,1728,223,0
3631,771,0,0
3632,313,0,0
3633,713,0,0
3634,1410,336,0
3635,657,0,0
3636,1230,650,0
3638,1128,0,0
3639,339,0,0
3640,359,0,0
3641,254,0,0
3642,404,0,0
3643,888,386,0
3644,440,0,0
3645,1,489,0
3646,647,545,0
3648,1712,299,0
3649,302,260,0
3650,722,206,0
3651,326,0,0
3652,786,0,0
3653,520,228,0
3654,384,0,0
3655,458,318,0
3656,444,0,0
3657,640,0,0
3658,548,0,0
3659,720,0,0
3660,95,0,0
3661,1949,0,0
3662,2145,0,0
3663,37,0,0
3664,1364,0,0
3665,692,0,0
3666,182,0,0
3667,2087,0,0
3668,2840,0,0
3669,3329,0,0
3670,3857,325,0
3671,1841,0,0
3672,5451,380,0
3673,1382,0,0
3674,830,0,0
3675,1060,0,0
3676,1664,0,0
3677,621,0,0
3678,2356,0,0
3679,250,0,0
3680,1977,0,0
3681,830,0,0
3682,722,0,0
3683,907,0,0
3684,2123,0,0
3685,1154,0,0
3686,901,0,0
3687,1178,0,0
3688,92,0,0
3689,3520,0,0
3690,703,0,0
3691,713,0,0
3692,567,0,0
3693,1310,0,0
3694,24,0,0
3695,1820,0,0
3696,49,0,0
3697,6073,0,0
3698,6744,0,0
3699,61,5,0
3700,450,97,0
3701,158,2,0
3702,515,0,0
3703,1817,191,0
3704,2904,298,0
3705,1866,0,0
3706,654,252,0
3707,207,0,0
3708,636,0,0
3709,679,0,0
3710,678,229,0
3711,1046,2,0
3712,986,0,0
3713,2486,0,0
3714,3092,0,0
3715,306,116,0
3716,1200,0,0
3717,893,73,0
3718,1003,73,0
3719,11,0,0
3720,69,0,0
3721,289,0,0
3722,1740,3,0
3723,2193,202,0
3724,49,482,0
3725,433,509,0
3726,205,31,0
3727,17,193,0
3728,142,96,0
3729,29,0,0
3730,31,40,0
3731,4952,0,0
3732,4150,0,0
3733,230,0,0
3734,1566,0,0
3735,5144,0,0
3736,5392,0,0
3737,3079,0,0
3738,6157,0,0
3739,261,0,0
3741,3151,0,0
3742,593,0,0
3743,8579,0,0
3744,243,12,0
3745,929,214,0
3746,49,5,0
3747,478,22,0
3748,27,38,0
3749,906,0,0
3750,527,184,0
3752,188,0,0
3753,1970,0,0
3754,4537,1,0
3755,1334,226,0
3756,404,0,0
3757,736,445,0
3758,0,324,0
3759,6752,0,0
3760,6231,0,0
3761,2219,5,0
3762,1548,0,0
3763,846,0,0
3764,1779,0,0
3765,3001,0,0
3766,20352,0,0
3767,543,65,0
3768,350,38,0
3769,7,0,0
3770,77,112,0
3771,233,147,0
3772,117,22,0
3773,86,0,0
3774,547,0,0
3775,352,0,0
3776,270,261,0
3777,905,0,0
3778,208,251,0
3779,404,0,0
3780,294,0,0
3781,0,510,0
3782,642,213,0
3783,883,29,0
3785,20,0,0
3786,669,2,0
3787,550,8,0
3788,18,0,0
3789,9,0,0
3790,636,17,0
3791,91,0,0
3792,227,25,0
3793,317,106,0
3794,9,0,0
3795,29,0,0
3796,2081,0,0
3797,13,0,0
3798,478,0,0
3799,340,9,0
3800,124,2,0
3801,174,1,0
3802,1217,0,0
3803,155,0,0
3804,999,0,0
3805,305,0,0
3806,113,0,0
3807,3373,0,0
3808,5436,0,0
3809,1035,0,0
3810,4054,0,0
3811,23,0,0
3812,229,0,0
3813,47,0,0
3814,149,0,0
3815,186,0,0
3816,77,0,0
3817,421,0,0
3818,133,1,0
3819,115,0,0
3820,279,0,0
3821,295,0,0
3822,94,0,0
3823,25,0,0
3824,37,0,0
3825,109,0,0
3826,75,0,0
3827,326,0,0
3828,49,0,0
3829,291,3,0
3830,235,0,0
3831,41,0,0
3832,584,0,0
3833,149,0,0
3834,766,5,0
3835,246,0,0
3836,13,0,0
3837,91,0,0
3838,110,0,0
3839,3429,0,0
3840,6466,0,0
3841,432,1,0
3842,145,0,0
3843,49,0,0
3844,771,0,0
3845,217,0,0
3846,508,0,0
3847,274,0,0
3848,180,0,0
3849,3616,0,0
3850,140,0,0
3851,44,0,0
3852,106,0,0
3853,4,0,0
3854,458,0,0
3855,37,0,0
3856,869,0,0
3857,17,0,0
3858,524,0,0
3859,179,0,0
3860,60,0,0
3861,1265,0,0
3863,1,0,0
3864,149,0,0
3865,10,0,0
3866,804,0,0
3867,245,0,0
3868,1147,0,0
3869,903,4,0
3871,3,64,0
3872,3,0,0
3873,2,0,0
3874,105,0,0
3875,1082,0,0
3876,100,0,0
3877,107,0,0
3878,25,0,0
3879,51,0,0
3880,198,0,0
3881,11,0,0
3882,56,0,0
3883,4,0,0
3884,16,0,0
3885,47,0,0
3886,3,0,0
3887,205,0,0
3888,384,0,0
3889,271,0,0
3890,718,0,0
3891,1,0,0
3893,2,0,0
3895,366,0,0
3896,479,0,0
3897,2326,0,0
3899,9,0,0
3901,5,0,0
3902,1193,86,0
3903,10,0,0
3904,1,0,0
3906,34,0,0
3907,1091,0,0
3908,1041,0,0
3909,2,0,0
3910,41,0,0
3911,52,0,0
3912,1278,0,0
3913,53,0,0
3914,16,0,0
3915,97,0,0
3916,168,0,0
3917,35,0,0
3918,20,0,0
3919,131,0,0
3920,649,0,0
3921,3702,0,0
3922,182,0,0
3923,7,0,0
3924,210,76,0
3925,268,136,0
3927,317,0,0
3928,61,0,0
3929,152,0,0
3930,309,2,0
3931,1498,0,0
3932,3017,0,0
3933,941,0,0
3934,5,0,0
3935,34,0,0
3936,33,0,0
3937,80,0,0
3938,24,0,0
3939,1099,3,0
3940,52,0,0
3941,48,0,0
3942,34,0,0
3943,26,0,0
3944,19,0,0
3945,6,0,0
3946,239,249,0
3947,36,0,0
3948,41,0,0
3949,152,216,0
3950,37,0,0
3951,104,107,0
3952,487,2,0
3953,414,24,0
3954,274,0,0
3955,714,126,0
3956,18,0,0
3957,429,60,0
3958,419,8,0
3959,20,0,0
3960,8,0,0
3961,33,0,0
3962,23,0,0
3963,42,0,0
3964,20,0,0
3965,163,0,0
3966,104,0,0
3967,27,0,0
3968,14,0,0
3969,9,0,0
3970,74,0,0
3971,1,0,0
3972,38,0,0
3973,130,0,0
3974,84,0,0
3975,304,2,0
3976,10,0,0
3977,504,0,0
3978,108,0,0
3979,25,0,0
3980,104,0,0
3981,104,0,0
3982,35,0,0
3983,329,196,0
3984,211,28,0
3985,2,0,0
3987,128,0,0
3989,7,0,0
3990,23,0,0
3991,1,0,0
3992,52,0,0
3993,15,0,0
3994,62,0,0
3995,152,0,0
3996,107,0,0
3997,71,0,0
3998,153,0,0
3999,336,0,0
4000,577,4,0
4001,153,0,0
4002,89,0,0
4003,73,0,0
4004,330,4,0
4005,1007,0,0
4006,644,0,0
4007,162,0,0
4008,211,0,0
4009,1247,0,0
4010,86,0,0
4011,684,0,0
4012,2316,0,0
4013,2956,0,0
4014,425,0,0
4015,46,0,0
4017,95,0,0
4018,19,0,0
4019,337,0,0
4020,42,0,0
4021,17,0,0
4022,47,0,0
4023,80,0,0
4024,110,0,0
4025,50,0,0
4026,1328,0,0
4027,856,0,0
4028,52,0,0
4029,55,0,0
4030,46,0,0
4031,26,0,0
4032,69,0,0
4033,81,0,0
4034,9,0,0
4035,73,0,0
4036,109,0,0
4037,33,0,0
4038,5,0,0
4039,10,0,0
4040,45,0,0
4041,304,0,0
4042,49,0,0
4043,12,0,0
4044,401,2,0
4045,69,2,0
4046,54,0,0
4047,372,87,0
4048,13,119,0
4049,940,102,0
4050,20,23,0
4051,401,128,0
4052,905,2,0
4053,51,0,0
4054,4,0,0
4055,257,4,0
4056,29,0,0
4057,35,0,0
4058,32,0,0
4059,222,0,0
4060,35,0,0
4061,48,0,0
4062,9,0,0
4063,10,0,0
4064,15,0,0
4065,55,0,0
4066,65,0,0
4067,34,0,0
4068,8,0,0
4069,9,0,0
4070,7,0,0
4071,15,0,0
4072,39,0,0
4073,32,0,0
4074,14,0,0
4075,29,0,0
4076,31,0,0
4077,37,0,0
4078,31,0,0
4079,36,0,0
4080,2496,0,0
4081,3758,506,0
4082,1183,453,0
4083,510,0,0
4084,773,0,0
4085,128,1542,0
4086,847,868,0
4087,1305,390,0
4088,1294,0,0
4089,1396,0,0
4090,3013,0,0
4091,1927,0,0
4092,4177,1,0
4093,2394,0,0
4094,527,0,0
4095,1650,0,0
4096,1447,175,0
4097,1577,0,0
4098,5317,577,0
4099,1924,0,0
4100,5610,0,0
4101,4223,0,0
4102,2491,0,0
4103,9040,0,0
4104,311,959,0
4105,1934,649,0
4106,24,501,0
4107,386,271,0
4108,1273,298,0
4109,1937,1746,0
4110,1301,1829,0
4111,1328,0,0
4112,752,412,0
4113,1638,928,0
4114,2143,22,0
4115,243,321,0
4116,1633,340,0
4117,1364,264,0
4118,1720,310,0
4119,1471,0,0
4120,4354,828,0
4121,1514,91,0
4122,227,540,0
4123,1331,419,0
4124,1322,0,0
4125,547,357,0
4126,2150,2490,0
4127,1836,231,0
4128,513,0,0
4129,637,169,0
4130,385,0,0
4131,1173,369,0
4132,569,0,0
4133,1703,13,0
4134,879,381,0
4135,414,257,0
4136,577,0,0
4137,951,0,0
4138,1435,130,0
4139,1632,299,0
4140,1039,0,0
4141,1176,1060,0
4142,2,0,0
4143,215,0,0
4144,0,390,0
4145,33,3289,0
4146,1,400,0
4147,3931,0,0
4148,4175,0,0
4149,720,0,0
4150,5270,770,0
4151,1661,0,0
4152,2361,571,0
4153,1949,0,0
4154,1407,0,0
4155,3249,145,0
4156,3105,0,0
4157,5254,0,0
4158,2474,540,0
4159,1998,372,0
4160,371,2668,0
4161,223,0,0
4162,62,1109,0
4163,130,2,0
4164,1779,266,0
4165,275,0,0
4166,1405,0,0
4167,471,385,0
4168,2325,198,0
4169,1665,0,0
4170,2800,0,0
4171,57,697,0
4172,487,283,0
4173,773,657,0
4174,80,0,0
4175,1071,0,0
4176,2,1612,0
4177,800,366,0
4178,892,140,0
4179,27,126,0
4180,33,312,0
4181,569,0,0
4182,1040,0,0
4183,879,0,0
4184,1318,0,0
4185,383,0,0
4186,232,0,0
4187,1250,0,0
4188,1574,0,0
4189,720,116,0
4190,182,0,0
4191,967,0,0
4192,83,0,0
4193,88,0,0
4194,346,0,0
4195,38,0,0
4196,56,0,0
4197,1624,0,0
4198,2148,0,0
4199,1458,0,0
4200,5513,0,0
4201,1315,0,0
4202,2005,0,0
4203,2087,287,0
4204,4397,289,0
4205,2416,12,0
4206,1444,0,0
4207,4514,0,0
4208,2647,140,0
4209,2780,0,0
4210,2634,0,0
4211,8493,5,0
4212,1397,0,0
4213,2902,42,0
4214,2692,0,0
4215,2125,247,0
4216,1575,0,0
4217,3043,0,0
4218,2367,0,0
4219,963,0,0
4220,1911,0,0
4221,1047,0,0
4222,2456,0,0
4223,2986,0,0
4224,2176,411,0
4225,1373,0,0
4226,3360,2,0
4227,2546,0,0
4228,2944,1200,0
4229,4507,0,0
4230,140,152,0
4231,1056,0,0
4232,167,0,0
4233,294,0,0
4234,124,0,0
4235,2897,0,0
4236,788,0,0
4237,1199,0,0
4238,872,0,0
4239,465,0,0
4240,105,0,0
4241,571,0,0
4242,1321,0,0
4243,1527,0,0
4244,2638,0,0
4245,5669,38,0
4246,1984,20,0
4247,2980,168,0
4248,936,0,0
4249,3230,0,0
4250,6349,0,0
4251,5971,0,0
4252,4732,0,0
4253,1198,360,0
4254,1231,0,0
4255,688,0,0
4256,5370,0,0
4257,972,0,0
4258,873,80,0
4259,26,0,0
4260,82,0,0
4261,202,0,0
4262,65,0,0
4263,250,0,0
4264,98,0,0
4265,447,0,0
4266,573,0,0
4267,703,0,0
4268,422,0,0
4269,379,0,0
4270,65,0,0
4271,107,256,0
4272,285,0,0
4273,1237,55,0
4274,623,0,0
4275,162,0,0
4276,4708,114,0
4277,1307,144,0
4278,3322,0,0
4279,2793,547,0
4280,246,971,0
4281,223,496,0
4282,100,137,0
4283,21,0,0
4284,161,3,0
4285,771,622,0
4286,1030,1763,0
4287,3555,265,0
4288,1555,0,0
4289,1541,0,0
4290,414,1603,0
4291,250,582,0
4292,4075,1416,0
4293,6,822,0
4294,585,193,0
4295,431,614,0
4296,657,0,0
4297,1701,474,0
4298,225,338,0
4299,319,2021,0
4300,29,1468,0
4301,5,1171,0
4302,12,0,0
4303,79,53,0
4304,337,76,0
4305,3,33,0
4306,63,541,0
4307,836,1056,0
4308,121,923,0
4309,2,140,0
4310,32,466,0
4311,86,205,0
4312,39,1895,0
4313,55,0,0
4314,251,48,0
4315,455,12,0
4316,527,2,0
4317,202,149,0
4318,274,16,0
4319,107,0,0
4320,268,420,0
4321,77,0,0
4322,167,0,0
4323,661,0,0
4324,753,280,0
4325,426,0,0
4326,611,0,0
4327,120,0,0
4328,3702,0,0
4329,4164,0,0
4330,1199,0,0
4331,954,0,0
4332,2966,0,0
4333,2813,0,0
4334,3345,0,0
4335,3376,0,0
4336,62,0,0
4337,227,0,0
4338,118,0,0
4339,22,0,0
4340,2126,0,0
4341,540,0,0
4342,491,0,0
4343,2453,25,0
4344,99,0,0
4345,11,0,0
4346,937,0,0
4347,2894,0,0
4348,369,0,0
4349,1740,0,0
4350,253,0,0
4351,445,0,0
4352,406,0,0
4353,94,0,0
4354,240,0,0
4355,343,0,0
4356,36,6,0
4357,2120,235,0
4358,127,830,0
4359,29,0,0
4360,497,1339,0
4361,411,1855,0
4362,198,1293,0
4363,400,640,0
4364,502,281,0
4365,52,0,0
4366,35,317,0
4367,661,202,0
4368,102,403,0
4369,78,157,0
4370,588,89,0
4371,394,284,0
4372,1154,0,0
4373,855,0,0
4374,335,0,0
4375,472,0,0
4376,365,0,0
4377,468,0,0
4378,3435,0,0
4379,536,0,0
4380,394,0,0
4381,1711,0,0
4382,1241,174,0
4383,3229,3,0
4384,2344,44,0
4385,2866,21,0
4386,1857,129,0
4387,704,0,0
4388,1407,0,0
4389,4008,0,0
4390,973,316,0
4391,3062,11,0
4392,648,0,0
4393,85,0,0
4394,814,0,0
4395,791,0,0
4396,152,0,0
4397,331,0,0
4398,528,0,0
4399,1454,0,0
4400,599,0,0
4401,19,0,0
4402,360,0,0
4403,1849,15,0
4404,80,0,0
4405,1436,0,0
4406,6917,0,0
4407,1726,0,0
4408,1742,18,0
4409,263,30,0
4410,111,17,0
4411,46,0,0
4412,301,0,0
4413,112,0,0
4414,246,0,0
4415,68,0,0
4416,32,0,0
4417,202,0,0
4418,78,0,0
4419,337,0,0
4421,19,0,0
4422,129,0,0
4423,24,0,0
4424,55,0,0
4425,220,19,0
4426,179,2,0
4427,145,0,0
4429,101,0,0
4430,6,0,0
4431,672,202,0
4432,153,154,0
4433,377,0,0
4434,1155,0,0
4435,480,20,0
4437,151,0,0
4438,163,8,0
4439,929,0,0
4440,1346,0,0
4441,2807,0,0
4442,4015,0,0
4443,688,0,0
4444,597,0,0
4445,63,0,0
4446,61,0,0
4447,8536,0,0
4448,5,0,0
4449,3270,0,0
4450,1480,672,0
4451,400,0,0
4452,162,0,0
4453,320,0,0
4454,961,0,0
4455,99,0,0
4456,141,0,0
4457,468,0,0
4458,194,0,0
4459,60,0,0
4460,251,0,0
4461,450,0,0
4462,29,0,0
4463,191,0,0
4464,40,0,0
4465,350,0,0
4466,427,0,0
4467,320,0,0
4468,642,2,0
4469,26,0,0
4470,448,0,0
4471,357,0,0
4472,341,4,0
4473,2992,0,0
4474,8674,0,0
4475,740,0,0
4476,1623,0,0
4477,470,0,0
4478,30,0,0
4479,53,0,0
4480,50,0,0
4481,371,2,0
4482,775,0,0
4483,281,0,0
4484,741,0,0
4486,1,0,0
4487,155,0,0
4488,4,0,0
4489,148,0,0
4490,308,0,0
4491,10,0,0
4492,8,0,0
4493,116,0,0
4494,753,0,0
4495,60,0,0
4496,11,0,0
4497,66,0,0
4498,1021,2,0
4499,2498,0,0
4500,1648,860,0
4501,509,0,0
4503,1181,0,0
4504,209,0,0
4505,298,0,0
4506,195,0,0
4507,56,0,0
4508,188,0,0
4509,295,0,0
4510,365,0,0
4511,24,0,0
4512,205,0,0
4513,122,0,0
4514,483,17,0
4515,205,4,0
4516,57,0,0
4517,421,19,0
4519,231,0,0
4520,17,0,0
4521,26,0,0
4522,691,0,0
4523,581,74,0
4525,182,0,0
4526,615,16,0
4527,244,0,0
4528,70,0,0
4529,71,0,0
4530,69,0,0
4531,20,0,0
4532,328,8,0
4533,1518,213,0
4534,4,0,0
4535,64,0,0
4536,134,4,0
4537,392,0,0
4538,173,0,0
4539,2735,0,0
4540,6,0,0
4541,1,0,0
4542,33,144,0
4544,4,0,0
4545,18,54,0
4546,28,0,0
4547,2350,0,0
4548,3151,0,0
4549,901,0,0
4550,333,0,0
4551,1856,152,0
4552,587,0,0
4553,3195,0,0
4554,4792,240,0
4555,1160,0,0
4556,1500,4,0
4557,454,0,0
4558,2508,0,0
4559,4098,0,0
4560,256,0,0
4561,401,0,0
4562,55,0,0
4563,1,0,0
4564,6640,0,0
4565,292,0,0
4566,4,0,0
4567,1132,156,0
4568,951,0,0
4569,219,4,0
4571,139,0,0
4572,106,0,0
4573,166,0,0
4574,12,0,0
4575,113,0,0
4576,30,0,0
4577,6,0,0
4578,205,0,0
4579,16,0,0
4580,76,0,0
4581,63,0,0
4582,44,0,0
4583,67,0,0
4584,24,0,0
4585,6,0,0
4586,63,0,0
4587,7,0,0
4588,29,0,0
4589,49,0,0
4590,27,0,0
4591,32,0,0
4592,46,0,0
4593,242,0,0
4594,289,2,0
4595,174,0,0
4596,89,0,0
4600,2,0,0
4601,1,0,0
4602,1,0,0
4603,86,0,0
4604,112,4,0
4605,234,4,0
4606,119,52,0
4607,4,0,0
4608,172,8,0
4609,47,0,0
4610,3,0,0
4611,7,0,0
4612,11,0,0
4613,4,0,0
4614,8,0,0
4615,53,0,0
4616,33,0,0
4617,16,0,0
4618,237,28,0
4619,91,2,0
4620,211,4,0
4621,285,0,0
4622,63,0,0
4623,14,0,0
4624,45,0,0
4625,135,0,0
4626,143,0,0
4627,9,0,0
4628,1,0,0
4629,25,0,0
4632,35,0,0
4633,5,0,0
4634,2277,311,0
4635,1020,0,0
4636,824,277,0
4637,376,0,0
4638,1666,0,0
4639,576,87,0
4640,1522,0,0
4641,559,0,0
4642,1123,0,0
4643,3041,0,0
4644,2467,114,0
4645,574,0,0
4646,764,0,0
4647,1053,0,0
4648,286,0,0
4649,1400,0,0
4650,609,0,0
4651,2007,0,0
4652,1838.08041322314,0,0
4653,2932,0,0
4654,89.4640909090909,0,0
4655,1406.12247933884,0,0
4656,1158,0,0
4657,948,0,0
4658,1081,0,0
4659,1936,0,0
4660,1871,108,0
4661,422.921157024793,0,0
4662,197.00173553719,0,0
4663,858.493801652893,0,0
4664,1506.43070247934,0,0
4665,822.346694214876,162.174527526705,0
4666,572.931652892562,0,0
4667,365,0,0
4668,324.420289256198,0,0
4669,623.537603305785,0,0
4670,56.0280165289256,62.6583401807724,0
4671,581.968429752066,0,0
4672,44,392,0
4673,117,0,0
4674,258,164,0
4675,872,0,0
4676,417,352,0
4678,1355,746,0
4679,47,0,0
4680,793,745,0
4681,831,60,0
4682,875,128,0
4683,1008,658,0
4684,605,200,0
4685,694,0,0
4687,911,0,0
4688,1282,760,0
4689,189,704,0
4690,1162,244,0
4691,2266,0,0
4692,888,324,0
4693,311,0,0
4694,535,1490,0
4695,210,0,0
4696,517,206,0
4697,328,0,0
4698,1174,124,0
4699,2401,0,0
4700,305,342,0
4701,628,0,0
4702,422,0,0
4703,387,567,0
4704,391,284,0
4705,948,18,0
4706,271,771,0
4707,296,1232,0
4708,1947,776,0
4709,1203,428,0
4710,1154,0,0
4711,819,0,0
4712,212,33,0
4713,625,271,0
4714,1632,0,0
4715,1388,26,0
4716,21,0,0
4717,227,0,0
4718,345,0,0
4719,811,0,0
4720,502,0,0
4721,329,0,0
4722,387,0,0
4723,55,0,0
4724,1721,199,0
4725,298,3,0
4726,60,0,0
4727,147,214,0
4728,361,60,0
4729,478,810,0
4730,979,692,0
4731,576,632,0
4732,340,260,0
4733,938,0,0
4734,1465.76520661157,0,0
4735,752.763512396694,0,0
4736,212.364256198347,0,0
4737,1044.65140495868,0,0
4738,1861.57603305785,0,0
4739,641.611157024793,0,0
4740,1242.55681818182,0,0
4741,192.483347107438,0,0
4742,1341.96136363636,0,0
4743,295.502603305785,0,0
4744,567.509586776859,31.3291700903862,0
4745,684.987685950413,0,0
4746,253.029752066116,0,0
4747,2333.29578512397,70.6442070665571,0
4748,236.763553719008,0,0
4749,628.959669421488,0,0
4750,1983.57252066116,0,0
4751,318.998223140496,0,0
4752,443.705743801653,46.9937551355793,0
4753,137.359008264463,0,0
4754,455,0,0
4755,303.635702479339,0,0
4756,1,0,0
4757,792,398,0
4758,2593,0,0
4759,1969,0,0
4760,1100,0,0
4761,542,0,0
4762,1950,0,0
4763,58,0,0
4764,855,131,0
4765,14,0,0
4766,1240,0,0
4767,1155,0,0
4768,3220,0,0
4770,346,0,0
4771,310,0,0
4772,134,728,0
4773,330,92,0
4774,203,80,0
4775,184,297,0
4776,565,0,0
4777,1,0,0
4778,94,0,0
4779,1278,302,0
4780,965,421,0
4781,522,0,0
4782,378,0,0
4783,559,0,0
4784,715,171,0
4785,213,10,0
4786,860,0,0
4787,691,18,0
4788,126,457,0
4789,343,0,0
4790,777,439,0
4791,611,435,0
4792,0,84,0
4793,1412,0,0
4794,928,78,0
4795,451,0,0
4796,786,60,0
4797,518,0,0
4799,0,128,0
4800,451,0,0
4801,287,64,0
4802,786,0,0
4803,946,0,0
4804,638,0,0
4805,201,86,0
4806,467,65,0
4807,319,0,0
4809,1393,0,0
4810,1392,0,0
4811,166,0,0
4812,713,0,0
4813,264,0,0
4814,85,0,0
4815,237,0,0
4816,539,0,0
4817,145,0,0
4818,1486,0,0
4819,95,0,0
4820,143,0,0
4821,130,0,0
4822,362,0,0
4823,77,0,0
4824,231,0,0
4825,299,0,0
4826,245,0,0
4827,200,0,0
4828,405,0,0
4829,180,0,0
4830,295,0,0
4831,465,40,0
4832,145,0,0
4833,201,0,0
4834,62,0,0
4835,4,0,0
4836,128,0,0
4837,115,0,0
4838,89,0,0
4839,948,0,0
4840,164,0,0
4841,382,303,0
4842,428,0,0
4843,533,0,0
4844,157,170,0
4845,1236,22,0
4846,849,51,0
4847,168,17,0
4848,933,44,0
4849,1096,131,0
4850,242,5,0
4851,184,85,0
4852,1,0,0
4853,1274,0,0
4854,1021,1,0
4856,84,0,0
4860,36,0,0
4861,163,0,0
4862,7,0,0
4863,1,0,0
4864,450,0,0
4865,179,0,0
4866,1627,0,0
4867,1962,10,0
4868,4,0,0
4869,107,0,0
4870,107,0,0
4871,50,0,0
4872,174,0,0
4875,348,0,0
4876,8.8,0.8,0
4877,0,200.8,0
4878,124.8,384,0
4879,80,0,0
4880,176,0,0
4881,209.6,0,0
4882,134.4,0,0
4883,158.4,0,0
4884,8.8,0,0
4886,152.8,0,0
4887,98.4,0,0
4888,0,55.2,0
4889,55.2,0,0
4890,69.6,0,0
4891,32,0,0
4892,121.6,0,0
4893,41.6,0,0
4894,53.6,0,0
4895,292.8,0,0
4896,208,0,0
4897,318.4,0,0
4898,56.8,0,0
4899,0,198.4,0
4900,39.2,0,0
4901,1,0,0
4902,324,0,0
4903,73.6,0,0
4904,11.2,0,0
4906,54.4,0.8,0
4907,0,57.6,0
4908,0,18.4,0
4909,126,0,0
4910,5,108,0
4911,0,0,0
4912,120.8,0,0
4913,97.6,0,0
4914,116,0,0
4915,28.8,8,0
4916,37.6,16,0
4917,53.6,0,0
4918,92,0,0
4919,181.6,0,0
4920,179.2,0,0
4921,131.2,12,0
4922,140,9.6,0
4923,4,0,0
4924,0,0,0
4925,0.8,0,0
4926,0,0,0
4927,11.2,0,0
4928,0.8,0,0
4929,6.4,0.8,0
4930,11.2,0,0
4931,0,66.4,0
4933,9.6,0,0
4934,10.4,0,0
4935,13.6,0,0
4936,51.2,8,0
4937,104.8,0,0
4938,117.6,153.6,0
4939,131.2,0,0
4940,44,0,0
4941,28,0,0
4942,158.4,0,0
4943,62.4,0,0
4944,112,0,0
4945,71.2,0,0
4946,125.6,0,0
4947,356,0,0
4948,80,9.6,0
4949,112,0,0
4950,180.8,121.6,0
4951,229.6,7.2,0
4952,39.2,0,0
4953,56.8,0,0
4954,101.6,3.2,0
4955,152.8,0,0
4956,65.6,0,0
4957,91.2,0,0
4958,50.4,0,0
4959,289.6,0,0
4960,330.4,0,0
4961,304,48,0
4962,319.2,0,0
4963,200.8,0,0
4964,185.6,60,0
4965,255.2,0,0
4966,270.4,0,0
4967,200.8,0,0
4968,223.2,5.6,0
4969,113.6,0,0
4970,37.6,153.6,0
4971,61.6,0,0
4972,58.4,0,0
4973,68,0,0
4975,1,0,0
4978,16.8,46.4,0
4979,20,0,0
4982,4,0,0
4983,2.4,0,0
4984,10,199,0
4989,16,0,0
4994,686,0,0
4995,47,587,0
4996,32,145,0
4997,678,72,0
4998,256.8,1.6,0
4999,0,262,0
5000,0,192,137.6
5001,0,189.6,0
5002,108.8,417.6,0
5003,0,163.2,0
5005,12.8,96,0
5006,24.8,0,0
5007,92,0,0
5008,161,0,0
5009,26,0,0
5010,54,0,0
5011,138.4,514.4,0
5012,140.8,151.2,0
5013,184.8,0,0
5014,182.4,1.6,0
5015,116.8,0,0
5017,480,0,0
5018,980,0,0
5019,66,0,0
5020,219,2,0
5021,4,0,0
5022,259,0,0
5023,51,0,0
5024,108,0,0
5025,646,0,0
5026,1253,20,0
5027,166,0,0
5028,431,0,0
5029,1933,0,0
5030,1371,0,0
5033,0,769,0
5035,0,1024,0
5036,0,372,0
5037,0,511,0
5038,0,411,0
5039,0,805,0
5040,0,1487,0
5041,66,0,0
5042,1,1426,0
5043,93,1518,0
5044,15,2306,0
5045,0,1093,0
5046,0,1340,0
5047,133,1783,0
5048,46,0,0
5049,0,686,0
5050,0,1988,0
5051,227,233,0
5052,99,30,0
5053,81,536,0
5054,0,899,0
5055,0,12,0
5056,0,705,0
5057,0,728,0
5058,0,1017,0
5060,0,448,0
5061,0,616,0
5063,49,1242,0
5064,0,507,0
5065,0,1684,0
5066,58,700,0
5067,305,749,0
5068,94,1060,0
5069,83,1379,0
5070,0,78,0
5071,0,1738,0
5072,31,48,0
5073,0,1151,0
5074,0,1755,0
5075,0,295,0
5076,0,228,0
5077,16,1619,0
5078,165,514,0
5079,0,1623,0
5080,0,386,0
5081,263,286,0
5083,0,937,0
5084,0,406,0
5085,0,1160,0
5086,0,381,0
5087,205,999,0
5088,78,453,0
5089,654,1215,0
5090,0,414,0
5103,0,190,0
5109,19,1629,0
5110,0,107,0
5111,0,124,0
5112,182,1020,0
5113,0,600,0
5117,0,734,0
5118,0,874,0
5119,0,402,0
5120,21,709,0
5123,212,1177,0
5124,5,801,0
5125,0,170,0
5126,67,8,0
5128,1,360,0
5129,21,18,0
5130,42,11,0
5131,6,0,0
5133,124,23,0
5134,0,201,0
5135,66,60,0
5136,124,46,0
5137,96,67,0
5138,77,15,0
5139,35,285,0
5140,113,59,0
5141,151,100,0
5142,80,91,0
5143,142,123,0
5144,129,120,0
5145,67,81,0
5146,122,638,0
5147,111,72,0
5148,184,8,0
5149,45,171,0
5151,0,0,0
5152,33,0,0
5153,11,3,0
5154,0,375,0
5155,0,52,0
5156,11,0,0
5157,0,29,0
5161,18,0,0
5163,0,80,0
5164,6,0,0
5165,8,336,0
5166,8,3,0
5167,37,0,0
5168,0,0,0
5169,146,14,0
5170,61,127,0
5171,95,30,0
5172,114,14,0
5173,60,31,0
5174,76,205,0
5175,192,0,0
5176,179,8,0
5177,11,0,0
5178,34,208,0
5180,10,1066,0
5181,2,0,0
5182,0,1200,0
5183,169,564,0
5186,442,0,0
5187,809,329,0
5188,1087,5255,0
5189,472,0,0
5192,260,0,0
5193,231,0,0
5195,34,562,0
5196,131,93,0
5197,13,2,0
5198,37,0,0
5199,44,0,0
5200,33,0,0
5201,339,3,0
5202,104,0,0
5203,101,0,0
5204,4,0,0
5205,4,0,0
5206,232,0,0
5207,89,0,0
5209,393,0,0
5210,219,0,0
5211,280,0,0
5212,1327,0,0
5214,173,0,0
5216,52,0,0
